framework,task,category,feature,mean_abs_shap,rank
auto-sklearn,age_regression,Anthropometric regression,F_V_PRO_1,0.25255692648887634,22
auto-sklearn,age_regression,Anthropometric regression,F_V_PRO_2,0.22085828698426463,33
auto-sklearn,age_regression,Anthropometric regression,F_V_PRO_3,0.14319023735324546,90
auto-sklearn,age_regression,Anthropometric regression,F_V_PRO_4,0.4840991160571575,4
auto-sklearn,age_regression,Anthropometric regression,F_V_PRO_5,0.3321259336347379,8
auto-sklearn,age_regression,Anthropometric regression,F_V_PRO_6,0.28509708565721936,15
auto-sklearn,age_regression,Anthropometric regression,F_V_PRO_7,0.1660705816447735,62
auto-sklearn,age_regression,Anthropometric regression,F_V_PRO_8,0.17471983210245798,53
auto-sklearn,age_regression,Anthropometric regression,F_V_PRO_9,0.1319597662786642,103
auto-sklearn,age_regression,Anthropometric regression,F_V_PRO_10,0.11690489181379474,125
auto-sklearn,age_regression,Anthropometric regression,F_V_PRO_11,0.08980980296681308,201
auto-sklearn,age_regression,Anthropometric regression,F_V_PRO_12,0.11117830693473417,136
auto-sklearn,age_regression,Anthropometric regression,F_V_PRO_13,0.11780029692749175,121
auto-sklearn,age_regression,Anthropometric regression,F_V_PRO_14,0.18302947781731702,46
auto-sklearn,age_regression,Anthropometric regression,F_V_PRO_15,0.10760589671631658,140
auto-sklearn,age_regression,Anthropometric regression,F_V_PRO_16,0.11740301059683152,122
auto-sklearn,age_regression,Anthropometric regression,F_V_PRO_17,0.14685828354706326,86
auto-sklearn,age_regression,Anthropometric regression,F_V_PRO_18,0.23806594913204507,26
auto-sklearn,age_regression,Anthropometric regression,F_V_PRO_19,0.12012087557216494,118
auto-sklearn,age_regression,Anthropometric regression,F_V_PRO_20,0.1475956828917066,84
auto-sklearn,age_regression,Anthropometric regression,F_V_PRO_21,0.21640989455084025,36
auto-sklearn,age_regression,Anthropometric regression,F_V_PRO_22,0.22606879822909842,30
auto-sklearn,age_regression,Anthropometric regression,F_V_PRO_23,0.17268821894874165,56
auto-sklearn,age_regression,Anthropometric regression,F_V_PRO_24,0.16205462342997426,68
auto-sklearn,age_regression,Anthropometric regression,F_V_PRO_25,0.1753297867824634,51
auto-sklearn,age_regression,Anthropometric regression,F_V_PRO_26,0.13528340281794435,101
auto-sklearn,age_regression,Anthropometric regression,F_V_PRO_27,0.09010983486473574,198
auto-sklearn,age_regression,Anthropometric regression,F_V_PRO_28,0.07719252799699691,238
auto-sklearn,age_regression,Anthropometric regression,F_V_PRO_29,0.054717606534560835,284
auto-sklearn,age_regression,Anthropometric regression,F_V_PRO_30,0.044969207609693265,294
auto-sklearn,age_regression,Anthropometric regression,F_V_PRO_31,0.049513355990251105,290
auto-sklearn,age_regression,Anthropometric regression,F_V_PRO_32,0.03472795157879614,300
auto-sklearn,age_regression,Anthropometric regression,F_V_PRO_33,0.041406202452878085,295
auto-sklearn,age_regression,Anthropometric regression,F_V_PRO_34,0.03991627628107839,297
auto-sklearn,age_regression,Anthropometric regression,F_V_PRO_35,0.034020493671298266,301
auto-sklearn,age_regression,Anthropometric regression,F_V_PRO_36,0.048863571961720885,291
auto-sklearn,age_regression,Anthropometric regression,F_V_PRO_37,0.0793626611530783,229
auto-sklearn,age_regression,Anthropometric regression,F_V_PRO_38,0.052162774225075974,286
auto-sklearn,age_regression,Anthropometric regression,F_V_PRO_39,0.12488135797282093,114
auto-sklearn,age_regression,Anthropometric regression,F_V_PRO_40,0.11881949145595214,120
auto-sklearn,age_regression,Anthropometric regression,F_V_PRO_41,0.08454505429913593,215
auto-sklearn,age_regression,Anthropometric regression,F_V_PRO_42,0.16779463998725036,59
auto-sklearn,age_regression,Anthropometric regression,F_V_PRO_43,0.28905976136525485,13
auto-sklearn,age_regression,Anthropometric regression,F_V_PRO_44,0.17167997440944158,57
auto-sklearn,age_regression,Anthropometric regression,F_V_PRO_45,0.23279489536583414,29
auto-sklearn,age_regression,Anthropometric regression,F_V_PRO_46,0.27393188784023115,16
auto-sklearn,age_regression,Anthropometric regression,F_V_PRO_47,0.2247868289252117,31
auto-sklearn,age_regression,Anthropometric regression,F_V_PRO_48,0.3075390172551074,11
auto-sklearn,age_regression,Anthropometric regression,F_V_PRO_49,0.21470408145089917,37
auto-sklearn,age_regression,Anthropometric regression,F_V_PRO_50,0.2113510600725811,39
auto-sklearn,age_regression,Anthropometric regression,F_V_PRO_51,0.25413065038621413,21
auto-sklearn,age_regression,Anthropometric regression,F_V_PRO_52,0.22402979130049552,32
auto-sklearn,age_regression,Anthropometric regression,F_V_PRO_53,0.2635560206025838,19
auto-sklearn,age_regression,Anthropometric regression,F_V_PRO_54,0.17829314871380741,50
auto-sklearn,age_regression,Anthropometric regression,F_V_PRO_55,0.16568483334283043,63
auto-sklearn,age_regression,Anthropometric regression,F_V_PRO_56,0.23695321435729622,27
auto-sklearn,age_regression,Anthropometric regression,F_V_PRO_57,0.2006173638353747,42
auto-sklearn,age_regression,Anthropometric regression,F_V_PRO_58,0.17383909725646188,54
auto-sklearn,age_regression,Anthropometric regression,F_V_PRO_59,0.13905023506035424,94
auto-sklearn,age_regression,Anthropometric regression,F_V_PRO_60,0.21650830815732486,35
auto-sklearn,age_regression,Anthropometric regression,F_V_PRO_61,0.14032819345345107,93
auto-sklearn,age_regression,Anthropometric regression,F_V_PRO_62,0.10082544519503939,156
auto-sklearn,age_regression,Anthropometric regression,F_V_PRO_63,0.1532716345613198,75
auto-sklearn,age_regression,Anthropometric regression,F_V_PRO_64,0.1449737959404788,89
auto-sklearn,age_regression,Anthropometric regression,F_V_PRO_65,0.061819411103924145,274
auto-sklearn,age_regression,Anthropometric regression,F_V_PRO_66,0.07899381403624979,230
auto-sklearn,age_regression,Anthropometric regression,F_V_PRO_67,0.10388942148784815,149
auto-sklearn,age_regression,Anthropometric regression,F_V_PRO_68,0.06435310894250854,271
auto-sklearn,age_regression,Anthropometric regression,F_V_PRO_69,0.08433337940275644,217
auto-sklearn,age_regression,Anthropometric regression,F_V_PRO_70,0.087035894791285,209
auto-sklearn,age_regression,Anthropometric regression,F_V_PRO_71,0.03944593502084418,298
auto-sklearn,age_regression,Anthropometric regression,F_V_PRO_72,0.03360497889916125,302
auto-sklearn,age_regression,Anthropometric regression,F_V_PRO_73,0.03938257221380865,299
auto-sklearn,age_regression,Anthropometric regression,F_V_PRO_74,0.027740281855066464,303
auto-sklearn,age_regression,Anthropometric regression,F_V_PRO_75,0.04041682897756491,296
auto-sklearn,age_regression,Anthropometric regression,F_V_PRO_76,0.046724661444624616,293
auto-sklearn,age_regression,Anthropometric regression,F_V_PRO_77,0.05135977514336527,288
auto-sklearn,age_regression,Anthropometric regression,F_V_PRO_78,0.07257264220217868,254
auto-sklearn,age_regression,Anthropometric regression,F_V_PRO_79,0.05768513563772035,281
auto-sklearn,age_regression,Anthropometric regression,F_V_PRO_80,0.07519610515236863,244
auto-sklearn,age_regression,Anthropometric regression,F_V_PRO_81,0.06691759435335781,266
auto-sklearn,age_regression,Anthropometric regression,F_V_PRO_82,0.09166025486588474,192
auto-sklearn,age_regression,Anthropometric regression,F_V_PRO_83,0.11390814469257957,132
auto-sklearn,age_regression,Anthropometric regression,F_V_PRO_84,0.09644014715651661,175
auto-sklearn,age_regression,Anthropometric regression,F_V_PRO_85,0.10992020901789275,138
auto-sklearn,age_regression,Anthropometric regression,F_V_PRO_86,0.1387220838541784,96
auto-sklearn,age_regression,Anthropometric regression,F_V_PRO_87,0.23417730185389488,28
auto-sklearn,age_regression,Anthropometric regression,F_V_PRO_88,0.2519737408161164,23
auto-sklearn,age_regression,Anthropometric regression,F_V_PRO_89,0.22038776770730836,34
auto-sklearn,age_regression,Anthropometric regression,F_V_PRO_90,0.13578259072204435,100
auto-sklearn,age_regression,Anthropometric regression,F_V_PRO_91,0.29612918927768883,12
auto-sklearn,age_regression,Anthropometric regression,F_V_PRO_92,0.3209939038828015,10
auto-sklearn,age_regression,Anthropometric regression,F_V_PRO_93,0.16670864171286445,60
auto-sklearn,age_regression,Anthropometric regression,F_V_PRO_94,0.13831930661698197,97
auto-sklearn,age_regression,Anthropometric regression,F_V_PRO_95,0.2871187043885388,14
auto-sklearn,age_regression,Anthropometric regression,F_V_PRO_96,0.16067317379266027,69
auto-sklearn,age_regression,Anthropometric regression,F_V_PRO_97,0.13037647095322638,105
auto-sklearn,age_regression,Anthropometric regression,F_V_PRO_98,0.2616552493721247,20
auto-sklearn,age_regression,Anthropometric regression,F_V_PRO_99,0.18721960876385382,43
auto-sklearn,age_regression,Anthropometric regression,F_V_PRO_100,0.17273105798910054,55
auto-sklearn,age_regression,Anthropometric regression,F_V_PRO_101,0.1493270915548003,80
auto-sklearn,age_regression,Anthropometric regression,F_AP_PRO_1,0.14758871935307946,85
auto-sklearn,age_regression,Anthropometric regression,F_AP_PRO_2,0.08255204554895551,223
auto-sklearn,age_regression,Anthropometric regression,F_AP_PRO_3,0.09003808006644257,199
auto-sklearn,age_regression,Anthropometric regression,F_AP_PRO_4,0.17506965944170935,52
auto-sklearn,age_regression,Anthropometric regression,F_AP_PRO_5,0.09776604646941056,168
auto-sklearn,age_regression,Anthropometric regression,F_AP_PRO_6,0.09454464585830777,182
auto-sklearn,age_regression,Anthropometric regression,F_AP_PRO_7,0.07495709482083714,246
auto-sklearn,age_regression,Anthropometric regression,F_AP_PRO_8,0.0855610266774893,213
auto-sklearn,age_regression,Anthropometric regression,F_AP_PRO_9,0.1489559092596172,81
auto-sklearn,age_regression,Anthropometric regression,F_AP_PRO_10,0.16265982042253035,66
auto-sklearn,age_regression,Anthropometric regression,F_AP_PRO_11,0.09829075624545401,165
auto-sklearn,age_regression,Anthropometric regression,F_AP_PRO_12,0.09669525561978413,174
auto-sklearn,age_regression,Anthropometric regression,F_AP_PRO_13,0.10374040889739966,150
auto-sklearn,age_regression,Anthropometric regression,F_AP_PRO_14,0.10619932315995276,142
auto-sklearn,age_regression,Anthropometric regression,F_AP_PRO_15,0.1363087386836608,99
auto-sklearn,age_regression,Anthropometric regression,F_AP_PRO_16,0.16640182190885142,61
auto-sklearn,age_regression,Anthropometric regression,F_AP_PRO_17,0.1327691960781813,102
auto-sklearn,age_regression,Anthropometric regression,F_AP_PRO_18,0.1514996469169854,78
auto-sklearn,age_regression,Anthropometric regression,F_AP_PRO_19,0.09917562245825955,162
auto-sklearn,age_regression,Anthropometric regression,F_AP_PRO_20,0.12364245079954479,115
auto-sklearn,age_regression,Anthropometric regression,F_AP_PRO_21,0.15078724492092915,79
auto-sklearn,age_regression,Anthropometric regression,F_AP_PRO_22,0.13725565688808755,98
auto-sklearn,age_regression,Anthropometric regression,F_AP_PRO_23,0.16355722605188697,65
auto-sklearn,age_regression,Anthropometric regression,F_AP_PRO_24,0.1565640015651781,74
auto-sklearn,age_regression,Anthropometric regression,F_AP_PRO_25,0.16551315938929717,64
auto-sklearn,age_regression,Anthropometric regression,F_AP_PRO_26,0.18399195433408,45
auto-sklearn,age_regression,Anthropometric regression,F_AP_PRO_27,0.12861130241552984,110
auto-sklearn,age_regression,Anthropometric regression,F_AP_PRO_28,0.15700756283601117,73
auto-sklearn,age_regression,Anthropometric regression,F_AP_PRO_29,0.10001916674027853,159
auto-sklearn,age_regression,Anthropometric regression,F_AP_PRO_30,0.10079146755983448,157
auto-sklearn,age_regression,Anthropometric regression,F_AP_PRO_31,0.12772905203451715,111
auto-sklearn,age_regression,Anthropometric regression,F_AP_PRO_32,0.11655973957975707,126
auto-sklearn,age_regression,Anthropometric regression,F_AP_PRO_33,0.06214603461821883,273
auto-sklearn,age_regression,Anthropometric regression,F_AP_PRO_34,0.06057293035090024,275
auto-sklearn,age_regression,Anthropometric regression,F_AP_PRO_35,0.09160978829860665,193
auto-sklearn,age_regression,Anthropometric regression,F_AP_PRO_36,0.12948472631474353,107
auto-sklearn,age_regression,Anthropometric regression,F_AP_PRO_37,0.09776619902004786,167
auto-sklearn,age_regression,Anthropometric regression,F_AP_PRO_38,0.0725047489777206,255
auto-sklearn,age_regression,Anthropometric regression,F_AP_PRO_39,0.059868508227169964,277
auto-sklearn,age_regression,Anthropometric regression,F_AP_PRO_40,0.10608528295159397,143
auto-sklearn,age_regression,Anthropometric regression,F_AP_PRO_41,0.08624406292289498,211
auto-sklearn,age_regression,Anthropometric regression,F_AP_PRO_42,0.10493329826494056,145
auto-sklearn,age_regression,Anthropometric regression,F_AP_PRO_43,0.09155465513716159,194
auto-sklearn,age_regression,Anthropometric regression,F_AP_PRO_44,0.08725980801383652,208
auto-sklearn,age_regression,Anthropometric regression,F_AP_PRO_45,0.08235168617715409,225
auto-sklearn,age_regression,Anthropometric regression,F_AP_PRO_46,0.08499364542961167,214
auto-sklearn,age_regression,Anthropometric regression,F_AP_PRO_47,0.07828480921934057,233
auto-sklearn,age_regression,Anthropometric regression,F_AP_PRO_48,0.11161744798223167,135
auto-sklearn,age_regression,Anthropometric regression,F_AP_PRO_49,0.12997258931646732,106
auto-sklearn,age_regression,Anthropometric regression,F_AP_PRO_50,0.09183544493218268,188
auto-sklearn,age_regression,Anthropometric regression,F_AP_PRO_51,0.08446919947117557,216
auto-sklearn,age_regression,Anthropometric regression,F_AP_PRO_52,0.08250656658907728,224
auto-sklearn,age_regression,Anthropometric regression,F_AP_PRO_53,0.08313000702857944,221
auto-sklearn,age_regression,Anthropometric regression,F_AP_PRO_54,0.07160541966060811,257
auto-sklearn,age_regression,Anthropometric regression,F_AP_PRO_55,0.07292331069211173,253
auto-sklearn,age_regression,Anthropometric regression,F_AP_PRO_56,0.06579802442093677,269
auto-sklearn,age_regression,Anthropometric regression,F_AP_PRO_57,0.06711060929795092,265
auto-sklearn,age_regression,Anthropometric regression,F_AP_PRO_58,0.05229082584877798,285
auto-sklearn,age_regression,Anthropometric regression,F_AP_PRO_59,0.07789734695851826,235
auto-sklearn,age_regression,Anthropometric regression,F_AP_PRO_60,0.09753092733025574,170
auto-sklearn,age_regression,Anthropometric regression,F_AP_PRO_61,0.06589341131846105,268
auto-sklearn,age_regression,Anthropometric regression,F_AP_PRO_62,0.09476575096448313,181
auto-sklearn,age_regression,Anthropometric regression,F_AP_PRO_63,0.08394813225418349,218
auto-sklearn,age_regression,Anthropometric regression,F_AP_PRO_64,0.1007393269638221,158
auto-sklearn,age_regression,Anthropometric regression,F_AP_PRO_65,0.1000003253569206,160
auto-sklearn,age_regression,Anthropometric regression,F_AP_PRO_66,0.09716118435561653,171
auto-sklearn,age_regression,Anthropometric regression,F_AP_PRO_67,0.07354608307282114,250
auto-sklearn,age_regression,Anthropometric regression,F_AP_PRO_68,0.07876288954913603,231
auto-sklearn,age_regression,Anthropometric regression,F_AP_PRO_69,0.05787475460022655,280
auto-sklearn,age_regression,Anthropometric regression,F_AP_PRO_70,0.06898953035722204,263
auto-sklearn,age_regression,Anthropometric regression,F_AP_PRO_71,0.06970835980276242,261
auto-sklearn,age_regression,Anthropometric regression,F_AP_PRO_72,0.04780056328823174,292
auto-sklearn,age_regression,Anthropometric regression,F_AP_PRO_73,0.05790439594785397,279
auto-sklearn,age_regression,Anthropometric regression,F_AP_PRO_74,0.06369938798248793,272
auto-sklearn,age_regression,Anthropometric regression,F_AP_PRO_75,0.11967861287792522,119
auto-sklearn,age_regression,Anthropometric regression,F_AP_PRO_76,0.07305543010185153,252
auto-sklearn,age_regression,Anthropometric regression,F_AP_PRO_77,0.09242686415215336,186
auto-sklearn,age_regression,Anthropometric regression,F_AP_PRO_78,0.07605685028433803,241
auto-sklearn,age_regression,Anthropometric regression,F_AP_PRO_79,0.10463897882401962,146
auto-sklearn,age_regression,Anthropometric regression,F_AP_PRO_80,0.1026110160301128,151
auto-sklearn,age_regression,Anthropometric regression,F_AP_PRO_81,0.10817676536242177,139
auto-sklearn,age_regression,Anthropometric regression,F_AP_PRO_82,0.09480785099665313,180
auto-sklearn,age_regression,Anthropometric regression,F_AP_PRO_83,0.16220518753429256,67
auto-sklearn,age_regression,Anthropometric regression,F_AP_PRO_84,0.14824250944207115,83
auto-sklearn,age_regression,Anthropometric regression,F_AP_PRO_85,0.1808963419646023,47
auto-sklearn,age_regression,Anthropometric regression,F_AP_PRO_86,0.15181823955972995,77
auto-sklearn,age_regression,Anthropometric regression,F_AP_PRO_87,0.26448662541310025,18
auto-sklearn,age_regression,Anthropometric regression,F_AP_PRO_88,0.24975212875008554,24
auto-sklearn,age_regression,Anthropometric regression,F_AP_PRO_89,0.2038642685761055,40
auto-sklearn,age_regression,Anthropometric regression,F_AP_PRO_90,0.32668568919350693,9
auto-sklearn,age_regression,Anthropometric regression,F_AP_PRO_91,0.7726223194946847,1
auto-sklearn,age_regression,Anthropometric regression,F_AP_PRO_92,0.34606317963202815,7
auto-sklearn,age_regression,Anthropometric regression,F_AP_PRO_93,0.7718195315748453,2
auto-sklearn,age_regression,Anthropometric regression,F_AP_PRO_94,0.36118745998541524,6
auto-sklearn,age_regression,Anthropometric regression,F_AP_PRO_95,0.243099403741459,25
auto-sklearn,age_regression,Anthropometric regression,F_AP_PRO_96,0.20068821481366933,41
auto-sklearn,age_regression,Anthropometric regression,F_AP_PRO_97,0.1868394058495761,44
auto-sklearn,age_regression,Anthropometric regression,F_AP_PRO_98,0.09603740217785042,176
auto-sklearn,age_regression,Anthropometric regression,F_AP_PRO_99,0.5436353771537548,3
auto-sklearn,age_regression,Anthropometric regression,F_AP_PRO_100,0.17892692478497832,48
auto-sklearn,age_regression,Anthropometric regression,F_AP_PRO_101,0.37890571475525714,5
auto-sklearn,age_regression,Anthropometric regression,F_ML_PRO_1,0.09965084978938119,161
auto-sklearn,age_regression,Anthropometric regression,F_ML_PRO_2,0.10643764732529716,141
auto-sklearn,age_regression,Anthropometric regression,F_ML_PRO_3,0.12693503475189177,112
auto-sklearn,age_regression,Anthropometric regression,F_ML_PRO_4,0.1173867740184067,123
auto-sklearn,age_regression,Anthropometric regression,F_ML_PRO_5,0.21234404972692378,38
auto-sklearn,age_regression,Anthropometric regression,F_ML_PRO_6,0.14552121342966984,88
auto-sklearn,age_regression,Anthropometric regression,F_ML_PRO_7,0.14854707780977083,82
auto-sklearn,age_regression,Anthropometric regression,F_ML_PRO_8,0.1691483630662163,58
auto-sklearn,age_regression,Anthropometric regression,F_ML_PRO_9,0.08938532598813378,202
auto-sklearn,age_regression,Anthropometric regression,F_ML_PRO_10,0.10166623025139186,152
auto-sklearn,age_regression,Anthropometric regression,F_ML_PRO_11,0.1784286547427376,49
auto-sklearn,age_regression,Anthropometric regression,F_ML_PRO_12,0.12943542968481772,108
auto-sklearn,age_regression,Anthropometric regression,F_ML_PRO_13,0.15901630759735924,71
auto-sklearn,age_regression,Anthropometric regression,F_ML_PRO_14,0.12928258650998276,109
auto-sklearn,age_regression,Anthropometric regression,F_ML_PRO_15,0.2651297424882651,17
auto-sklearn,age_regression,Anthropometric regression,F_ML_PRO_16,0.11412386021018014,131
auto-sklearn,age_regression,Anthropometric regression,F_ML_PRO_17,0.09779365698496528,166
auto-sklearn,age_regression,Anthropometric regression,F_ML_PRO_18,0.11467657903830197,130
auto-sklearn,age_regression,Anthropometric regression,F_ML_PRO_19,0.10546073229362557,144
auto-sklearn,age_regression,Anthropometric regression,F_ML_PRO_20,0.11360769937932513,133
auto-sklearn,age_regression,Anthropometric regression,F_ML_PRO_21,0.0780685084561507,234
auto-sklearn,age_regression,Anthropometric regression,F_ML_PRO_22,0.14281146690249458,91
auto-sklearn,age_regression,Anthropometric regression,F_ML_PRO_23,0.07585700907309872,242
auto-sklearn,age_regression,Anthropometric regression,F_ML_PRO_24,0.09835991190373897,164
auto-sklearn,age_regression,Anthropometric regression,F_ML_PRO_25,0.0710962357123695,258
auto-sklearn,age_regression,Anthropometric regression,F_ML_PRO_26,0.10420926862955102,147
auto-sklearn,age_regression,Anthropometric regression,F_ML_PRO_27,0.15252579509715267,76
auto-sklearn,age_regression,Anthropometric regression,F_ML_PRO_28,0.10137351230035226,154
auto-sklearn,age_regression,Anthropometric regression,F_ML_PRO_29,0.11568850952386883,128
auto-sklearn,age_regression,Anthropometric regression,F_ML_PRO_30,0.09700355941057198,173
auto-sklearn,age_regression,Anthropometric regression,F_ML_PRO_31,0.08109409000476203,228
auto-sklearn,age_regression,Anthropometric regression,F_ML_PRO_32,0.07551248289148026,243
auto-sklearn,age_regression,Anthropometric regression,F_ML_PRO_33,0.12525412209580367,113
auto-sklearn,age_regression,Anthropometric regression,F_ML_PRO_34,0.08321447616318878,219
auto-sklearn,age_regression,Anthropometric regression,F_ML_PRO_35,0.07348303763071702,251
auto-sklearn,age_regression,Anthropometric regression,F_ML_PRO_36,0.05165190699944849,287
auto-sklearn,age_regression,Anthropometric regression,F_ML_PRO_37,0.05936324019730073,278
auto-sklearn,age_regression,Anthropometric regression,F_ML_PRO_38,0.09197666398684182,187
auto-sklearn,age_regression,Anthropometric regression,F_ML_PRO_39,0.08285046814878812,222
auto-sklearn,age_regression,Anthropometric regression,F_ML_PRO_40,0.0811892855316401,227
auto-sklearn,age_regression,Anthropometric regression,F_ML_PRO_41,0.06873349277675136,264
auto-sklearn,age_regression,Anthropometric regression,F_ML_PRO_42,0.07431146998703468,247
auto-sklearn,age_regression,Anthropometric regression,F_ML_PRO_43,0.0906567846387624,196
auto-sklearn,age_regression,Anthropometric regression,F_ML_PRO_44,0.07769475585470638,237
auto-sklearn,age_regression,Anthropometric regression,F_ML_PRO_45,0.0902615820368131,197
auto-sklearn,age_regression,Anthropometric regression,F_ML_PRO_46,0.10130599908282344,155
auto-sklearn,age_regression,Anthropometric regression,F_ML_PRO_47,0.07619255321224508,240
auto-sklearn,age_regression,Anthropometric regression,F_ML_PRO_48,0.08562466744581863,212
auto-sklearn,age_regression,Anthropometric regression,F_ML_PRO_49,0.08996014050642659,200
auto-sklearn,age_regression,Anthropometric regression,F_ML_PRO_50,0.11177359069883822,134
auto-sklearn,age_regression,Anthropometric regression,F_ML_PRO_51,0.05998447805891433,276
auto-sklearn,age_regression,Anthropometric regression,F_ML_PRO_52,0.08315694000571974,220
auto-sklearn,age_regression,Anthropometric regression,F_ML_PRO_53,0.0918061190346877,189
auto-sklearn,age_regression,Anthropometric regression,F_ML_PRO_54,0.08791820547978073,206
auto-sklearn,age_regression,Anthropometric regression,F_ML_PRO_55,0.05728586540619549,282
auto-sklearn,age_regression,Anthropometric regression,F_ML_PRO_56,0.07086924708386265,259
auto-sklearn,age_regression,Anthropometric regression,F_ML_PRO_57,0.07388064670811119,248
auto-sklearn,age_regression,Anthropometric regression,F_ML_PRO_58,0.08872019282480063,204
auto-sklearn,age_regression,Anthropometric regression,F_ML_PRO_59,0.09178078882396244,190
auto-sklearn,age_regression,Anthropometric regression,F_ML_PRO_60,0.09154139671226307,195
auto-sklearn,age_regression,Anthropometric regression,F_ML_PRO_61,0.0720759201794861,256
auto-sklearn,age_regression,Anthropometric regression,F_ML_PRO_62,0.08686411786576093,210
auto-sklearn,age_regression,Anthropometric regression,F_ML_PRO_63,0.07012645877152691,260
auto-sklearn,age_regression,Anthropometric regression,F_ML_PRO_64,0.11715369899570938,124
auto-sklearn,age_regression,Anthropometric regression,F_ML_PRO_65,0.11008583800991338,137
auto-sklearn,age_regression,Anthropometric regression,F_ML_PRO_66,0.12217678688466554,117
auto-sklearn,age_regression,Anthropometric regression,F_ML_PRO_67,0.09377309709290677,184
auto-sklearn,age_regression,Anthropometric regression,F_ML_PRO_68,0.09771468212455516,169
auto-sklearn,age_regression,Anthropometric regression,F_ML_PRO_69,0.1303926230420668,104
auto-sklearn,age_regression,Anthropometric regression,F_ML_PRO_70,0.10409154026707039,148
auto-sklearn,age_regression,Anthropometric regression,F_ML_PRO_71,0.07386814828217023,249
auto-sklearn,age_regression,Anthropometric regression,F_ML_PRO_72,0.07502453426520024,245
auto-sklearn,age_regression,Anthropometric regression,F_ML_PRO_73,0.1573412169665101,72
auto-sklearn,age_regression,Anthropometric regression,F_ML_PRO_74,0.09491787160684666,179
auto-sklearn,age_regression,Anthropometric regression,F_ML_PRO_75,0.07780909560620776,236
auto-sklearn,age_regression,Anthropometric regression,F_ML_PRO_76,0.09173512096206361,191
auto-sklearn,age_regression,Anthropometric regression,F_ML_PRO_77,0.0939414762357871,183
auto-sklearn,age_regression,Anthropometric regression,F_ML_PRO_78,0.06902837009479583,262
auto-sklearn,age_regression,Anthropometric regression,F_ML_PRO_79,0.08149880502124648,226
auto-sklearn,age_regression,Anthropometric regression,F_ML_PRO_80,0.08758195186158044,207
auto-sklearn,age_regression,Anthropometric regression,F_ML_PRO_81,0.11581070024520189,127
auto-sklearn,age_regression,Anthropometric regression,F_ML_PRO_82,0.08890753016372509,203
auto-sklearn,age_regression,Anthropometric regression,F_ML_PRO_83,0.08838513626654934,205
auto-sklearn,age_regression,Anthropometric regression,F_ML_PRO_84,0.10141073731332995,153
auto-sklearn,age_regression,Anthropometric regression,F_ML_PRO_85,0.12231841548035559,116
auto-sklearn,age_regression,Anthropometric regression,F_ML_PRO_86,0.14190882316231743,92
auto-sklearn,age_regression,Anthropometric regression,F_ML_PRO_87,0.15935110827783763,70
auto-sklearn,age_regression,Anthropometric regression,F_ML_PRO_88,0.13902447419861938,95
auto-sklearn,age_regression,Anthropometric regression,F_ML_PRO_89,0.09575755803287027,177
auto-sklearn,age_regression,Anthropometric regression,F_ML_PRO_90,0.09707033359011022,172
auto-sklearn,age_regression,Anthropometric regression,F_ML_PRO_91,0.0513594116767243,289
auto-sklearn,age_regression,Anthropometric regression,F_ML_PRO_92,0.0657825573484106,270
auto-sklearn,age_regression,Anthropometric regression,F_ML_PRO_93,0.09904217192530626,163
auto-sklearn,age_regression,Anthropometric regression,F_ML_PRO_94,0.0787621292223534,232
auto-sklearn,age_regression,Anthropometric regression,F_ML_PRO_95,0.11538758421937606,129
auto-sklearn,age_regression,Anthropometric regression,F_ML_PRO_96,0.14607228098313,87
auto-sklearn,age_regression,Anthropometric regression,F_ML_PRO_97,0.0663656658728918,267
auto-sklearn,age_regression,Anthropometric regression,F_ML_PRO_98,0.056601769194006835,283
auto-sklearn,age_regression,Anthropometric regression,F_ML_PRO_99,0.09354233865191527,185
auto-sklearn,age_regression,Anthropometric regression,F_ML_PRO_100,0.07621428761879596,239
auto-sklearn,age_regression,Anthropometric regression,F_ML_PRO_101,0.09550656611224012,178
auto-sklearn,height_regression,Anthropometric regression,F_V_PRO_1,1.7246313169002534,1
auto-sklearn,height_regression,Anthropometric regression,F_V_PRO_2,0.10645731369654357,42
auto-sklearn,height_regression,Anthropometric regression,F_V_PRO_3,0.18901467553774437,15
auto-sklearn,height_regression,Anthropometric regression,F_V_PRO_4,0.31615778938929345,5
auto-sklearn,height_regression,Anthropometric regression,F_V_PRO_5,0.05798614343007292,81
auto-sklearn,height_regression,Anthropometric regression,F_V_PRO_6,0.18115513388315682,18
auto-sklearn,height_regression,Anthropometric regression,F_V_PRO_7,0.19016604876518006,14
auto-sklearn,height_regression,Anthropometric regression,F_V_PRO_8,0.11978488381703632,35
auto-sklearn,height_regression,Anthropometric regression,F_V_PRO_9,0.04333982125918112,111
auto-sklearn,height_regression,Anthropometric regression,F_V_PRO_10,0.04078119333584927,118
auto-sklearn,height_regression,Anthropometric regression,F_V_PRO_11,0.030808082898459096,145
auto-sklearn,height_regression,Anthropometric regression,F_V_PRO_12,0.04277050876617589,113
auto-sklearn,height_regression,Anthropometric regression,F_V_PRO_13,0.012134871800741109,236
auto-sklearn,height_regression,Anthropometric regression,F_V_PRO_14,0.0496811612447118,96
auto-sklearn,height_regression,Anthropometric regression,F_V_PRO_15,0.0248867816925042,166
auto-sklearn,height_regression,Anthropometric regression,F_V_PRO_16,0.028211901664735233,155
auto-sklearn,height_regression,Anthropometric regression,F_V_PRO_17,0.034034100850425374,135
auto-sklearn,height_regression,Anthropometric regression,F_V_PRO_18,0.0328311770757035,138
auto-sklearn,height_regression,Anthropometric regression,F_V_PRO_19,0.06300096638997511,76
auto-sklearn,height_regression,Anthropometric regression,F_V_PRO_20,0.14945300642649215,22
auto-sklearn,height_regression,Anthropometric regression,F_V_PRO_21,0.3263085406621267,4
auto-sklearn,height_regression,Anthropometric regression,F_V_PRO_22,0.22620850658416788,8
auto-sklearn,height_regression,Anthropometric regression,F_V_PRO_23,0.23566526444752992,7
auto-sklearn,height_regression,Anthropometric regression,F_V_PRO_24,0.2121279128392525,11
auto-sklearn,height_regression,Anthropometric regression,F_V_PRO_25,0.08767086474100647,53
auto-sklearn,height_regression,Anthropometric regression,F_V_PRO_26,0.057653363545733784,83
auto-sklearn,height_regression,Anthropometric regression,F_V_PRO_27,0.07622456455230804,61
auto-sklearn,height_regression,Anthropometric regression,F_V_PRO_28,0.10624661382039591,43
auto-sklearn,height_regression,Anthropometric regression,F_V_PRO_29,0.08961692015329988,51
auto-sklearn,height_regression,Anthropometric regression,F_V_PRO_30,0.059023721377054035,80
auto-sklearn,height_regression,Anthropometric regression,F_V_PRO_31,0.039483562151589054,121
auto-sklearn,height_regression,Anthropometric regression,F_V_PRO_32,0.04929639593760176,97
auto-sklearn,height_regression,Anthropometric regression,F_V_PRO_33,0.01283862098058061,231
auto-sklearn,height_regression,Anthropometric regression,F_V_PRO_34,0.017835645993549556,200
auto-sklearn,height_regression,Anthropometric regression,F_V_PRO_35,0.034451654434201374,132
auto-sklearn,height_regression,Anthropometric regression,F_V_PRO_36,0.019866609573368048,190
auto-sklearn,height_regression,Anthropometric regression,F_V_PRO_37,0.019847748120623027,191
auto-sklearn,height_regression,Anthropometric regression,F_V_PRO_38,0.028915910085039798,152
auto-sklearn,height_regression,Anthropometric regression,F_V_PRO_39,0.0952748212814337,46
auto-sklearn,height_regression,Anthropometric regression,F_V_PRO_40,0.06836436208089319,71
auto-sklearn,height_regression,Anthropometric regression,F_V_PRO_41,0.1149121894836417,38
auto-sklearn,height_regression,Anthropometric regression,F_V_PRO_42,0.07214020776748716,66
auto-sklearn,height_regression,Anthropometric regression,F_V_PRO_43,0.03260216458638373,140
auto-sklearn,height_regression,Anthropometric regression,F_V_PRO_44,0.04968169323602988,95
auto-sklearn,height_regression,Anthropometric regression,F_V_PRO_45,0.05121134686470109,91
auto-sklearn,height_regression,Anthropometric regression,F_V_PRO_46,0.06011635398864712,79
auto-sklearn,height_regression,Anthropometric regression,F_V_PRO_47,0.050452467759449844,93
auto-sklearn,height_regression,Anthropometric regression,F_V_PRO_48,0.053853115876516235,88
auto-sklearn,height_regression,Anthropometric regression,F_V_PRO_49,0.033539816061655375,136
auto-sklearn,height_regression,Anthropometric regression,F_V_PRO_50,0.06819019055366529,72
auto-sklearn,height_regression,Anthropometric regression,F_V_PRO_51,0.14317379172642858,27
auto-sklearn,height_regression,Anthropometric regression,F_V_PRO_52,0.11659215895335061,36
auto-sklearn,height_regression,Anthropometric regression,F_V_PRO_53,0.11575006127357691,37
auto-sklearn,height_regression,Anthropometric regression,F_V_PRO_54,0.07103075742721833,69
auto-sklearn,height_regression,Anthropometric regression,F_V_PRO_55,0.07381474320093796,63
auto-sklearn,height_regression,Anthropometric regression,F_V_PRO_56,0.023383620421094046,171
auto-sklearn,height_regression,Anthropometric regression,F_V_PRO_57,0.029864850123722895,148
auto-sklearn,height_regression,Anthropometric regression,F_V_PRO_58,0.0335023317337009,137
auto-sklearn,height_regression,Anthropometric regression,F_V_PRO_59,0.017862353006998434,199
auto-sklearn,height_regression,Anthropometric regression,F_V_PRO_60,0.02069568475087683,187
auto-sklearn,height_regression,Anthropometric regression,F_V_PRO_61,0.010728238105773375,252
auto-sklearn,height_regression,Anthropometric regression,F_V_PRO_62,0.014346333821616023,217
auto-sklearn,height_regression,Anthropometric regression,F_V_PRO_63,0.009556189537048473,261
auto-sklearn,height_regression,Anthropometric regression,F_V_PRO_64,0.025131692568458656,163
auto-sklearn,height_regression,Anthropometric regression,F_V_PRO_65,0.019558020273847395,193
auto-sklearn,height_regression,Anthropometric regression,F_V_PRO_66,0.024889724095661356,165
auto-sklearn,height_regression,Anthropometric regression,F_V_PRO_67,0.05736697959900094,85
auto-sklearn,height_regression,Anthropometric regression,F_V_PRO_68,0.025098681132001845,164
auto-sklearn,height_regression,Anthropometric regression,F_V_PRO_69,0.022633550326026843,177
auto-sklearn,height_regression,Anthropometric regression,F_V_PRO_70,0.019199889183044168,195
auto-sklearn,height_regression,Anthropometric regression,F_V_PRO_71,0.017226256370541173,203
auto-sklearn,height_regression,Anthropometric regression,F_V_PRO_72,0.030904168764749804,143
auto-sklearn,height_regression,Anthropometric regression,F_V_PRO_73,0.014379351933796632,216
auto-sklearn,height_regression,Anthropometric regression,F_V_PRO_74,0.01355467001596793,225
auto-sklearn,height_regression,Anthropometric regression,F_V_PRO_75,0.012572228431699273,233
auto-sklearn,height_regression,Anthropometric regression,F_V_PRO_76,0.0048831769625328056,300
auto-sklearn,height_regression,Anthropometric regression,F_V_PRO_77,0.0058240694999677585,292
auto-sklearn,height_regression,Anthropometric regression,F_V_PRO_78,0.023182944615680393,172
auto-sklearn,height_regression,Anthropometric regression,F_V_PRO_79,0.02109502689043836,183
auto-sklearn,height_regression,Anthropometric regression,F_V_PRO_80,0.027669615586600572,158
auto-sklearn,height_regression,Anthropometric regression,F_V_PRO_81,0.051036927620571264,92
auto-sklearn,height_regression,Anthropometric regression,F_V_PRO_82,0.04495188283920205,105
auto-sklearn,height_regression,Anthropometric regression,F_V_PRO_83,0.18202482525507832,16
auto-sklearn,height_regression,Anthropometric regression,F_V_PRO_84,0.17086394707361735,19
auto-sklearn,height_regression,Anthropometric regression,F_V_PRO_85,0.14600423431396478,23
auto-sklearn,height_regression,Anthropometric regression,F_V_PRO_86,0.09396240313847955,47
auto-sklearn,height_regression,Anthropometric regression,F_V_PRO_87,0.0972404317061129,45
auto-sklearn,height_regression,Anthropometric regression,F_V_PRO_88,0.08335562260945627,58
auto-sklearn,height_regression,Anthropometric regression,F_V_PRO_89,0.10898960240681958,40
auto-sklearn,height_regression,Anthropometric regression,F_V_PRO_90,0.019758491198223756,192
auto-sklearn,height_regression,Anthropometric regression,F_V_PRO_91,0.03272717189788636,139
auto-sklearn,height_regression,Anthropometric regression,F_V_PRO_92,0.21327340491613,10
auto-sklearn,height_regression,Anthropometric regression,F_V_PRO_93,0.1969591120084137,13
auto-sklearn,height_regression,Anthropometric regression,F_V_PRO_94,0.08302586555480787,59
auto-sklearn,height_regression,Anthropometric regression,F_V_PRO_95,0.032528279225031535,141
auto-sklearn,height_regression,Anthropometric regression,F_V_PRO_96,0.03790995383262299,124
auto-sklearn,height_regression,Anthropometric regression,F_V_PRO_97,0.03784378131230568,125
auto-sklearn,height_regression,Anthropometric regression,F_V_PRO_98,0.10415719421704826,44
auto-sklearn,height_regression,Anthropometric regression,F_V_PRO_99,0.048988553365074,98
auto-sklearn,height_regression,Anthropometric regression,F_V_PRO_100,0.15403820888201428,21
auto-sklearn,height_regression,Anthropometric regression,F_V_PRO_101,1.7234192718664805,2
auto-sklearn,height_regression,Anthropometric regression,F_AP_PRO_1,0.036027008215585944,128
auto-sklearn,height_regression,Anthropometric regression,F_AP_PRO_2,0.012326729615530023,235
auto-sklearn,height_regression,Anthropometric regression,F_AP_PRO_3,0.011966330925625357,240
auto-sklearn,height_regression,Anthropometric regression,F_AP_PRO_4,0.02209058610598239,181
auto-sklearn,height_regression,Anthropometric regression,F_AP_PRO_5,0.06611847829818487,74
auto-sklearn,height_regression,Anthropometric regression,F_AP_PRO_6,0.0497497351169585,94
auto-sklearn,height_regression,Anthropometric regression,F_AP_PRO_7,0.04725471719106054,101
auto-sklearn,height_regression,Anthropometric regression,F_AP_PRO_8,0.013579052050906171,223
auto-sklearn,height_regression,Anthropometric regression,F_AP_PRO_9,0.07105693880716994,68
auto-sklearn,height_regression,Anthropometric regression,F_AP_PRO_10,0.14059602570533844,28
auto-sklearn,height_regression,Anthropometric regression,F_AP_PRO_11,0.05549680089950707,87
auto-sklearn,height_regression,Anthropometric regression,F_AP_PRO_12,0.07376076730092554,64
auto-sklearn,height_regression,Anthropometric regression,F_AP_PRO_13,0.08521642605463456,55
auto-sklearn,height_regression,Anthropometric regression,F_AP_PRO_14,0.02830618834495387,154
auto-sklearn,height_regression,Anthropometric regression,F_AP_PRO_15,0.043459011475244815,110
auto-sklearn,height_regression,Anthropometric regression,F_AP_PRO_16,0.0661385729312902,73
auto-sklearn,height_regression,Anthropometric regression,F_AP_PRO_17,0.027080512603125346,162
auto-sklearn,height_regression,Anthropometric regression,F_AP_PRO_18,0.06237145932515536,77
auto-sklearn,height_regression,Anthropometric regression,F_AP_PRO_19,0.05563173341751053,86
auto-sklearn,height_regression,Anthropometric regression,F_AP_PRO_20,0.10735520331064757,41
auto-sklearn,height_regression,Anthropometric regression,F_AP_PRO_21,0.12463256080945513,34
auto-sklearn,height_regression,Anthropometric regression,F_AP_PRO_22,0.13154450758298425,32
auto-sklearn,height_regression,Anthropometric regression,F_AP_PRO_23,0.14388561026255456,26
auto-sklearn,height_regression,Anthropometric regression,F_AP_PRO_24,0.04792984048525331,99
auto-sklearn,height_regression,Anthropometric regression,F_AP_PRO_25,0.01929383571942604,194
auto-sklearn,height_regression,Anthropometric regression,F_AP_PRO_26,0.07099602111180776,70
auto-sklearn,height_regression,Anthropometric regression,F_AP_PRO_27,0.04527343368530173,104
auto-sklearn,height_regression,Anthropometric regression,F_AP_PRO_28,0.02879251162211176,153
auto-sklearn,height_regression,Anthropometric regression,F_AP_PRO_29,0.02914230092366523,151
auto-sklearn,height_regression,Anthropometric regression,F_AP_PRO_30,0.012958936055502098,230
auto-sklearn,height_regression,Anthropometric regression,F_AP_PRO_31,0.022658162752788275,174
auto-sklearn,height_regression,Anthropometric regression,F_AP_PRO_32,0.022460808753966905,179
auto-sklearn,height_regression,Anthropometric regression,F_AP_PRO_33,0.011521140098570963,241
auto-sklearn,height_regression,Anthropometric regression,F_AP_PRO_34,0.007040479977927324,280
auto-sklearn,height_regression,Anthropometric regression,F_AP_PRO_35,0.0073763656616208095,276
auto-sklearn,height_regression,Anthropometric regression,F_AP_PRO_36,0.0059972391128558416,290
auto-sklearn,height_regression,Anthropometric regression,F_AP_PRO_37,0.011990158398946467,239
auto-sklearn,height_regression,Anthropometric regression,F_AP_PRO_38,0.022824651718139913,173
auto-sklearn,height_regression,Anthropometric regression,F_AP_PRO_39,0.03437899303436277,133
auto-sklearn,height_regression,Anthropometric regression,F_AP_PRO_40,0.005631356239320458,294
auto-sklearn,height_regression,Anthropometric regression,F_AP_PRO_41,0.005478353818257157,295
auto-sklearn,height_regression,Anthropometric regression,F_AP_PRO_42,0.009497412999471067,262
auto-sklearn,height_regression,Anthropometric regression,F_AP_PRO_43,0.015916997273761523,205
auto-sklearn,height_regression,Anthropometric regression,F_AP_PRO_44,0.006641294797261802,284
auto-sklearn,height_regression,Anthropometric regression,F_AP_PRO_45,0.010736954371133815,250
auto-sklearn,height_regression,Anthropometric regression,F_AP_PRO_46,0.006523470242817098,286
auto-sklearn,height_regression,Anthropometric regression,F_AP_PRO_47,0.005380250930782893,297
auto-sklearn,height_regression,Anthropometric regression,F_AP_PRO_48,0.01484571488698189,210
auto-sklearn,height_regression,Anthropometric regression,F_AP_PRO_49,0.008545856157939132,270
auto-sklearn,height_regression,Anthropometric regression,F_AP_PRO_50,0.008323711395265339,271
auto-sklearn,height_regression,Anthropometric regression,F_AP_PRO_51,0.008761674563090101,266
auto-sklearn,height_regression,Anthropometric regression,F_AP_PRO_52,0.013100635210675194,229
auto-sklearn,height_regression,Anthropometric regression,F_AP_PRO_53,0.0159166943232222,206
auto-sklearn,height_regression,Anthropometric regression,F_AP_PRO_54,0.014705467542013177,212
auto-sklearn,height_regression,Anthropometric regression,F_AP_PRO_55,0.006289442062377286,289
auto-sklearn,height_regression,Anthropometric regression,F_AP_PRO_56,0.011021073341368511,245
auto-sklearn,height_regression,Anthropometric regression,F_AP_PRO_57,0.00886351203918423,265
auto-sklearn,height_regression,Anthropometric regression,F_AP_PRO_58,0.013230903943377352,227
auto-sklearn,height_regression,Anthropometric regression,F_AP_PRO_59,0.013623592376708871,222
auto-sklearn,height_regression,Anthropometric regression,F_AP_PRO_60,0.034180437405902826,134
auto-sklearn,height_regression,Anthropometric regression,F_AP_PRO_61,0.04219476191202982,115
auto-sklearn,height_regression,Anthropometric regression,F_AP_PRO_62,0.020721457481384674,186
auto-sklearn,height_regression,Anthropometric regression,F_AP_PRO_63,0.013895230293271747,220
auto-sklearn,height_regression,Anthropometric regression,F_AP_PRO_64,0.043622790654502336,109
auto-sklearn,height_regression,Anthropometric regression,F_AP_PRO_65,0.00492864290873077,299
auto-sklearn,height_regression,Anthropometric regression,F_AP_PRO_66,0.005905001799265127,291
auto-sklearn,height_regression,Anthropometric regression,F_AP_PRO_67,0.005043003400166413,298
auto-sklearn,height_regression,Anthropometric regression,F_AP_PRO_68,0.0035985116958599404,303
auto-sklearn,height_regression,Anthropometric regression,F_AP_PRO_69,0.006296780586242316,288
auto-sklearn,height_regression,Anthropometric regression,F_AP_PRO_70,0.010993428866069148,247
auto-sklearn,height_regression,Anthropometric regression,F_AP_PRO_71,0.030364499568939607,147
auto-sklearn,height_regression,Anthropometric regression,F_AP_PRO_72,0.021048598686852906,184
auto-sklearn,height_regression,Anthropometric regression,F_AP_PRO_73,0.01474878946940142,211
auto-sklearn,height_regression,Anthropometric regression,F_AP_PRO_74,0.0110142228603389,246
auto-sklearn,height_regression,Anthropometric regression,F_AP_PRO_75,0.013129345814387723,228
auto-sklearn,height_regression,Anthropometric regression,F_AP_PRO_76,0.015376412947970645,208
auto-sklearn,height_regression,Anthropometric regression,F_AP_PRO_77,0.0123883306980152,234
auto-sklearn,height_regression,Anthropometric regression,F_AP_PRO_78,0.057722356796264286,82
auto-sklearn,height_regression,Anthropometric regression,F_AP_PRO_79,0.031087989489239003,142
auto-sklearn,height_regression,Anthropometric regression,F_AP_PRO_80,0.06330869356791075,75
auto-sklearn,height_regression,Anthropometric regression,F_AP_PRO_81,0.09133216126759626,49
auto-sklearn,height_regression,Anthropometric regression,F_AP_PRO_82,0.10905800763766015,39
auto-sklearn,height_regression,Anthropometric regression,F_AP_PRO_83,0.07534734090169196,62
auto-sklearn,height_regression,Anthropometric regression,F_AP_PRO_84,0.0466069773832956,102
auto-sklearn,height_regression,Anthropometric regression,F_AP_PRO_85,0.1250911056200645,33
auto-sklearn,height_regression,Anthropometric regression,F_AP_PRO_86,0.16191886933644686,20
auto-sklearn,height_regression,Anthropometric regression,F_AP_PRO_87,0.07901837253570439,60
auto-sklearn,height_regression,Anthropometric regression,F_AP_PRO_88,0.0846174281438157,57
auto-sklearn,height_regression,Anthropometric regression,F_AP_PRO_89,0.20635859155655112,12
auto-sklearn,height_regression,Anthropometric regression,F_AP_PRO_90,0.0573762590090439,84
auto-sklearn,height_regression,Anthropometric regression,F_AP_PRO_91,0.09390237530072389,48
auto-sklearn,height_regression,Anthropometric regression,F_AP_PRO_92,0.04414217416445278,107
auto-sklearn,height_regression,Anthropometric regression,F_AP_PRO_93,0.04083018628756416,117
auto-sklearn,height_regression,Anthropometric regression,F_AP_PRO_94,0.1819415056705476,17
auto-sklearn,height_regression,Anthropometric regression,F_AP_PRO_95,0.14579195857047864,24
auto-sklearn,height_regression,Anthropometric regression,F_AP_PRO_96,0.14036642495791085,29
auto-sklearn,height_regression,Anthropometric regression,F_AP_PRO_97,0.052140294472377016,89
auto-sklearn,height_regression,Anthropometric regression,F_AP_PRO_98,0.01825951401392416,198
auto-sklearn,height_regression,Anthropometric regression,F_AP_PRO_99,0.03515848008791854,129
auto-sklearn,height_regression,Anthropometric regression,F_AP_PRO_100,0.08986944826444064,50
auto-sklearn,height_regression,Anthropometric regression,F_AP_PRO_101,0.07153115026156201,67
auto-sklearn,height_regression,Anthropometric regression,F_ML_PRO_1,0.03950927321116211,120
auto-sklearn,height_regression,Anthropometric regression,F_ML_PRO_2,0.04726406971613528,100
auto-sklearn,height_regression,Anthropometric regression,F_ML_PRO_3,0.022535725434622598,178
auto-sklearn,height_regression,Anthropometric regression,F_ML_PRO_4,0.14464014673232933,25
auto-sklearn,height_regression,Anthropometric regression,F_ML_PRO_5,0.3366102093060808,3
auto-sklearn,height_regression,Anthropometric regression,F_ML_PRO_6,0.24595343971252295,6
auto-sklearn,height_regression,Anthropometric regression,F_ML_PRO_7,0.040165989637377685,119
auto-sklearn,height_regression,Anthropometric regression,F_ML_PRO_8,0.037206300735472556,126
auto-sklearn,height_regression,Anthropometric regression,F_ML_PRO_9,0.1334608732859304,31
auto-sklearn,height_regression,Anthropometric regression,F_ML_PRO_10,0.13993346850077396,30
auto-sklearn,height_regression,Anthropometric regression,F_ML_PRO_11,0.02946311656633848,149
auto-sklearn,height_regression,Anthropometric regression,F_ML_PRO_12,0.027307767788568072,160
auto-sklearn,height_regression,Anthropometric regression,F_ML_PRO_13,0.06105261699358711,78
auto-sklearn,height_regression,Anthropometric regression,F_ML_PRO_14,0.04449301894506211,106
auto-sklearn,height_regression,Anthropometric regression,F_ML_PRO_15,0.024472954750059252,167
auto-sklearn,height_regression,Anthropometric regression,F_ML_PRO_16,0.03482784875234017,131
auto-sklearn,height_regression,Anthropometric regression,F_ML_PRO_17,0.01206287002563613,237
auto-sklearn,height_regression,Anthropometric regression,F_ML_PRO_18,0.038703544457750164,122
auto-sklearn,height_regression,Anthropometric regression,F_ML_PRO_19,0.036618395169577884,127
auto-sklearn,height_regression,Anthropometric regression,F_ML_PRO_20,0.08659102821350094,54
auto-sklearn,height_regression,Anthropometric regression,F_ML_PRO_21,0.011094494183859164,243
auto-sklearn,height_regression,Anthropometric regression,F_ML_PRO_22,0.02808734639485711,156
auto-sklearn,height_regression,Anthropometric regression,F_ML_PRO_23,0.04610705725352015,103
auto-sklearn,height_regression,Anthropometric regression,F_ML_PRO_24,0.011323162714640962,242
auto-sklearn,height_regression,Anthropometric regression,F_ML_PRO_25,0.03868902651469123,123
auto-sklearn,height_regression,Anthropometric regression,F_ML_PRO_26,0.05135570589701359,90
auto-sklearn,height_regression,Anthropometric regression,F_ML_PRO_27,0.02429849179585896,168
auto-sklearn,height_regression,Anthropometric regression,F_ML_PRO_28,0.04303671518961541,112
auto-sklearn,height_regression,Anthropometric regression,F_ML_PRO_29,0.010116614341734949,254
auto-sklearn,height_regression,Anthropometric regression,F_ML_PRO_30,0.012701267560322076,232
auto-sklearn,height_regression,Anthropometric regression,F_ML_PRO_31,0.017220692237219736,204
auto-sklearn,height_regression,Anthropometric regression,F_ML_PRO_32,0.02757299629846983,159
auto-sklearn,height_regression,Anthropometric regression,F_ML_PRO_33,0.007063849925996142,279
auto-sklearn,height_regression,Anthropometric regression,F_ML_PRO_34,0.010075618743896087,255
auto-sklearn,height_regression,Anthropometric regression,F_ML_PRO_35,0.020201143582660088,188
auto-sklearn,height_regression,Anthropometric regression,F_ML_PRO_36,0.008160419782003695,272
auto-sklearn,height_regression,Anthropometric regression,F_ML_PRO_37,0.020014105161032584,189
auto-sklearn,height_regression,Anthropometric regression,F_ML_PRO_38,0.0437016121546435,108
auto-sklearn,height_regression,Anthropometric regression,F_ML_PRO_39,0.04146091365813902,116
auto-sklearn,height_regression,Anthropometric regression,F_ML_PRO_40,0.014126366933187267,218
auto-sklearn,height_regression,Anthropometric regression,F_ML_PRO_41,0.04250357373555668,114
auto-sklearn,height_regression,Anthropometric regression,F_ML_PRO_42,0.01446683502197222,214
auto-sklearn,height_regression,Anthropometric regression,F_ML_PRO_43,0.017387045224506893,201
auto-sklearn,height_regression,Anthropometric regression,F_ML_PRO_44,0.010729393005371908,251
auto-sklearn,height_regression,Anthropometric regression,F_ML_PRO_45,0.00961447175343911,260
auto-sklearn,height_regression,Anthropometric regression,F_ML_PRO_46,0.011082024256389407,244
auto-sklearn,height_regression,Anthropometric regression,F_ML_PRO_47,0.013845963795979799,221
auto-sklearn,height_regression,Anthropometric regression,F_ML_PRO_48,0.009664026260375162,259
auto-sklearn,height_regression,Anthropometric regression,F_ML_PRO_49,0.00914468892415338,264
auto-sklearn,height_regression,Anthropometric regression,F_ML_PRO_50,0.007002666155498597,281
auto-sklearn,height_regression,Anthropometric regression,F_ML_PRO_51,0.009451443036396275,263
auto-sklearn,height_regression,Anthropometric regression,F_ML_PRO_52,0.020786312421162734,185
auto-sklearn,height_regression,Anthropometric regression,F_ML_PRO_53,0.022031050999960656,182
auto-sklearn,height_regression,Anthropometric regression,F_ML_PRO_54,0.008140793800356032,273
auto-sklearn,height_regression,Anthropometric regression,F_ML_PRO_55,0.004308823585510406,302
auto-sklearn,height_regression,Anthropometric regression,F_ML_PRO_56,0.008553965250648332,269
auto-sklearn,height_regression,Anthropometric regression,F_ML_PRO_57,0.008705011367797983,267
auto-sklearn,height_regression,Anthropometric regression,F_ML_PRO_58,0.014456766764322993,215
auto-sklearn,height_regression,Anthropometric regression,F_ML_PRO_59,0.006657686551412212,283
auto-sklearn,height_regression,Anthropometric regression,F_ML_PRO_60,0.01736208629608266,202
auto-sklearn,height_regression,Anthropometric regression,F_ML_PRO_61,0.006795912106827965,282
auto-sklearn,height_regression,Anthropometric regression,F_ML_PRO_62,0.013499531428017993,226
auto-sklearn,height_regression,Anthropometric regression,F_ML_PRO_63,0.03081369717915739,144
auto-sklearn,height_regression,Anthropometric regression,F_ML_PRO_64,0.007430204073587751,274
auto-sklearn,height_regression,Anthropometric regression,F_ML_PRO_65,0.01020461209615083,253
auto-sklearn,height_regression,Anthropometric regression,F_ML_PRO_66,0.0306474011739103,146
auto-sklearn,height_regression,Anthropometric regression,F_ML_PRO_67,0.023880518436433816,169
auto-sklearn,height_regression,Anthropometric regression,F_ML_PRO_68,0.00741712268193453,275
auto-sklearn,height_regression,Anthropometric regression,F_ML_PRO_69,0.005407931645709615,296
auto-sklearn,height_regression,Anthropometric regression,F_ML_PRO_70,0.010842866897583292,249
auto-sklearn,height_regression,Anthropometric regression,F_ML_PRO_71,0.010019628365834402,256
auto-sklearn,height_regression,Anthropometric regression,F_ML_PRO_72,0.006368532816569446,287
auto-sklearn,height_regression,Anthropometric regression,F_ML_PRO_73,0.0066167898178112715,285
auto-sklearn,height_regression,Anthropometric regression,F_ML_PRO_74,0.010976882298786942,248
auto-sklearn,height_regression,Anthropometric regression,F_ML_PRO_75,0.009783331235250613,258
auto-sklearn,height_regression,Anthropometric regression,F_ML_PRO_76,0.00568140570322555,293
auto-sklearn,height_regression,Anthropometric regression,F_ML_PRO_77,0.007067700703936927,278
auto-sklearn,height_regression,Anthropometric regression,F_ML_PRO_78,0.007350564320884227,277
auto-sklearn,height_regression,Anthropometric regression,F_ML_PRO_79,0.004878700574238811,301
auto-sklearn,height_regression,Anthropometric regression,F_ML_PRO_80,0.022442891120910247,180
auto-sklearn,height_regression,Anthropometric regression,F_ML_PRO_81,0.02367854309082039,170
auto-sklearn,height_regression,Anthropometric regression,F_ML_PRO_82,0.01450379816691291,213
auto-sklearn,height_regression,Anthropometric regression,F_ML_PRO_83,0.008569510777790867,268
auto-sklearn,height_regression,Anthropometric regression,F_ML_PRO_84,0.02265660317738849,175
auto-sklearn,height_regression,Anthropometric regression,F_ML_PRO_85,0.018271073023475044,197
auto-sklearn,height_regression,Anthropometric regression,F_ML_PRO_86,0.013564840952554391,224
auto-sklearn,height_regression,Anthropometric regression,F_ML_PRO_87,0.01568648846943906,207
auto-sklearn,height_regression,Anthropometric regression,F_ML_PRO_88,0.009965380668640477,257
auto-sklearn,height_regression,Anthropometric regression,F_ML_PRO_89,0.014091554005942915,219
auto-sklearn,height_regression,Anthropometric regression,F_ML_PRO_90,0.03500290171305522,130
auto-sklearn,height_regression,Anthropometric regression,F_ML_PRO_91,0.01863922977447506,196
auto-sklearn,height_regression,Anthropometric regression,F_ML_PRO_92,0.02807625929514567,157
auto-sklearn,height_regression,Anthropometric regression,F_ML_PRO_93,0.07320685863494844,65
auto-sklearn,height_regression,Anthropometric regression,F_ML_PRO_94,0.029322914759319,150
auto-sklearn,height_regression,Anthropometric regression,F_ML_PRO_95,0.0120297625859583,238
auto-sklearn,height_regression,Anthropometric regression,F_ML_PRO_96,0.0883273832798011,52
auto-sklearn,height_regression,Anthropometric regression,F_ML_PRO_97,0.02719570167859473,161
auto-sklearn,height_regression,Anthropometric regression,F_ML_PRO_98,0.015052396853765042,209
auto-sklearn,height_regression,Anthropometric regression,F_ML_PRO_99,0.02265118257204553,176
auto-sklearn,height_regression,Anthropometric regression,F_ML_PRO_100,0.08469030356407121,56
auto-sklearn,height_regression,Anthropometric regression,F_ML_PRO_101,0.21605476562182133,9
auto-sklearn,predict_F_AP_PRO_20pct_F_AP_PRO_21,Force regression,F_AP_PRO_1,0.0017246912954789085,50
auto-sklearn,predict_F_AP_PRO_20pct_F_AP_PRO_21,Force regression,F_AP_PRO_2,0.00573453144144474,28
auto-sklearn,predict_F_AP_PRO_20pct_F_AP_PRO_21,Force regression,F_AP_PRO_3,0.011162887249452377,22
auto-sklearn,predict_F_AP_PRO_20pct_F_AP_PRO_21,Force regression,F_AP_PRO_4,0.019298666611727744,14
auto-sklearn,predict_F_AP_PRO_20pct_F_AP_PRO_21,Force regression,F_AP_PRO_5,0.022515312559333533,13
auto-sklearn,predict_F_AP_PRO_20pct_F_AP_PRO_21,Force regression,F_AP_PRO_6,0.02493465457458256,11
auto-sklearn,predict_F_AP_PRO_20pct_F_AP_PRO_21,Force regression,F_AP_PRO_7,0.024078514021769585,12
auto-sklearn,predict_F_AP_PRO_20pct_F_AP_PRO_21,Force regression,F_AP_PRO_8,0.03540286952981518,6
auto-sklearn,predict_F_AP_PRO_20pct_F_AP_PRO_21,Force regression,F_AP_PRO_9,0.02533996444593907,10
auto-sklearn,predict_F_AP_PRO_20pct_F_AP_PRO_21,Force regression,F_AP_PRO_10,0.011971139714535737,20
auto-sklearn,predict_F_AP_PRO_20pct_F_AP_PRO_21,Force regression,F_AP_PRO_32,0.03082469293485498,8
auto-sklearn,predict_F_AP_PRO_20pct_F_AP_PRO_21,Force regression,F_AP_PRO_33,0.05090020473042708,3
auto-sklearn,predict_F_AP_PRO_20pct_F_AP_PRO_21,Force regression,F_AP_PRO_34,0.04782486370656019,4
auto-sklearn,predict_F_AP_PRO_20pct_F_AP_PRO_21,Force regression,F_AP_PRO_35,0.05129594619566989,2
auto-sklearn,predict_F_AP_PRO_20pct_F_AP_PRO_21,Force regression,F_AP_PRO_36,0.057113406296146835,1
auto-sklearn,predict_F_AP_PRO_20pct_F_AP_PRO_21,Force regression,F_AP_PRO_37,0.03959409668989893,5
auto-sklearn,predict_F_AP_PRO_20pct_F_AP_PRO_21,Force regression,F_AP_PRO_38,0.03348955363169726,7
auto-sklearn,predict_F_AP_PRO_20pct_F_AP_PRO_21,Force regression,F_AP_PRO_39,0.025610304576189565,9
auto-sklearn,predict_F_AP_PRO_20pct_F_AP_PRO_21,Force regression,F_AP_PRO_40,0.008474213787044087,26
auto-sklearn,predict_F_AP_PRO_20pct_F_AP_PRO_21,Force regression,F_AP_PRO_41,0.00644319336142184,27
auto-sklearn,predict_F_AP_PRO_20pct_F_AP_PRO_21,Force regression,F_AP_PRO_42,0.002841185850919123,35
auto-sklearn,predict_F_AP_PRO_20pct_F_AP_PRO_21,Force regression,F_AP_PRO_43,0.0014040370908462337,56
auto-sklearn,predict_F_AP_PRO_20pct_F_AP_PRO_21,Force regression,F_AP_PRO_44,0.0011661293589406538,63
auto-sklearn,predict_F_AP_PRO_20pct_F_AP_PRO_21,Force regression,F_AP_PRO_45,0.0010369498866299788,66
auto-sklearn,predict_F_AP_PRO_20pct_F_AP_PRO_21,Force regression,F_AP_PRO_46,0.0015902233681538028,52
auto-sklearn,predict_F_AP_PRO_20pct_F_AP_PRO_21,Force regression,F_AP_PRO_47,0.0023228840719287575,41
auto-sklearn,predict_F_AP_PRO_20pct_F_AP_PRO_21,Force regression,F_AP_PRO_48,0.004158273367728627,31
auto-sklearn,predict_F_AP_PRO_20pct_F_AP_PRO_21,Force regression,F_AP_PRO_49,0.0023267370221308546,40
auto-sklearn,predict_F_AP_PRO_20pct_F_AP_PRO_21,Force regression,F_AP_PRO_50,0.002105844839217348,45
auto-sklearn,predict_F_AP_PRO_20pct_F_AP_PRO_21,Force regression,F_AP_PRO_51,0.0018267434100206529,47
auto-sklearn,predict_F_AP_PRO_20pct_F_AP_PRO_21,Force regression,F_AP_PRO_52,0.001086430192511115,65
auto-sklearn,predict_F_AP_PRO_20pct_F_AP_PRO_21,Force regression,F_AP_PRO_53,0.0005256941208822843,78
auto-sklearn,predict_F_AP_PRO_20pct_F_AP_PRO_21,Force regression,F_AP_PRO_54,0.0016485800027536816,51
auto-sklearn,predict_F_AP_PRO_20pct_F_AP_PRO_21,Force regression,F_AP_PRO_55,0.0021855392169414286,42
auto-sklearn,predict_F_AP_PRO_20pct_F_AP_PRO_21,Force regression,F_AP_PRO_56,0.002162788454029293,43
auto-sklearn,predict_F_AP_PRO_20pct_F_AP_PRO_21,Force regression,F_AP_PRO_57,0.0018039250728260337,48
auto-sklearn,predict_F_AP_PRO_20pct_F_AP_PRO_21,Force regression,F_AP_PRO_58,0.0006272696723333643,72
auto-sklearn,predict_F_AP_PRO_20pct_F_AP_PRO_21,Force regression,F_AP_PRO_59,0.0003723633924188696,79
auto-sklearn,predict_F_AP_PRO_20pct_F_AP_PRO_21,Force regression,F_AP_PRO_60,0.000830966695936189,71
auto-sklearn,predict_F_AP_PRO_20pct_F_AP_PRO_21,Force regression,F_AP_PRO_61,0.0017643843155561224,49
auto-sklearn,predict_F_AP_PRO_20pct_F_AP_PRO_21,Force regression,F_AP_PRO_62,0.0014177888811876395,55
auto-sklearn,predict_F_AP_PRO_20pct_F_AP_PRO_21,Force regression,F_AP_PRO_63,0.0013869226751849068,58
auto-sklearn,predict_F_AP_PRO_20pct_F_AP_PRO_21,Force regression,F_AP_PRO_64,0.001143097694083633,64
auto-sklearn,predict_F_AP_PRO_20pct_F_AP_PRO_21,Force regression,F_AP_PRO_65,0.0005812289561662414,77
auto-sklearn,predict_F_AP_PRO_20pct_F_AP_PRO_21,Force regression,F_AP_PRO_66,0.002148573989772962,44
auto-sklearn,predict_F_AP_PRO_20pct_F_AP_PRO_21,Force regression,F_AP_PRO_67,0.0030745307080861607,34
auto-sklearn,predict_F_AP_PRO_20pct_F_AP_PRO_21,Force regression,F_AP_PRO_68,0.0023806794465312544,38
auto-sklearn,predict_F_AP_PRO_20pct_F_AP_PRO_21,Force regression,F_AP_PRO_69,0.0015735762772253815,53
auto-sklearn,predict_F_AP_PRO_20pct_F_AP_PRO_21,Force regression,F_AP_PRO_70,0.0013783304668031628,59
auto-sklearn,predict_F_AP_PRO_20pct_F_AP_PRO_21,Force regression,F_AP_PRO_71,0.0013733991451251014,60
auto-sklearn,predict_F_AP_PRO_20pct_F_AP_PRO_21,Force regression,F_AP_PRO_72,0.0005986422402784263,75
auto-sklearn,predict_F_AP_PRO_20pct_F_AP_PRO_21,Force regression,F_AP_PRO_73,0.0006178079641217173,74
auto-sklearn,predict_F_AP_PRO_20pct_F_AP_PRO_21,Force regression,F_AP_PRO_74,0.0006238895095884757,73
auto-sklearn,predict_F_AP_PRO_20pct_F_AP_PRO_21,Force regression,F_AP_PRO_75,0.001369994682415079,61
auto-sklearn,predict_F_AP_PRO_20pct_F_AP_PRO_21,Force regression,F_AP_PRO_76,0.0024566020310028565,36
auto-sklearn,predict_F_AP_PRO_20pct_F_AP_PRO_21,Force regression,F_AP_PRO_77,0.0014017345908925725,57
auto-sklearn,predict_F_AP_PRO_20pct_F_AP_PRO_21,Force regression,F_AP_PRO_78,0.002383323287591338,37
auto-sklearn,predict_F_AP_PRO_20pct_F_AP_PRO_21,Force regression,F_AP_PRO_79,0.0014673385298810935,54
auto-sklearn,predict_F_AP_PRO_20pct_F_AP_PRO_21,Force regression,F_AP_PRO_80,0.0020791580886062666,46
auto-sklearn,predict_F_AP_PRO_20pct_F_AP_PRO_21,Force regression,F_AP_PRO_81,0.0010186045630317607,67
auto-sklearn,predict_F_AP_PRO_20pct_F_AP_PRO_21,Force regression,F_AP_PRO_82,0.0009241477106697832,70
auto-sklearn,predict_F_AP_PRO_20pct_F_AP_PRO_21,Force regression,F_AP_PRO_83,0.0009848729602268162,69
auto-sklearn,predict_F_AP_PRO_20pct_F_AP_PRO_21,Force regression,F_AP_PRO_84,0.00036895026054440414,80
auto-sklearn,predict_F_AP_PRO_20pct_F_AP_PRO_21,Force regression,F_AP_PRO_85,0.0023591201590994985,39
auto-sklearn,predict_F_AP_PRO_20pct_F_AP_PRO_21,Force regression,F_AP_PRO_86,0.0005905316371677659,76
auto-sklearn,predict_F_AP_PRO_20pct_F_AP_PRO_21,Force regression,F_AP_PRO_87,0.004986894558804731,29
auto-sklearn,predict_F_AP_PRO_20pct_F_AP_PRO_21,Force regression,F_AP_PRO_88,0.010472585217665057,24
auto-sklearn,predict_F_AP_PRO_20pct_F_AP_PRO_21,Force regression,F_AP_PRO_89,0.015813170932802476,17
auto-sklearn,predict_F_AP_PRO_20pct_F_AP_PRO_21,Force regression,F_AP_PRO_90,0.010973020920012563,23
auto-sklearn,predict_F_AP_PRO_20pct_F_AP_PRO_21,Force regression,F_AP_PRO_91,0.009908800038819514,25
auto-sklearn,predict_F_AP_PRO_20pct_F_AP_PRO_21,Force regression,F_AP_PRO_92,0.0009877724890183248,68
auto-sklearn,predict_F_AP_PRO_20pct_F_AP_PRO_21,Force regression,F_AP_PRO_93,0.011718332081360534,21
auto-sklearn,predict_F_AP_PRO_20pct_F_AP_PRO_21,Force regression,F_AP_PRO_94,0.013270382465432504,19
auto-sklearn,predict_F_AP_PRO_20pct_F_AP_PRO_21,Force regression,F_AP_PRO_95,0.0033906495659094724,33
auto-sklearn,predict_F_AP_PRO_20pct_F_AP_PRO_21,Force regression,F_AP_PRO_96,0.0012024080359583909,62
auto-sklearn,predict_F_AP_PRO_20pct_F_AP_PRO_21,Force regression,F_AP_PRO_97,0.004444797693855233,30
auto-sklearn,predict_F_AP_PRO_20pct_F_AP_PRO_21,Force regression,F_AP_PRO_98,0.017447526537347584,15
auto-sklearn,predict_F_AP_PRO_20pct_F_AP_PRO_21,Force regression,F_AP_PRO_99,0.016848903363881014,16
auto-sklearn,predict_F_AP_PRO_20pct_F_AP_PRO_21,Force regression,F_AP_PRO_100,0.013383395884806916,18
auto-sklearn,predict_F_AP_PRO_20pct_F_AP_PRO_21,Force regression,F_AP_PRO_101,0.004131726300033428,32
auto-sklearn,predict_F_AP_PRO_40pct_F_AP_PRO_41,Force regression,F_AP_PRO_1,0.0004764111320061295,78
auto-sklearn,predict_F_AP_PRO_40pct_F_AP_PRO_41,Force regression,F_AP_PRO_2,0.0014136899574595098,66
auto-sklearn,predict_F_AP_PRO_40pct_F_AP_PRO_41,Force regression,F_AP_PRO_3,0.0013958522010297095,67
auto-sklearn,predict_F_AP_PRO_40pct_F_AP_PRO_41,Force regression,F_AP_PRO_4,0.0016380773263388428,65
auto-sklearn,predict_F_AP_PRO_40pct_F_AP_PRO_41,Force regression,F_AP_PRO_5,0.0012974604337812497,69
auto-sklearn,predict_F_AP_PRO_40pct_F_AP_PRO_41,Force regression,F_AP_PRO_6,0.0025586114218329173,46
auto-sklearn,predict_F_AP_PRO_40pct_F_AP_PRO_41,Force regression,F_AP_PRO_7,0.00233230351456829,50
auto-sklearn,predict_F_AP_PRO_40pct_F_AP_PRO_41,Force regression,F_AP_PRO_8,0.0021578733238081143,56
auto-sklearn,predict_F_AP_PRO_40pct_F_AP_PRO_41,Force regression,F_AP_PRO_9,0.0031691099916610664,34
auto-sklearn,predict_F_AP_PRO_40pct_F_AP_PRO_41,Force regression,F_AP_PRO_10,0.002823794936903545,40
auto-sklearn,predict_F_AP_PRO_40pct_F_AP_PRO_41,Force regression,F_AP_PRO_11,0.0020908193601191865,60
auto-sklearn,predict_F_AP_PRO_40pct_F_AP_PRO_41,Force regression,F_AP_PRO_12,0.0016468095302698204,64
auto-sklearn,predict_F_AP_PRO_40pct_F_AP_PRO_41,Force regression,F_AP_PRO_13,0.0028668578693565603,37
auto-sklearn,predict_F_AP_PRO_40pct_F_AP_PRO_41,Force regression,F_AP_PRO_14,0.0027509079165433325,41
auto-sklearn,predict_F_AP_PRO_40pct_F_AP_PRO_41,Force regression,F_AP_PRO_15,0.002683420962770469,44
auto-sklearn,predict_F_AP_PRO_40pct_F_AP_PRO_41,Force regression,F_AP_PRO_16,0.0022876693113228416,53
auto-sklearn,predict_F_AP_PRO_40pct_F_AP_PRO_41,Force regression,F_AP_PRO_17,0.002614344076408695,45
auto-sklearn,predict_F_AP_PRO_40pct_F_AP_PRO_41,Force regression,F_AP_PRO_18,0.0008414372310443372,75
auto-sklearn,predict_F_AP_PRO_40pct_F_AP_PRO_41,Force regression,F_AP_PRO_19,0.0008559750779725914,74
auto-sklearn,predict_F_AP_PRO_40pct_F_AP_PRO_41,Force regression,F_AP_PRO_20,0.0017936474906810967,62
auto-sklearn,predict_F_AP_PRO_40pct_F_AP_PRO_41,Force regression,F_AP_PRO_21,0.006072701646674735,19
auto-sklearn,predict_F_AP_PRO_40pct_F_AP_PRO_41,Force regression,F_AP_PRO_22,0.008083182801492513,14
auto-sklearn,predict_F_AP_PRO_40pct_F_AP_PRO_41,Force regression,F_AP_PRO_23,0.013540043580132383,10
auto-sklearn,predict_F_AP_PRO_40pct_F_AP_PRO_41,Force regression,F_AP_PRO_24,0.024406192428167234,5
auto-sklearn,predict_F_AP_PRO_40pct_F_AP_PRO_41,Force regression,F_AP_PRO_25,0.04992265855570118,3
auto-sklearn,predict_F_AP_PRO_40pct_F_AP_PRO_41,Force regression,F_AP_PRO_26,0.05960429577020438,1
auto-sklearn,predict_F_AP_PRO_40pct_F_AP_PRO_41,Force regression,F_AP_PRO_27,0.05156960296610811,2
auto-sklearn,predict_F_AP_PRO_40pct_F_AP_PRO_41,Force regression,F_AP_PRO_28,0.04280650981879767,4
auto-sklearn,predict_F_AP_PRO_40pct_F_AP_PRO_41,Force regression,F_AP_PRO_29,0.023637742906925267,6
auto-sklearn,predict_F_AP_PRO_40pct_F_AP_PRO_41,Force regression,F_AP_PRO_30,0.011928699004091967,12
auto-sklearn,predict_F_AP_PRO_40pct_F_AP_PRO_41,Force regression,F_AP_PRO_52,0.006152893880825205,18
auto-sklearn,predict_F_AP_PRO_40pct_F_AP_PRO_41,Force regression,F_AP_PRO_53,0.009019340215237915,13
auto-sklearn,predict_F_AP_PRO_40pct_F_AP_PRO_41,Force regression,F_AP_PRO_54,0.019096914335622894,7
auto-sklearn,predict_F_AP_PRO_40pct_F_AP_PRO_41,Force regression,F_AP_PRO_55,0.0182907447718058,8
auto-sklearn,predict_F_AP_PRO_40pct_F_AP_PRO_41,Force regression,F_AP_PRO_56,0.016190162264496193,9
auto-sklearn,predict_F_AP_PRO_40pct_F_AP_PRO_41,Force regression,F_AP_PRO_57,0.0119952322646277,11
auto-sklearn,predict_F_AP_PRO_40pct_F_AP_PRO_41,Force regression,F_AP_PRO_58,0.006711932595418249,17
auto-sklearn,predict_F_AP_PRO_40pct_F_AP_PRO_41,Force regression,F_AP_PRO_59,0.005254586798019268,21
auto-sklearn,predict_F_AP_PRO_40pct_F_AP_PRO_41,Force regression,F_AP_PRO_60,0.0024973640750201105,47
auto-sklearn,predict_F_AP_PRO_40pct_F_AP_PRO_41,Force regression,F_AP_PRO_61,0.0038435189995992295,29
auto-sklearn,predict_F_AP_PRO_40pct_F_AP_PRO_41,Force regression,F_AP_PRO_62,0.003819047577375184,31
auto-sklearn,predict_F_AP_PRO_40pct_F_AP_PRO_41,Force regression,F_AP_PRO_63,0.004129828508833372,27
auto-sklearn,predict_F_AP_PRO_40pct_F_AP_PRO_41,Force regression,F_AP_PRO_64,0.004596474796216676,25
auto-sklearn,predict_F_AP_PRO_40pct_F_AP_PRO_41,Force regression,F_AP_PRO_65,0.004109642831246474,28
auto-sklearn,predict_F_AP_PRO_40pct_F_AP_PRO_41,Force regression,F_AP_PRO_66,0.003822894103579326,30
auto-sklearn,predict_F_AP_PRO_40pct_F_AP_PRO_41,Force regression,F_AP_PRO_67,0.0024243922027979144,48
auto-sklearn,predict_F_AP_PRO_40pct_F_AP_PRO_41,Force regression,F_AP_PRO_68,0.002152719819058094,57
auto-sklearn,predict_F_AP_PRO_40pct_F_AP_PRO_41,Force regression,F_AP_PRO_69,0.0013364256311259733,68
auto-sklearn,predict_F_AP_PRO_40pct_F_AP_PRO_41,Force regression,F_AP_PRO_70,0.0012429820108227428,70
auto-sklearn,predict_F_AP_PRO_40pct_F_AP_PRO_41,Force regression,F_AP_PRO_71,0.0006795074998646881,76
auto-sklearn,predict_F_AP_PRO_40pct_F_AP_PRO_41,Force regression,F_AP_PRO_72,0.00025722343336868404,80
auto-sklearn,predict_F_AP_PRO_40pct_F_AP_PRO_41,Force regression,F_AP_PRO_73,0.0011657175037996942,72
auto-sklearn,predict_F_AP_PRO_40pct_F_AP_PRO_41,Force regression,F_AP_PRO_74,0.002303838490191588,52
auto-sklearn,predict_F_AP_PRO_40pct_F_AP_PRO_41,Force regression,F_AP_PRO_75,0.0020910997054694827,59
auto-sklearn,predict_F_AP_PRO_40pct_F_AP_PRO_41,Force regression,F_AP_PRO_76,0.0030950043912744154,35
auto-sklearn,predict_F_AP_PRO_40pct_F_AP_PRO_41,Force regression,F_AP_PRO_77,0.0009030241262710963,73
auto-sklearn,predict_F_AP_PRO_40pct_F_AP_PRO_41,Force regression,F_AP_PRO_78,0.002259547674420498,54
auto-sklearn,predict_F_AP_PRO_40pct_F_AP_PRO_41,Force regression,F_AP_PRO_79,0.0024175821595644157,49
auto-sklearn,predict_F_AP_PRO_40pct_F_AP_PRO_41,Force regression,F_AP_PRO_80,0.002831160255584918,39
auto-sklearn,predict_F_AP_PRO_40pct_F_AP_PRO_41,Force regression,F_AP_PRO_81,0.0023193865036268513,51
auto-sklearn,predict_F_AP_PRO_40pct_F_AP_PRO_41,Force regression,F_AP_PRO_82,0.0028539889410797805,38
auto-sklearn,predict_F_AP_PRO_40pct_F_AP_PRO_41,Force regression,F_AP_PRO_83,0.00340570672745687,32
auto-sklearn,predict_F_AP_PRO_40pct_F_AP_PRO_41,Force regression,F_AP_PRO_84,0.0030633468409262893,36
auto-sklearn,predict_F_AP_PRO_40pct_F_AP_PRO_41,Force regression,F_AP_PRO_85,0.005251201145933009,22
auto-sklearn,predict_F_AP_PRO_40pct_F_AP_PRO_41,Force regression,F_AP_PRO_86,0.0021231646726438272,58
auto-sklearn,predict_F_AP_PRO_40pct_F_AP_PRO_41,Force regression,F_AP_PRO_87,0.000648306512396731,77
auto-sklearn,predict_F_AP_PRO_40pct_F_AP_PRO_41,Force regression,F_AP_PRO_88,0.001648682095291507,63
auto-sklearn,predict_F_AP_PRO_40pct_F_AP_PRO_41,Force regression,F_AP_PRO_89,0.002184659185670576,55
auto-sklearn,predict_F_AP_PRO_40pct_F_AP_PRO_41,Force regression,F_AP_PRO_90,0.001172021872887853,71
auto-sklearn,predict_F_AP_PRO_40pct_F_AP_PRO_41,Force regression,F_AP_PRO_91,0.0027062921050690215,43
auto-sklearn,predict_F_AP_PRO_40pct_F_AP_PRO_41,Force regression,F_AP_PRO_92,0.005550757651437177,20
auto-sklearn,predict_F_AP_PRO_40pct_F_AP_PRO_41,Force regression,F_AP_PRO_93,0.007054130627249832,15
auto-sklearn,predict_F_AP_PRO_40pct_F_AP_PRO_41,Force regression,F_AP_PRO_94,0.004941615290862196,24
auto-sklearn,predict_F_AP_PRO_40pct_F_AP_PRO_41,Force regression,F_AP_PRO_95,0.006853945018639531,16
auto-sklearn,predict_F_AP_PRO_40pct_F_AP_PRO_41,Force regression,F_AP_PRO_96,0.00523275406678052,23
auto-sklearn,predict_F_AP_PRO_40pct_F_AP_PRO_41,Force regression,F_AP_PRO_97,0.003379165127892824,33
auto-sklearn,predict_F_AP_PRO_40pct_F_AP_PRO_41,Force regression,F_AP_PRO_98,0.004431835214031809,26
auto-sklearn,predict_F_AP_PRO_40pct_F_AP_PRO_41,Force regression,F_AP_PRO_99,0.002718451278659309,42
auto-sklearn,predict_F_AP_PRO_40pct_F_AP_PRO_41,Force regression,F_AP_PRO_100,0.0018239426575795132,61
auto-sklearn,predict_F_AP_PRO_40pct_F_AP_PRO_41,Force regression,F_AP_PRO_101,0.00040787092876982777,79
auto-sklearn,predict_F_AP_PRO_60pct_F_AP_PRO_61,Force regression,F_AP_PRO_1,0.00022716788806341967,79
auto-sklearn,predict_F_AP_PRO_60pct_F_AP_PRO_61,Force regression,F_AP_PRO_2,0.0010893263430892296,66
auto-sklearn,predict_F_AP_PRO_60pct_F_AP_PRO_61,Force regression,F_AP_PRO_3,0.0017325581841337637,52
auto-sklearn,predict_F_AP_PRO_60pct_F_AP_PRO_61,Force regression,F_AP_PRO_4,0.0018656453870544785,46
auto-sklearn,predict_F_AP_PRO_60pct_F_AP_PRO_61,Force regression,F_AP_PRO_5,0.0014002494146325868,59
auto-sklearn,predict_F_AP_PRO_60pct_F_AP_PRO_61,Force regression,F_AP_PRO_6,0.0013302272483296039,61
auto-sklearn,predict_F_AP_PRO_60pct_F_AP_PRO_61,Force regression,F_AP_PRO_7,0.0008461401944876342,72
auto-sklearn,predict_F_AP_PRO_60pct_F_AP_PRO_61,Force regression,F_AP_PRO_8,0.0007963224020896658,73
auto-sklearn,predict_F_AP_PRO_60pct_F_AP_PRO_61,Force regression,F_AP_PRO_9,0.0010000020472656147,69
auto-sklearn,predict_F_AP_PRO_60pct_F_AP_PRO_61,Force regression,F_AP_PRO_10,0.001771083251546359,49
auto-sklearn,predict_F_AP_PRO_60pct_F_AP_PRO_61,Force regression,F_AP_PRO_11,0.0014284716797667192,56
auto-sklearn,predict_F_AP_PRO_60pct_F_AP_PRO_61,Force regression,F_AP_PRO_12,0.0012312056174556636,64
auto-sklearn,predict_F_AP_PRO_60pct_F_AP_PRO_61,Force regression,F_AP_PRO_13,0.0023933317656767168,42
auto-sklearn,predict_F_AP_PRO_60pct_F_AP_PRO_61,Force regression,F_AP_PRO_14,0.0010130313474703914,68
auto-sklearn,predict_F_AP_PRO_60pct_F_AP_PRO_61,Force regression,F_AP_PRO_15,0.0014278651938357677,57
auto-sklearn,predict_F_AP_PRO_60pct_F_AP_PRO_61,Force regression,F_AP_PRO_16,0.0033570979730450433,33
auto-sklearn,predict_F_AP_PRO_60pct_F_AP_PRO_61,Force regression,F_AP_PRO_17,0.0038548496112890754,29
auto-sklearn,predict_F_AP_PRO_60pct_F_AP_PRO_61,Force regression,F_AP_PRO_18,0.0034728483998799145,32
auto-sklearn,predict_F_AP_PRO_60pct_F_AP_PRO_61,Force regression,F_AP_PRO_19,0.0018466416765515672,47
auto-sklearn,predict_F_AP_PRO_60pct_F_AP_PRO_61,Force regression,F_AP_PRO_20,0.0019103503777087346,43
auto-sklearn,predict_F_AP_PRO_60pct_F_AP_PRO_61,Force regression,F_AP_PRO_21,0.003735973409506007,31
auto-sklearn,predict_F_AP_PRO_60pct_F_AP_PRO_61,Force regression,F_AP_PRO_22,0.006283853232758622,18
auto-sklearn,predict_F_AP_PRO_60pct_F_AP_PRO_61,Force regression,F_AP_PRO_23,0.006260414015241655,19
auto-sklearn,predict_F_AP_PRO_60pct_F_AP_PRO_61,Force regression,F_AP_PRO_24,0.0033177101851378167,34
auto-sklearn,predict_F_AP_PRO_60pct_F_AP_PRO_61,Force regression,F_AP_PRO_25,0.0016071934598937533,54
auto-sklearn,predict_F_AP_PRO_60pct_F_AP_PRO_61,Force regression,F_AP_PRO_26,0.0019065949440004626,44
auto-sklearn,predict_F_AP_PRO_60pct_F_AP_PRO_61,Force regression,F_AP_PRO_27,0.001155647878970134,65
auto-sklearn,predict_F_AP_PRO_60pct_F_AP_PRO_61,Force regression,F_AP_PRO_28,0.002618685032372352,40
auto-sklearn,predict_F_AP_PRO_60pct_F_AP_PRO_61,Force regression,F_AP_PRO_29,0.006226737013192285,20
auto-sklearn,predict_F_AP_PRO_60pct_F_AP_PRO_61,Force regression,F_AP_PRO_30,0.005907278364623799,23
auto-sklearn,predict_F_AP_PRO_60pct_F_AP_PRO_61,Force regression,F_AP_PRO_31,0.0017408957613073142,51
auto-sklearn,predict_F_AP_PRO_60pct_F_AP_PRO_61,Force regression,F_AP_PRO_32,0.0010546684725169686,67
auto-sklearn,predict_F_AP_PRO_60pct_F_AP_PRO_61,Force regression,F_AP_PRO_33,0.0014046807541680047,58
auto-sklearn,predict_F_AP_PRO_60pct_F_AP_PRO_61,Force regression,F_AP_PRO_34,0.0005417770256277289,76
auto-sklearn,predict_F_AP_PRO_60pct_F_AP_PRO_61,Force regression,F_AP_PRO_35,0.0013468275751738605,60
auto-sklearn,predict_F_AP_PRO_60pct_F_AP_PRO_61,Force regression,F_AP_PRO_36,0.00124827695456609,63
auto-sklearn,predict_F_AP_PRO_60pct_F_AP_PRO_61,Force regression,F_AP_PRO_37,0.00039152067402800406,77
auto-sklearn,predict_F_AP_PRO_60pct_F_AP_PRO_61,Force regression,F_AP_PRO_38,0.0009568887738312793,70
auto-sklearn,predict_F_AP_PRO_60pct_F_AP_PRO_61,Force regression,F_AP_PRO_39,0.00034561632676686127,78
auto-sklearn,predict_F_AP_PRO_60pct_F_AP_PRO_61,Force regression,F_AP_PRO_40,0.0013233743673381378,62
auto-sklearn,predict_F_AP_PRO_60pct_F_AP_PRO_61,Force regression,F_AP_PRO_41,0.001690397938793699,53
auto-sklearn,predict_F_AP_PRO_60pct_F_AP_PRO_61,Force regression,F_AP_PRO_42,0.0018813682135776276,45
auto-sklearn,predict_F_AP_PRO_60pct_F_AP_PRO_61,Force regression,F_AP_PRO_43,0.0016053837068055537,55
auto-sklearn,predict_F_AP_PRO_60pct_F_AP_PRO_61,Force regression,F_AP_PRO_44,0.007182728427589971,17
auto-sklearn,predict_F_AP_PRO_60pct_F_AP_PRO_61,Force regression,F_AP_PRO_45,0.0143079965819563,7
auto-sklearn,predict_F_AP_PRO_60pct_F_AP_PRO_61,Force regression,F_AP_PRO_46,0.019878978118462953,2
auto-sklearn,predict_F_AP_PRO_60pct_F_AP_PRO_61,Force regression,F_AP_PRO_47,0.021805389544370224,1
auto-sklearn,predict_F_AP_PRO_60pct_F_AP_PRO_61,Force regression,F_AP_PRO_48,0.018093522674012333,4
auto-sklearn,predict_F_AP_PRO_60pct_F_AP_PRO_61,Force regression,F_AP_PRO_49,0.012494510258178989,8
auto-sklearn,predict_F_AP_PRO_60pct_F_AP_PRO_61,Force regression,F_AP_PRO_50,0.006125724985379014,22
auto-sklearn,predict_F_AP_PRO_60pct_F_AP_PRO_61,Force regression,F_AP_PRO_72,0.004904900247821432,25
auto-sklearn,predict_F_AP_PRO_60pct_F_AP_PRO_61,Force regression,F_AP_PRO_73,0.010591869688822872,12
auto-sklearn,predict_F_AP_PRO_60pct_F_AP_PRO_61,Force regression,F_AP_PRO_74,0.014769124019654778,6
auto-sklearn,predict_F_AP_PRO_60pct_F_AP_PRO_61,Force regression,F_AP_PRO_75,0.019276755135884203,3
auto-sklearn,predict_F_AP_PRO_60pct_F_AP_PRO_61,Force regression,F_AP_PRO_76,0.014975874611761732,5
auto-sklearn,predict_F_AP_PRO_60pct_F_AP_PRO_61,Force regression,F_AP_PRO_77,0.010671819295795991,11
auto-sklearn,predict_F_AP_PRO_60pct_F_AP_PRO_61,Force regression,F_AP_PRO_78,0.010936479430327044,10
auto-sklearn,predict_F_AP_PRO_60pct_F_AP_PRO_61,Force regression,F_AP_PRO_79,0.006190950766335557,21
auto-sklearn,predict_F_AP_PRO_60pct_F_AP_PRO_61,Force regression,F_AP_PRO_80,0.005404574649943439,24
auto-sklearn,predict_F_AP_PRO_60pct_F_AP_PRO_61,Force regression,F_AP_PRO_81,0.004028756735671798,27
auto-sklearn,predict_F_AP_PRO_60pct_F_AP_PRO_61,Force regression,F_AP_PRO_82,0.002751140884937712,38
auto-sklearn,predict_F_AP_PRO_60pct_F_AP_PRO_61,Force regression,F_AP_PRO_83,0.0009295785398993862,71
auto-sklearn,predict_F_AP_PRO_60pct_F_AP_PRO_61,Force regression,F_AP_PRO_84,0.0006638933676443011,75
auto-sklearn,predict_F_AP_PRO_60pct_F_AP_PRO_61,Force regression,F_AP_PRO_85,0.002937294039084929,37
auto-sklearn,predict_F_AP_PRO_60pct_F_AP_PRO_61,Force regression,F_AP_PRO_86,0.007699615735729391,15
auto-sklearn,predict_F_AP_PRO_60pct_F_AP_PRO_61,Force regression,F_AP_PRO_87,0.010588236057571693,13
auto-sklearn,predict_F_AP_PRO_60pct_F_AP_PRO_61,Force regression,F_AP_PRO_88,0.01152804806126817,9
auto-sklearn,predict_F_AP_PRO_60pct_F_AP_PRO_61,Force regression,F_AP_PRO_89,0.010246212441271984,14
auto-sklearn,predict_F_AP_PRO_60pct_F_AP_PRO_61,Force regression,F_AP_PRO_90,0.007471064872026859,16
auto-sklearn,predict_F_AP_PRO_60pct_F_AP_PRO_61,Force regression,F_AP_PRO_91,0.004182966924394215,26
auto-sklearn,predict_F_AP_PRO_60pct_F_AP_PRO_61,Force regression,F_AP_PRO_92,0.0037792018046325106,30
auto-sklearn,predict_F_AP_PRO_60pct_F_AP_PRO_61,Force regression,F_AP_PRO_93,0.003965918733736749,28
auto-sklearn,predict_F_AP_PRO_60pct_F_AP_PRO_61,Force regression,F_AP_PRO_94,0.002480321465930674,41
auto-sklearn,predict_F_AP_PRO_60pct_F_AP_PRO_61,Force regression,F_AP_PRO_95,0.003072960408238015,36
auto-sklearn,predict_F_AP_PRO_60pct_F_AP_PRO_61,Force regression,F_AP_PRO_96,0.0026292658455584297,39
auto-sklearn,predict_F_AP_PRO_60pct_F_AP_PRO_61,Force regression,F_AP_PRO_97,0.0017781753420040706,48
auto-sklearn,predict_F_AP_PRO_60pct_F_AP_PRO_61,Force regression,F_AP_PRO_98,0.003208251678672614,35
auto-sklearn,predict_F_AP_PRO_60pct_F_AP_PRO_61,Force regression,F_AP_PRO_99,0.0017509929028376825,50
auto-sklearn,predict_F_AP_PRO_60pct_F_AP_PRO_61,Force regression,F_AP_PRO_100,0.0007474275078734104,74
auto-sklearn,predict_F_AP_PRO_60pct_F_AP_PRO_61,Force regression,F_AP_PRO_101,0.00012011873681895091,80
auto-sklearn,predict_F_AP_PRO_80pct_F_AP_PRO_81,Force regression,F_AP_PRO_1,0.0012797388324720985,72
auto-sklearn,predict_F_AP_PRO_80pct_F_AP_PRO_81,Force regression,F_AP_PRO_2,0.0030054756355368433,61
auto-sklearn,predict_F_AP_PRO_80pct_F_AP_PRO_81,Force regression,F_AP_PRO_3,0.002259203125050083,67
auto-sklearn,predict_F_AP_PRO_80pct_F_AP_PRO_81,Force regression,F_AP_PRO_4,0.0003572219978604032,80
auto-sklearn,predict_F_AP_PRO_80pct_F_AP_PRO_81,Force regression,F_AP_PRO_5,0.0004914591887241415,79
auto-sklearn,predict_F_AP_PRO_80pct_F_AP_PRO_81,Force regression,F_AP_PRO_6,0.0017957336576914186,70
auto-sklearn,predict_F_AP_PRO_80pct_F_AP_PRO_81,Force regression,F_AP_PRO_7,0.004047870086376656,53
auto-sklearn,predict_F_AP_PRO_80pct_F_AP_PRO_81,Force regression,F_AP_PRO_8,0.006336413525251878,42
auto-sklearn,predict_F_AP_PRO_80pct_F_AP_PRO_81,Force regression,F_AP_PRO_9,0.007780002683271757,30
auto-sklearn,predict_F_AP_PRO_80pct_F_AP_PRO_81,Force regression,F_AP_PRO_10,0.005979036104270364,44
auto-sklearn,predict_F_AP_PRO_80pct_F_AP_PRO_81,Force regression,F_AP_PRO_11,0.0005629748184647826,78
auto-sklearn,predict_F_AP_PRO_80pct_F_AP_PRO_81,Force regression,F_AP_PRO_12,0.003118506036052068,60
auto-sklearn,predict_F_AP_PRO_80pct_F_AP_PRO_81,Force regression,F_AP_PRO_13,0.005452994365529674,47
auto-sklearn,predict_F_AP_PRO_80pct_F_AP_PRO_81,Force regression,F_AP_PRO_14,0.005938878350011588,45
auto-sklearn,predict_F_AP_PRO_80pct_F_AP_PRO_81,Force regression,F_AP_PRO_15,0.009429142045607377,25
auto-sklearn,predict_F_AP_PRO_80pct_F_AP_PRO_81,Force regression,F_AP_PRO_16,0.0065928921998840645,40
auto-sklearn,predict_F_AP_PRO_80pct_F_AP_PRO_81,Force regression,F_AP_PRO_17,0.0073811379825541095,33
auto-sklearn,predict_F_AP_PRO_80pct_F_AP_PRO_81,Force regression,F_AP_PRO_18,0.009470679813530293,24
auto-sklearn,predict_F_AP_PRO_80pct_F_AP_PRO_81,Force regression,F_AP_PRO_19,0.00984456011903886,22
auto-sklearn,predict_F_AP_PRO_80pct_F_AP_PRO_81,Force regression,F_AP_PRO_20,0.009894046500221724,21
auto-sklearn,predict_F_AP_PRO_80pct_F_AP_PRO_81,Force regression,F_AP_PRO_21,0.009565637437704333,23
auto-sklearn,predict_F_AP_PRO_80pct_F_AP_PRO_81,Force regression,F_AP_PRO_22,0.00616555054066703,43
auto-sklearn,predict_F_AP_PRO_80pct_F_AP_PRO_81,Force regression,F_AP_PRO_23,0.003378376518790092,56
auto-sklearn,predict_F_AP_PRO_80pct_F_AP_PRO_81,Force regression,F_AP_PRO_24,0.007045721056664154,35
auto-sklearn,predict_F_AP_PRO_80pct_F_AP_PRO_81,Force regression,F_AP_PRO_25,0.009959045017836616,20
auto-sklearn,predict_F_AP_PRO_80pct_F_AP_PRO_81,Force regression,F_AP_PRO_26,0.0022961700653346883,65
auto-sklearn,predict_F_AP_PRO_80pct_F_AP_PRO_81,Force regression,F_AP_PRO_27,0.006671405169026306,38
auto-sklearn,predict_F_AP_PRO_80pct_F_AP_PRO_81,Force regression,F_AP_PRO_28,0.007776492225627104,31
auto-sklearn,predict_F_AP_PRO_80pct_F_AP_PRO_81,Force regression,F_AP_PRO_29,0.0048506767998915176,49
auto-sklearn,predict_F_AP_PRO_80pct_F_AP_PRO_81,Force regression,F_AP_PRO_30,0.0035715564419774117,55
auto-sklearn,predict_F_AP_PRO_80pct_F_AP_PRO_81,Force regression,F_AP_PRO_31,0.005858297153608877,46
auto-sklearn,predict_F_AP_PRO_80pct_F_AP_PRO_81,Force regression,F_AP_PRO_32,0.0045068376128717,50
auto-sklearn,predict_F_AP_PRO_80pct_F_AP_PRO_81,Force regression,F_AP_PRO_33,0.004367248491073647,51
auto-sklearn,predict_F_AP_PRO_80pct_F_AP_PRO_81,Force regression,F_AP_PRO_34,0.002816773858205931,62
auto-sklearn,predict_F_AP_PRO_80pct_F_AP_PRO_81,Force regression,F_AP_PRO_35,0.0031797667431593354,59
auto-sklearn,predict_F_AP_PRO_80pct_F_AP_PRO_81,Force regression,F_AP_PRO_36,0.003929103145324109,54
auto-sklearn,predict_F_AP_PRO_80pct_F_AP_PRO_81,Force regression,F_AP_PRO_37,0.004293798543978486,52
auto-sklearn,predict_F_AP_PRO_80pct_F_AP_PRO_81,Force regression,F_AP_PRO_38,0.002368077557120055,64
auto-sklearn,predict_F_AP_PRO_80pct_F_AP_PRO_81,Force regression,F_AP_PRO_39,0.0007493694979800943,76
auto-sklearn,predict_F_AP_PRO_80pct_F_AP_PRO_81,Force regression,F_AP_PRO_40,0.0017355510242438596,71
auto-sklearn,predict_F_AP_PRO_80pct_F_AP_PRO_81,Force regression,F_AP_PRO_41,0.001129807827037034,73
auto-sklearn,predict_F_AP_PRO_80pct_F_AP_PRO_81,Force regression,F_AP_PRO_42,0.0008908797717498011,75
auto-sklearn,predict_F_AP_PRO_80pct_F_AP_PRO_81,Force regression,F_AP_PRO_43,0.0020156142711380705,69
auto-sklearn,predict_F_AP_PRO_80pct_F_AP_PRO_81,Force regression,F_AP_PRO_44,0.0022816429638252093,66
auto-sklearn,predict_F_AP_PRO_80pct_F_AP_PRO_81,Force regression,F_AP_PRO_45,0.003243067448467224,58
auto-sklearn,predict_F_AP_PRO_80pct_F_AP_PRO_81,Force regression,F_AP_PRO_46,0.0027750289608051803,63
auto-sklearn,predict_F_AP_PRO_80pct_F_AP_PRO_81,Force regression,F_AP_PRO_47,0.001012314848317249,74
auto-sklearn,predict_F_AP_PRO_80pct_F_AP_PRO_81,Force regression,F_AP_PRO_48,0.003255992296125943,57
auto-sklearn,predict_F_AP_PRO_80pct_F_AP_PRO_81,Force regression,F_AP_PRO_49,0.005213859128170747,48
auto-sklearn,predict_F_AP_PRO_80pct_F_AP_PRO_81,Force regression,F_AP_PRO_50,0.008501474846749464,28
auto-sklearn,predict_F_AP_PRO_80pct_F_AP_PRO_81,Force regression,F_AP_PRO_51,0.0066117231669680495,39
auto-sklearn,predict_F_AP_PRO_80pct_F_AP_PRO_81,Force regression,F_AP_PRO_52,0.007003828970198003,37
auto-sklearn,predict_F_AP_PRO_80pct_F_AP_PRO_81,Force regression,F_AP_PRO_53,0.006444392852536918,41
auto-sklearn,predict_F_AP_PRO_80pct_F_AP_PRO_81,Force regression,F_AP_PRO_54,0.007012631972242767,36
auto-sklearn,predict_F_AP_PRO_80pct_F_AP_PRO_81,Force regression,F_AP_PRO_55,0.010797881371160554,18
auto-sklearn,predict_F_AP_PRO_80pct_F_AP_PRO_81,Force regression,F_AP_PRO_56,0.007745912088029499,32
auto-sklearn,predict_F_AP_PRO_80pct_F_AP_PRO_81,Force regression,F_AP_PRO_57,0.010398319952603841,19
auto-sklearn,predict_F_AP_PRO_80pct_F_AP_PRO_81,Force regression,F_AP_PRO_58,0.009035194591437982,26
auto-sklearn,predict_F_AP_PRO_80pct_F_AP_PRO_81,Force regression,F_AP_PRO_59,0.007323702564566501,34
auto-sklearn,predict_F_AP_PRO_80pct_F_AP_PRO_81,Force regression,F_AP_PRO_60,0.007799133476723606,29
auto-sklearn,predict_F_AP_PRO_80pct_F_AP_PRO_81,Force regression,F_AP_PRO_61,0.011326096951107804,17
auto-sklearn,predict_F_AP_PRO_80pct_F_AP_PRO_81,Force regression,F_AP_PRO_62,0.015144322302787462,16
auto-sklearn,predict_F_AP_PRO_80pct_F_AP_PRO_81,Force regression,F_AP_PRO_63,0.025958520146707697,13
auto-sklearn,predict_F_AP_PRO_80pct_F_AP_PRO_81,Force regression,F_AP_PRO_64,0.0527419212621171,8
auto-sklearn,predict_F_AP_PRO_80pct_F_AP_PRO_81,Force regression,F_AP_PRO_65,0.0570903880291929,6
auto-sklearn,predict_F_AP_PRO_80pct_F_AP_PRO_81,Force regression,F_AP_PRO_66,0.07936836620603893,3
auto-sklearn,predict_F_AP_PRO_80pct_F_AP_PRO_81,Force regression,F_AP_PRO_67,0.07892100815149022,4
auto-sklearn,predict_F_AP_PRO_80pct_F_AP_PRO_81,Force regression,F_AP_PRO_68,0.052708061062549764,9
auto-sklearn,predict_F_AP_PRO_80pct_F_AP_PRO_81,Force regression,F_AP_PRO_69,0.03852025305598768,11
auto-sklearn,predict_F_AP_PRO_80pct_F_AP_PRO_81,Force regression,F_AP_PRO_70,0.016509383483246588,15
auto-sklearn,predict_F_AP_PRO_80pct_F_AP_PRO_81,Force regression,F_AP_PRO_92,0.04622907978272997,10
auto-sklearn,predict_F_AP_PRO_80pct_F_AP_PRO_81,Force regression,F_AP_PRO_93,0.08829346314887519,2
auto-sklearn,predict_F_AP_PRO_80pct_F_AP_PRO_81,Force regression,F_AP_PRO_94,0.09246212574358408,1
auto-sklearn,predict_F_AP_PRO_80pct_F_AP_PRO_81,Force regression,F_AP_PRO_95,0.07678181012393903,5
auto-sklearn,predict_F_AP_PRO_80pct_F_AP_PRO_81,Force regression,F_AP_PRO_96,0.054609465550553675,7
auto-sklearn,predict_F_AP_PRO_80pct_F_AP_PRO_81,Force regression,F_AP_PRO_97,0.026188044315022932,12
auto-sklearn,predict_F_AP_PRO_80pct_F_AP_PRO_81,Force regression,F_AP_PRO_98,0.025141370598925274,14
auto-sklearn,predict_F_AP_PRO_80pct_F_AP_PRO_81,Force regression,F_AP_PRO_99,0.008766906633326367,27
auto-sklearn,predict_F_AP_PRO_80pct_F_AP_PRO_81,Force regression,F_AP_PRO_100,0.002017295109185701,68
auto-sklearn,predict_F_AP_PRO_80pct_F_AP_PRO_81,Force regression,F_AP_PRO_101,0.000686106546549124,77
auto-sklearn,predict_F_ML_PRO_20pct_F_ML_PRO_21,Force regression,F_ML_PRO_1,0.0005427597764924534,73
auto-sklearn,predict_F_ML_PRO_20pct_F_ML_PRO_21,Force regression,F_ML_PRO_2,0.00026759490271494166,80
auto-sklearn,predict_F_ML_PRO_20pct_F_ML_PRO_21,Force regression,F_ML_PRO_3,0.004584000902746013,24
auto-sklearn,predict_F_ML_PRO_20pct_F_ML_PRO_21,Force regression,F_ML_PRO_4,0.011341975692439445,12
auto-sklearn,predict_F_ML_PRO_20pct_F_ML_PRO_21,Force regression,F_ML_PRO_5,0.01843650467155678,10
auto-sklearn,predict_F_ML_PRO_20pct_F_ML_PRO_21,Force regression,F_ML_PRO_6,0.02718252758858241,4
auto-sklearn,predict_F_ML_PRO_20pct_F_ML_PRO_21,Force regression,F_ML_PRO_7,0.030063773779364217,3
auto-sklearn,predict_F_ML_PRO_20pct_F_ML_PRO_21,Force regression,F_ML_PRO_8,0.02586906765025859,6
auto-sklearn,predict_F_ML_PRO_20pct_F_ML_PRO_21,Force regression,F_ML_PRO_9,0.014021245388823973,11
auto-sklearn,predict_F_ML_PRO_20pct_F_ML_PRO_21,Force regression,F_ML_PRO_10,0.005038996570284395,19
auto-sklearn,predict_F_ML_PRO_20pct_F_ML_PRO_21,Force regression,F_ML_PRO_32,0.00723345252276831,15
auto-sklearn,predict_F_ML_PRO_20pct_F_ML_PRO_21,Force regression,F_ML_PRO_33,0.02192014196434507,8
auto-sklearn,predict_F_ML_PRO_20pct_F_ML_PRO_21,Force regression,F_ML_PRO_34,0.026271599710866258,5
auto-sklearn,predict_F_ML_PRO_20pct_F_ML_PRO_21,Force regression,F_ML_PRO_35,0.031094364177821094,2
auto-sklearn,predict_F_ML_PRO_20pct_F_ML_PRO_21,Force regression,F_ML_PRO_36,0.0315875077010423,1
auto-sklearn,predict_F_ML_PRO_20pct_F_ML_PRO_21,Force regression,F_ML_PRO_37,0.0238244069951508,7
auto-sklearn,predict_F_ML_PRO_20pct_F_ML_PRO_21,Force regression,F_ML_PRO_38,0.0190186110236229,9
auto-sklearn,predict_F_ML_PRO_20pct_F_ML_PRO_21,Force regression,F_ML_PRO_39,0.011307923613576732,13
auto-sklearn,predict_F_ML_PRO_20pct_F_ML_PRO_21,Force regression,F_ML_PRO_40,0.006665244073657087,16
auto-sklearn,predict_F_ML_PRO_20pct_F_ML_PRO_21,Force regression,F_ML_PRO_41,0.004984560303179133,20
auto-sklearn,predict_F_ML_PRO_20pct_F_ML_PRO_21,Force regression,F_ML_PRO_42,0.0035195809513998604,29
auto-sklearn,predict_F_ML_PRO_20pct_F_ML_PRO_21,Force regression,F_ML_PRO_43,0.0028950949404551716,36
auto-sklearn,predict_F_ML_PRO_20pct_F_ML_PRO_21,Force regression,F_ML_PRO_44,0.003462311599214066,30
auto-sklearn,predict_F_ML_PRO_20pct_F_ML_PRO_21,Force regression,F_ML_PRO_45,0.00465015503371312,23
auto-sklearn,predict_F_ML_PRO_20pct_F_ML_PRO_21,Force regression,F_ML_PRO_46,0.005606303756453215,18
auto-sklearn,predict_F_ML_PRO_20pct_F_ML_PRO_21,Force regression,F_ML_PRO_47,0.004845713218257054,22
auto-sklearn,predict_F_ML_PRO_20pct_F_ML_PRO_21,Force regression,F_ML_PRO_48,0.0041256299076581696,26
auto-sklearn,predict_F_ML_PRO_20pct_F_ML_PRO_21,Force regression,F_ML_PRO_49,0.0021109671330055394,47
auto-sklearn,predict_F_ML_PRO_20pct_F_ML_PRO_21,Force regression,F_ML_PRO_50,0.002143009078036963,45
auto-sklearn,predict_F_ML_PRO_20pct_F_ML_PRO_21,Force regression,F_ML_PRO_51,0.001420895696225608,57
auto-sklearn,predict_F_ML_PRO_20pct_F_ML_PRO_21,Force regression,F_ML_PRO_52,0.0005173118090199042,74
auto-sklearn,predict_F_ML_PRO_20pct_F_ML_PRO_21,Force regression,F_ML_PRO_53,0.0005778226254190276,72
auto-sklearn,predict_F_ML_PRO_20pct_F_ML_PRO_21,Force regression,F_ML_PRO_54,0.0016076862093396924,53
auto-sklearn,predict_F_ML_PRO_20pct_F_ML_PRO_21,Force regression,F_ML_PRO_55,0.0014061250550507789,58
auto-sklearn,predict_F_ML_PRO_20pct_F_ML_PRO_21,Force regression,F_ML_PRO_56,0.0010741444426644196,63
auto-sklearn,predict_F_ML_PRO_20pct_F_ML_PRO_21,Force regression,F_ML_PRO_57,0.0008933912895040013,69
auto-sklearn,predict_F_ML_PRO_20pct_F_ML_PRO_21,Force regression,F_ML_PRO_58,0.0003729531092576003,78
auto-sklearn,predict_F_ML_PRO_20pct_F_ML_PRO_21,Force regression,F_ML_PRO_59,0.0013904536691443355,59
auto-sklearn,predict_F_ML_PRO_20pct_F_ML_PRO_21,Force regression,F_ML_PRO_60,0.0009336016245258189,66
auto-sklearn,predict_F_ML_PRO_20pct_F_ML_PRO_21,Force regression,F_ML_PRO_61,0.0013869060704696239,60
auto-sklearn,predict_F_ML_PRO_20pct_F_ML_PRO_21,Force regression,F_ML_PRO_62,0.0009745141597113226,65
auto-sklearn,predict_F_ML_PRO_20pct_F_ML_PRO_21,Force regression,F_ML_PRO_63,0.0009191687588174009,67
auto-sklearn,predict_F_ML_PRO_20pct_F_ML_PRO_21,Force regression,F_ML_PRO_64,0.0015646342560220832,54
auto-sklearn,predict_F_ML_PRO_20pct_F_ML_PRO_21,Force regression,F_ML_PRO_65,0.0021816258669827013,44
auto-sklearn,predict_F_ML_PRO_20pct_F_ML_PRO_21,Force regression,F_ML_PRO_66,0.0021200047680621117,46
auto-sklearn,predict_F_ML_PRO_20pct_F_ML_PRO_21,Force regression,F_ML_PRO_67,0.0008777201874770058,70
auto-sklearn,predict_F_ML_PRO_20pct_F_ML_PRO_21,Force regression,F_ML_PRO_68,0.000682504002987805,71
auto-sklearn,predict_F_ML_PRO_20pct_F_ML_PRO_21,Force regression,F_ML_PRO_69,0.0014323617159883372,56
auto-sklearn,predict_F_ML_PRO_20pct_F_ML_PRO_21,Force regression,F_ML_PRO_70,0.00043187189674778065,76
auto-sklearn,predict_F_ML_PRO_20pct_F_ML_PRO_21,Force regression,F_ML_PRO_71,0.0009050619597305104,68
auto-sklearn,predict_F_ML_PRO_20pct_F_ML_PRO_21,Force regression,F_ML_PRO_72,0.0011121950306300222,62
auto-sklearn,predict_F_ML_PRO_20pct_F_ML_PRO_21,Force regression,F_ML_PRO_73,0.0018822987922093063,51
auto-sklearn,predict_F_ML_PRO_20pct_F_ML_PRO_21,Force regression,F_ML_PRO_74,0.0022097963529724316,43
auto-sklearn,predict_F_ML_PRO_20pct_F_ML_PRO_21,Force regression,F_ML_PRO_75,0.002699449032819132,39
auto-sklearn,predict_F_ML_PRO_20pct_F_ML_PRO_21,Force regression,F_ML_PRO_76,0.003637920626942706,28
auto-sklearn,predict_F_ML_PRO_20pct_F_ML_PRO_21,Force regression,F_ML_PRO_77,0.0030681306615357967,35
auto-sklearn,predict_F_ML_PRO_20pct_F_ML_PRO_21,Force regression,F_ML_PRO_78,0.004532723118565638,25
auto-sklearn,predict_F_ML_PRO_20pct_F_ML_PRO_21,Force regression,F_ML_PRO_79,0.003770016286121452,27
auto-sklearn,predict_F_ML_PRO_20pct_F_ML_PRO_21,Force regression,F_ML_PRO_80,0.0014882317801609582,55
auto-sklearn,predict_F_ML_PRO_20pct_F_ML_PRO_21,Force regression,F_ML_PRO_81,0.0033044931924702055,33
auto-sklearn,predict_F_ML_PRO_20pct_F_ML_PRO_21,Force regression,F_ML_PRO_82,0.007565872507710512,14
auto-sklearn,predict_F_ML_PRO_20pct_F_ML_PRO_21,Force regression,F_ML_PRO_83,0.005875799414526884,17
auto-sklearn,predict_F_ML_PRO_20pct_F_ML_PRO_21,Force regression,F_ML_PRO_84,0.0033644478489039975,32
auto-sklearn,predict_F_ML_PRO_20pct_F_ML_PRO_21,Force regression,F_ML_PRO_85,0.0020340686068172236,48
auto-sklearn,predict_F_ML_PRO_20pct_F_ML_PRO_21,Force regression,F_ML_PRO_86,0.0027577167367126704,37
auto-sklearn,predict_F_ML_PRO_20pct_F_ML_PRO_21,Force regression,F_ML_PRO_87,0.003269286270010905,34
auto-sklearn,predict_F_ML_PRO_20pct_F_ML_PRO_21,Force regression,F_ML_PRO_88,0.0023818032881641094,41
auto-sklearn,predict_F_ML_PRO_20pct_F_ML_PRO_21,Force regression,F_ML_PRO_89,0.001970509341431819,49
auto-sklearn,predict_F_ML_PRO_20pct_F_ML_PRO_21,Force regression,F_ML_PRO_90,0.0019046064028217823,50
auto-sklearn,predict_F_ML_PRO_20pct_F_ML_PRO_21,Force regression,F_ML_PRO_91,0.002371918329651055,42
auto-sklearn,predict_F_ML_PRO_20pct_F_ML_PRO_21,Force regression,F_ML_PRO_92,0.002668353171412744,40
auto-sklearn,predict_F_ML_PRO_20pct_F_ML_PRO_21,Force regression,F_ML_PRO_93,0.004862134359823827,21
auto-sklearn,predict_F_ML_PRO_20pct_F_ML_PRO_21,Force regression,F_ML_PRO_94,0.0034421113333494694,31
auto-sklearn,predict_F_ML_PRO_20pct_F_ML_PRO_21,Force regression,F_ML_PRO_95,0.002710916357072171,38
auto-sklearn,predict_F_ML_PRO_20pct_F_ML_PRO_21,Force regression,F_ML_PRO_96,0.0004714633873479673,75
auto-sklearn,predict_F_ML_PRO_20pct_F_ML_PRO_21,Force regression,F_ML_PRO_97,0.000335067454834845,79
auto-sklearn,predict_F_ML_PRO_20pct_F_ML_PRO_21,Force regression,F_ML_PRO_98,0.0009831256828120175,64
auto-sklearn,predict_F_ML_PRO_20pct_F_ML_PRO_21,Force regression,F_ML_PRO_99,0.0013777732257861004,61
auto-sklearn,predict_F_ML_PRO_20pct_F_ML_PRO_21,Force regression,F_ML_PRO_100,0.0017110109555222334,52
auto-sklearn,predict_F_ML_PRO_20pct_F_ML_PRO_21,Force regression,F_ML_PRO_101,0.000375709660937698,77
auto-sklearn,predict_F_ML_PRO_40pct_F_ML_PRO_41,Force regression,F_ML_PRO_1,0.00041319535947678156,72
auto-sklearn,predict_F_ML_PRO_40pct_F_ML_PRO_41,Force regression,F_ML_PRO_2,0.0019190560224681258,47
auto-sklearn,predict_F_ML_PRO_40pct_F_ML_PRO_41,Force regression,F_ML_PRO_3,0.0004767593589735032,70
auto-sklearn,predict_F_ML_PRO_40pct_F_ML_PRO_41,Force regression,F_ML_PRO_4,0.004243884392022475,28
auto-sklearn,predict_F_ML_PRO_40pct_F_ML_PRO_41,Force regression,F_ML_PRO_5,0.006698487803513142,16
auto-sklearn,predict_F_ML_PRO_40pct_F_ML_PRO_41,Force regression,F_ML_PRO_6,0.008513066447180197,11
auto-sklearn,predict_F_ML_PRO_40pct_F_ML_PRO_41,Force regression,F_ML_PRO_7,0.008224505905009526,12
auto-sklearn,predict_F_ML_PRO_40pct_F_ML_PRO_41,Force regression,F_ML_PRO_8,0.004798896599435815,22
auto-sklearn,predict_F_ML_PRO_40pct_F_ML_PRO_41,Force regression,F_ML_PRO_9,0.0010229592910091078,61
auto-sklearn,predict_F_ML_PRO_40pct_F_ML_PRO_41,Force regression,F_ML_PRO_10,0.00039432231234302645,73
auto-sklearn,predict_F_ML_PRO_40pct_F_ML_PRO_41,Force regression,F_ML_PRO_11,0.000359752471112036,75
auto-sklearn,predict_F_ML_PRO_40pct_F_ML_PRO_41,Force regression,F_ML_PRO_12,0.0002765968766167155,79
auto-sklearn,predict_F_ML_PRO_40pct_F_ML_PRO_41,Force regression,F_ML_PRO_13,0.0005611497184730527,67
auto-sklearn,predict_F_ML_PRO_40pct_F_ML_PRO_41,Force regression,F_ML_PRO_14,0.00041367520578720077,71
auto-sklearn,predict_F_ML_PRO_40pct_F_ML_PRO_41,Force regression,F_ML_PRO_15,0.001073670397464046,59
auto-sklearn,predict_F_ML_PRO_40pct_F_ML_PRO_41,Force regression,F_ML_PRO_16,0.0015261615469154921,54
auto-sklearn,predict_F_ML_PRO_40pct_F_ML_PRO_41,Force regression,F_ML_PRO_17,0.001876666249695727,49
auto-sklearn,predict_F_ML_PRO_40pct_F_ML_PRO_41,Force regression,F_ML_PRO_18,0.002158803485540558,43
auto-sklearn,predict_F_ML_PRO_40pct_F_ML_PRO_41,Force regression,F_ML_PRO_19,0.0018048553523331158,51
auto-sklearn,predict_F_ML_PRO_40pct_F_ML_PRO_41,Force regression,F_ML_PRO_20,0.00034990413569198613,76
auto-sklearn,predict_F_ML_PRO_40pct_F_ML_PRO_41,Force regression,F_ML_PRO_21,0.0020774266991435172,45
auto-sklearn,predict_F_ML_PRO_40pct_F_ML_PRO_41,Force regression,F_ML_PRO_22,0.003691291538467236,33
auto-sklearn,predict_F_ML_PRO_40pct_F_ML_PRO_41,Force regression,F_ML_PRO_23,0.006481204137166015,18
auto-sklearn,predict_F_ML_PRO_40pct_F_ML_PRO_41,Force regression,F_ML_PRO_24,0.009332935134225466,10
auto-sklearn,predict_F_ML_PRO_40pct_F_ML_PRO_41,Force regression,F_ML_PRO_25,0.017761939121659204,4
auto-sklearn,predict_F_ML_PRO_40pct_F_ML_PRO_41,Force regression,F_ML_PRO_26,0.021875250954540338,1
auto-sklearn,predict_F_ML_PRO_40pct_F_ML_PRO_41,Force regression,F_ML_PRO_27,0.0180204832151982,3
auto-sklearn,predict_F_ML_PRO_40pct_F_ML_PRO_41,Force regression,F_ML_PRO_28,0.020727455938922994,2
auto-sklearn,predict_F_ML_PRO_40pct_F_ML_PRO_41,Force regression,F_ML_PRO_29,0.01411641159474413,8
auto-sklearn,predict_F_ML_PRO_40pct_F_ML_PRO_41,Force regression,F_ML_PRO_30,0.0062116003139828894,19
auto-sklearn,predict_F_ML_PRO_40pct_F_ML_PRO_41,Force regression,F_ML_PRO_52,0.003916556959739598,29
auto-sklearn,predict_F_ML_PRO_40pct_F_ML_PRO_41,Force regression,F_ML_PRO_53,0.007729017878433682,13
auto-sklearn,predict_F_ML_PRO_40pct_F_ML_PRO_41,Force regression,F_ML_PRO_54,0.014959843260877346,6
auto-sklearn,predict_F_ML_PRO_40pct_F_ML_PRO_41,Force regression,F_ML_PRO_55,0.015478326309307098,5
auto-sklearn,predict_F_ML_PRO_40pct_F_ML_PRO_41,Force regression,F_ML_PRO_56,0.01482143074734385,7
auto-sklearn,predict_F_ML_PRO_40pct_F_ML_PRO_41,Force regression,F_ML_PRO_57,0.011071473328295955,9
auto-sklearn,predict_F_ML_PRO_40pct_F_ML_PRO_41,Force regression,F_ML_PRO_58,0.007638036346609208,14
auto-sklearn,predict_F_ML_PRO_40pct_F_ML_PRO_41,Force regression,F_ML_PRO_59,0.007544613824091687,15
auto-sklearn,predict_F_ML_PRO_40pct_F_ML_PRO_41,Force regression,F_ML_PRO_60,0.005410265866866669,20
auto-sklearn,predict_F_ML_PRO_40pct_F_ML_PRO_41,Force regression,F_ML_PRO_61,0.006482608459500081,17
auto-sklearn,predict_F_ML_PRO_40pct_F_ML_PRO_41,Force regression,F_ML_PRO_62,0.0047171353612042895,24
auto-sklearn,predict_F_ML_PRO_40pct_F_ML_PRO_41,Force regression,F_ML_PRO_63,0.00447276906214717,25
auto-sklearn,predict_F_ML_PRO_40pct_F_ML_PRO_41,Force regression,F_ML_PRO_64,0.00426694519306795,27
auto-sklearn,predict_F_ML_PRO_40pct_F_ML_PRO_41,Force regression,F_ML_PRO_65,0.0024835444787500672,38
auto-sklearn,predict_F_ML_PRO_40pct_F_ML_PRO_41,Force regression,F_ML_PRO_66,0.0016103621974551752,53
auto-sklearn,predict_F_ML_PRO_40pct_F_ML_PRO_41,Force regression,F_ML_PRO_67,0.0004919216721009624,69
auto-sklearn,predict_F_ML_PRO_40pct_F_ML_PRO_41,Force regression,F_ML_PRO_68,0.002256187845924213,42
auto-sklearn,predict_F_ML_PRO_40pct_F_ML_PRO_41,Force regression,F_ML_PRO_69,0.0035835833887105377,35
auto-sklearn,predict_F_ML_PRO_40pct_F_ML_PRO_41,Force regression,F_ML_PRO_70,0.004772651228054302,23
auto-sklearn,predict_F_ML_PRO_40pct_F_ML_PRO_41,Force regression,F_ML_PRO_71,0.0043464470084250036,26
auto-sklearn,predict_F_ML_PRO_40pct_F_ML_PRO_41,Force regression,F_ML_PRO_72,0.003609205728354923,34
auto-sklearn,predict_F_ML_PRO_40pct_F_ML_PRO_41,Force regression,F_ML_PRO_73,0.003140576961865766,36
auto-sklearn,predict_F_ML_PRO_40pct_F_ML_PRO_41,Force regression,F_ML_PRO_74,0.003887123694129889,30
auto-sklearn,predict_F_ML_PRO_40pct_F_ML_PRO_41,Force regression,F_ML_PRO_75,0.0018735799230947764,50
auto-sklearn,predict_F_ML_PRO_40pct_F_ML_PRO_41,Force regression,F_ML_PRO_76,0.0007946023786630107,63
auto-sklearn,predict_F_ML_PRO_40pct_F_ML_PRO_41,Force regression,F_ML_PRO_77,0.0003392689235949843,77
auto-sklearn,predict_F_ML_PRO_40pct_F_ML_PRO_41,Force regression,F_ML_PRO_78,0.000817074450802964,62
auto-sklearn,predict_F_ML_PRO_40pct_F_ML_PRO_41,Force regression,F_ML_PRO_79,0.0006812438103352493,64
auto-sklearn,predict_F_ML_PRO_40pct_F_ML_PRO_41,Force regression,F_ML_PRO_80,0.0011704656300757582,56
auto-sklearn,predict_F_ML_PRO_40pct_F_ML_PRO_41,Force regression,F_ML_PRO_81,0.0018802947310345294,48
auto-sklearn,predict_F_ML_PRO_40pct_F_ML_PRO_41,Force regression,F_ML_PRO_82,0.001151298562679073,57
auto-sklearn,predict_F_ML_PRO_40pct_F_ML_PRO_41,Force regression,F_ML_PRO_83,0.0006264832584615131,65
auto-sklearn,predict_F_ML_PRO_40pct_F_ML_PRO_41,Force regression,F_ML_PRO_84,0.0024113813282688784,39
auto-sklearn,predict_F_ML_PRO_40pct_F_ML_PRO_41,Force regression,F_ML_PRO_85,0.003722427139390413,32
auto-sklearn,predict_F_ML_PRO_40pct_F_ML_PRO_41,Force regression,F_ML_PRO_86,0.0021191703755725675,44
auto-sklearn,predict_F_ML_PRO_40pct_F_ML_PRO_41,Force regression,F_ML_PRO_87,0.0022599388819369614,41
auto-sklearn,predict_F_ML_PRO_40pct_F_ML_PRO_41,Force regression,F_ML_PRO_88,0.0013055477762677343,55
auto-sklearn,predict_F_ML_PRO_40pct_F_ML_PRO_41,Force regression,F_ML_PRO_89,0.00021026257640670867,80
auto-sklearn,predict_F_ML_PRO_40pct_F_ML_PRO_41,Force regression,F_ML_PRO_90,0.00031777957078859106,78
auto-sklearn,predict_F_ML_PRO_40pct_F_ML_PRO_41,Force regression,F_ML_PRO_91,0.0010479985750432665,60
auto-sklearn,predict_F_ML_PRO_40pct_F_ML_PRO_41,Force regression,F_ML_PRO_92,0.002021081677651087,46
auto-sklearn,predict_F_ML_PRO_40pct_F_ML_PRO_41,Force regression,F_ML_PRO_93,0.00226749390691824,40
auto-sklearn,predict_F_ML_PRO_40pct_F_ML_PRO_41,Force regression,F_ML_PRO_94,0.0030399817580434954,37
auto-sklearn,predict_F_ML_PRO_40pct_F_ML_PRO_41,Force regression,F_ML_PRO_95,0.004964683459255889,21
auto-sklearn,predict_F_ML_PRO_40pct_F_ML_PRO_41,Force regression,F_ML_PRO_96,0.0038034709807179467,31
auto-sklearn,predict_F_ML_PRO_40pct_F_ML_PRO_41,Force regression,F_ML_PRO_97,0.0016795723862907785,52
auto-sklearn,predict_F_ML_PRO_40pct_F_ML_PRO_41,Force regression,F_ML_PRO_98,0.0011396723318663484,58
auto-sklearn,predict_F_ML_PRO_40pct_F_ML_PRO_41,Force regression,F_ML_PRO_99,0.0005494401996126837,68
auto-sklearn,predict_F_ML_PRO_40pct_F_ML_PRO_41,Force regression,F_ML_PRO_100,0.0005732232079551044,66
auto-sklearn,predict_F_ML_PRO_40pct_F_ML_PRO_41,Force regression,F_ML_PRO_101,0.00038791370432444516,74
auto-sklearn,predict_F_ML_PRO_60pct_F_ML_PRO_61,Force regression,F_ML_PRO_1,8.797950426366458e-05,80
auto-sklearn,predict_F_ML_PRO_60pct_F_ML_PRO_61,Force regression,F_ML_PRO_2,0.0004847216798025795,70
auto-sklearn,predict_F_ML_PRO_60pct_F_ML_PRO_61,Force regression,F_ML_PRO_3,0.00044937231363031206,73
auto-sklearn,predict_F_ML_PRO_60pct_F_ML_PRO_61,Force regression,F_ML_PRO_4,0.0002672442705404179,77
auto-sklearn,predict_F_ML_PRO_60pct_F_ML_PRO_61,Force regression,F_ML_PRO_5,0.00015387951950049256,79
auto-sklearn,predict_F_ML_PRO_60pct_F_ML_PRO_61,Force regression,F_ML_PRO_6,0.0004537865779958818,72
auto-sklearn,predict_F_ML_PRO_60pct_F_ML_PRO_61,Force regression,F_ML_PRO_7,0.001777413709828629,47
auto-sklearn,predict_F_ML_PRO_60pct_F_ML_PRO_61,Force regression,F_ML_PRO_8,0.003148401725440086,36
auto-sklearn,predict_F_ML_PRO_60pct_F_ML_PRO_61,Force regression,F_ML_PRO_9,0.00466441351120889,23
auto-sklearn,predict_F_ML_PRO_60pct_F_ML_PRO_61,Force regression,F_ML_PRO_10,0.0038203019224470444,31
auto-sklearn,predict_F_ML_PRO_60pct_F_ML_PRO_61,Force regression,F_ML_PRO_11,0.00349174652553929,33
auto-sklearn,predict_F_ML_PRO_60pct_F_ML_PRO_61,Force regression,F_ML_PRO_12,0.002836770839449902,38
auto-sklearn,predict_F_ML_PRO_60pct_F_ML_PRO_61,Force regression,F_ML_PRO_13,0.0034475114651011714,34
auto-sklearn,predict_F_ML_PRO_60pct_F_ML_PRO_61,Force regression,F_ML_PRO_14,0.0016698911451269013,49
auto-sklearn,predict_F_ML_PRO_60pct_F_ML_PRO_61,Force regression,F_ML_PRO_15,0.0014075114301733845,54
auto-sklearn,predict_F_ML_PRO_60pct_F_ML_PRO_61,Force regression,F_ML_PRO_16,0.0003090881489226577,76
auto-sklearn,predict_F_ML_PRO_60pct_F_ML_PRO_61,Force regression,F_ML_PRO_17,0.0008351069876497034,66
auto-sklearn,predict_F_ML_PRO_60pct_F_ML_PRO_61,Force regression,F_ML_PRO_18,0.0014190181053825455,53
auto-sklearn,predict_F_ML_PRO_60pct_F_ML_PRO_61,Force regression,F_ML_PRO_19,0.001332200882755274,55
auto-sklearn,predict_F_ML_PRO_60pct_F_ML_PRO_61,Force regression,F_ML_PRO_20,0.0015931450910491723,52
auto-sklearn,predict_F_ML_PRO_60pct_F_ML_PRO_61,Force regression,F_ML_PRO_21,0.0022879770297730925,44
auto-sklearn,predict_F_ML_PRO_60pct_F_ML_PRO_61,Force regression,F_ML_PRO_22,0.003980464163689762,27
auto-sklearn,predict_F_ML_PRO_60pct_F_ML_PRO_61,Force regression,F_ML_PRO_23,0.005814800811990292,19
auto-sklearn,predict_F_ML_PRO_60pct_F_ML_PRO_61,Force regression,F_ML_PRO_24,0.006024370068435118,16
auto-sklearn,predict_F_ML_PRO_60pct_F_ML_PRO_61,Force regression,F_ML_PRO_25,0.006678113780400391,15
auto-sklearn,predict_F_ML_PRO_60pct_F_ML_PRO_61,Force regression,F_ML_PRO_26,0.004300110611209638,25
auto-sklearn,predict_F_ML_PRO_60pct_F_ML_PRO_61,Force regression,F_ML_PRO_27,0.004471960489011125,24
auto-sklearn,predict_F_ML_PRO_60pct_F_ML_PRO_61,Force regression,F_ML_PRO_28,0.003880857120757532,30
auto-sklearn,predict_F_ML_PRO_60pct_F_ML_PRO_61,Force regression,F_ML_PRO_29,0.003912453682040392,28
auto-sklearn,predict_F_ML_PRO_60pct_F_ML_PRO_61,Force regression,F_ML_PRO_30,0.0019215000968587715,46
auto-sklearn,predict_F_ML_PRO_60pct_F_ML_PRO_61,Force regression,F_ML_PRO_31,0.0007422587946876935,67
auto-sklearn,predict_F_ML_PRO_60pct_F_ML_PRO_61,Force regression,F_ML_PRO_32,0.0006681658149577205,68
auto-sklearn,predict_F_ML_PRO_60pct_F_ML_PRO_61,Force regression,F_ML_PRO_33,0.0008498474983534518,64
auto-sklearn,predict_F_ML_PRO_60pct_F_ML_PRO_61,Force regression,F_ML_PRO_34,0.001945411892559564,45
auto-sklearn,predict_F_ML_PRO_60pct_F_ML_PRO_61,Force regression,F_ML_PRO_35,0.002478517540450108,40
auto-sklearn,predict_F_ML_PRO_60pct_F_ML_PRO_61,Force regression,F_ML_PRO_36,0.0010236740850763982,60
auto-sklearn,predict_F_ML_PRO_60pct_F_ML_PRO_61,Force regression,F_ML_PRO_37,0.0003830593068650579,74
auto-sklearn,predict_F_ML_PRO_60pct_F_ML_PRO_61,Force regression,F_ML_PRO_38,0.001644859660447822,50
auto-sklearn,predict_F_ML_PRO_60pct_F_ML_PRO_61,Force regression,F_ML_PRO_39,0.0023662559090611673,42
auto-sklearn,predict_F_ML_PRO_60pct_F_ML_PRO_61,Force regression,F_ML_PRO_40,0.003815595214265607,32
auto-sklearn,predict_F_ML_PRO_60pct_F_ML_PRO_61,Force regression,F_ML_PRO_41,0.003410379434931012,35
auto-sklearn,predict_F_ML_PRO_60pct_F_ML_PRO_61,Force regression,F_ML_PRO_42,0.005837413960733304,17
auto-sklearn,predict_F_ML_PRO_60pct_F_ML_PRO_61,Force regression,F_ML_PRO_43,0.005323734034132704,21
auto-sklearn,predict_F_ML_PRO_60pct_F_ML_PRO_61,Force regression,F_ML_PRO_44,0.010208762360802504,11
auto-sklearn,predict_F_ML_PRO_60pct_F_ML_PRO_61,Force regression,F_ML_PRO_45,0.013714796837419526,9
auto-sklearn,predict_F_ML_PRO_60pct_F_ML_PRO_61,Force regression,F_ML_PRO_46,0.019012969268147512,3
auto-sklearn,predict_F_ML_PRO_60pct_F_ML_PRO_61,Force regression,F_ML_PRO_47,0.020282249017603816,2
auto-sklearn,predict_F_ML_PRO_60pct_F_ML_PRO_61,Force regression,F_ML_PRO_48,0.01859177470365687,5
auto-sklearn,predict_F_ML_PRO_60pct_F_ML_PRO_61,Force regression,F_ML_PRO_49,0.01367683625160529,10
auto-sklearn,predict_F_ML_PRO_60pct_F_ML_PRO_61,Force regression,F_ML_PRO_50,0.0076079877064469895,14
auto-sklearn,predict_F_ML_PRO_60pct_F_ML_PRO_61,Force regression,F_ML_PRO_72,0.0096855078442514,12
auto-sklearn,predict_F_ML_PRO_60pct_F_ML_PRO_61,Force regression,F_ML_PRO_73,0.017696780142108914,6
auto-sklearn,predict_F_ML_PRO_60pct_F_ML_PRO_61,Force regression,F_ML_PRO_74,0.020665404662565383,1
auto-sklearn,predict_F_ML_PRO_60pct_F_ML_PRO_61,Force regression,F_ML_PRO_75,0.018791914877614724,4
auto-sklearn,predict_F_ML_PRO_60pct_F_ML_PRO_61,Force regression,F_ML_PRO_76,0.017472735275456616,7
auto-sklearn,predict_F_ML_PRO_60pct_F_ML_PRO_61,Force regression,F_ML_PRO_77,0.014070205544536524,8
auto-sklearn,predict_F_ML_PRO_60pct_F_ML_PRO_61,Force regression,F_ML_PRO_78,0.008688543260145327,13
auto-sklearn,predict_F_ML_PRO_60pct_F_ML_PRO_61,Force regression,F_ML_PRO_79,0.0017212278472796684,48
auto-sklearn,predict_F_ML_PRO_60pct_F_ML_PRO_61,Force regression,F_ML_PRO_80,0.005824792283120031,18
auto-sklearn,predict_F_ML_PRO_60pct_F_ML_PRO_61,Force regression,F_ML_PRO_81,0.00563707603124747,20
auto-sklearn,predict_F_ML_PRO_60pct_F_ML_PRO_61,Force regression,F_ML_PRO_82,0.00399169342669586,26
auto-sklearn,predict_F_ML_PRO_60pct_F_ML_PRO_61,Force regression,F_ML_PRO_83,0.0010664010905668485,59
auto-sklearn,predict_F_ML_PRO_60pct_F_ML_PRO_61,Force regression,F_ML_PRO_84,0.00048297179876065046,71
auto-sklearn,predict_F_ML_PRO_60pct_F_ML_PRO_61,Force regression,F_ML_PRO_85,0.0016112283129427842,51
auto-sklearn,predict_F_ML_PRO_60pct_F_ML_PRO_61,Force regression,F_ML_PRO_86,0.0023438974465616646,43
auto-sklearn,predict_F_ML_PRO_60pct_F_ML_PRO_61,Force regression,F_ML_PRO_87,0.0008986939085275145,62
auto-sklearn,predict_F_ML_PRO_60pct_F_ML_PRO_61,Force regression,F_ML_PRO_88,0.0003374203152744901,75
auto-sklearn,predict_F_ML_PRO_60pct_F_ML_PRO_61,Force regression,F_ML_PRO_89,0.0005093471111797701,69
auto-sklearn,predict_F_ML_PRO_60pct_F_ML_PRO_61,Force regression,F_ML_PRO_90,0.0010017504877373193,61
auto-sklearn,predict_F_ML_PRO_60pct_F_ML_PRO_61,Force regression,F_ML_PRO_91,0.0011406253125332856,57
auto-sklearn,predict_F_ML_PRO_60pct_F_ML_PRO_61,Force regression,F_ML_PRO_92,0.0024337182773792906,41
auto-sklearn,predict_F_ML_PRO_60pct_F_ML_PRO_61,Force regression,F_ML_PRO_93,0.004924285514369706,22
auto-sklearn,predict_F_ML_PRO_60pct_F_ML_PRO_61,Force regression,F_ML_PRO_94,0.0038842996920067834,29
auto-sklearn,predict_F_ML_PRO_60pct_F_ML_PRO_61,Force regression,F_ML_PRO_95,0.0030684841995914716,37
auto-sklearn,predict_F_ML_PRO_60pct_F_ML_PRO_61,Force regression,F_ML_PRO_96,0.0025971636467518175,39
auto-sklearn,predict_F_ML_PRO_60pct_F_ML_PRO_61,Force regression,F_ML_PRO_97,0.001256646931076544,56
auto-sklearn,predict_F_ML_PRO_60pct_F_ML_PRO_61,Force regression,F_ML_PRO_98,0.0011258585009615053,58
auto-sklearn,predict_F_ML_PRO_60pct_F_ML_PRO_61,Force regression,F_ML_PRO_99,0.0008710826114646239,63
auto-sklearn,predict_F_ML_PRO_60pct_F_ML_PRO_61,Force regression,F_ML_PRO_100,0.0008372862525285838,65
auto-sklearn,predict_F_ML_PRO_60pct_F_ML_PRO_61,Force regression,F_ML_PRO_101,0.00026461273386697626,78
auto-sklearn,predict_F_ML_PRO_80pct_F_ML_PRO_81,Force regression,F_ML_PRO_1,0.0006962112667129267,79
auto-sklearn,predict_F_ML_PRO_80pct_F_ML_PRO_81,Force regression,F_ML_PRO_2,0.004617739918730429,49
auto-sklearn,predict_F_ML_PRO_80pct_F_ML_PRO_81,Force regression,F_ML_PRO_3,0.006123803630081571,37
auto-sklearn,predict_F_ML_PRO_80pct_F_ML_PRO_81,Force regression,F_ML_PRO_4,0.00688017952546108,32
auto-sklearn,predict_F_ML_PRO_80pct_F_ML_PRO_81,Force regression,F_ML_PRO_5,0.004534239101785123,50
auto-sklearn,predict_F_ML_PRO_80pct_F_ML_PRO_81,Force regression,F_ML_PRO_6,0.004841064502829206,47
auto-sklearn,predict_F_ML_PRO_80pct_F_ML_PRO_81,Force regression,F_ML_PRO_7,0.009557341581842306,24
auto-sklearn,predict_F_ML_PRO_80pct_F_ML_PRO_81,Force regression,F_ML_PRO_8,0.014544432070742424,13
auto-sklearn,predict_F_ML_PRO_80pct_F_ML_PRO_81,Force regression,F_ML_PRO_9,0.012333704374734173,15
auto-sklearn,predict_F_ML_PRO_80pct_F_ML_PRO_81,Force regression,F_ML_PRO_10,0.011087181057042173,20
auto-sklearn,predict_F_ML_PRO_80pct_F_ML_PRO_81,Force regression,F_ML_PRO_11,0.010484710251985887,21
auto-sklearn,predict_F_ML_PRO_80pct_F_ML_PRO_81,Force regression,F_ML_PRO_12,0.007586860398915628,30
auto-sklearn,predict_F_ML_PRO_80pct_F_ML_PRO_81,Force regression,F_ML_PRO_13,0.008384178039965058,28
auto-sklearn,predict_F_ML_PRO_80pct_F_ML_PRO_81,Force regression,F_ML_PRO_14,0.005905552138972401,40
auto-sklearn,predict_F_ML_PRO_80pct_F_ML_PRO_81,Force regression,F_ML_PRO_15,0.006086040527600914,38
auto-sklearn,predict_F_ML_PRO_80pct_F_ML_PRO_81,Force regression,F_ML_PRO_16,0.004023137098008789,53
auto-sklearn,predict_F_ML_PRO_80pct_F_ML_PRO_81,Force regression,F_ML_PRO_17,0.0033629577477482225,59
auto-sklearn,predict_F_ML_PRO_80pct_F_ML_PRO_81,Force regression,F_ML_PRO_18,0.003049933206361402,61
auto-sklearn,predict_F_ML_PRO_80pct_F_ML_PRO_81,Force regression,F_ML_PRO_19,0.002186734041952174,69
auto-sklearn,predict_F_ML_PRO_80pct_F_ML_PRO_81,Force regression,F_ML_PRO_20,0.002877201695062127,62
auto-sklearn,predict_F_ML_PRO_80pct_F_ML_PRO_81,Force regression,F_ML_PRO_21,0.005740171498955246,41
auto-sklearn,predict_F_ML_PRO_80pct_F_ML_PRO_81,Force regression,F_ML_PRO_22,0.008204751409194268,29
auto-sklearn,predict_F_ML_PRO_80pct_F_ML_PRO_81,Force regression,F_ML_PRO_23,0.008895230118476215,26
auto-sklearn,predict_F_ML_PRO_80pct_F_ML_PRO_81,Force regression,F_ML_PRO_24,0.009619994572981705,23
auto-sklearn,predict_F_ML_PRO_80pct_F_ML_PRO_81,Force regression,F_ML_PRO_25,0.005115352774201478,45
auto-sklearn,predict_F_ML_PRO_80pct_F_ML_PRO_81,Force regression,F_ML_PRO_26,0.00362455822842036,57
auto-sklearn,predict_F_ML_PRO_80pct_F_ML_PRO_81,Force regression,F_ML_PRO_27,0.011785711037523636,17
auto-sklearn,predict_F_ML_PRO_80pct_F_ML_PRO_81,Force regression,F_ML_PRO_28,0.011554124969099806,18
auto-sklearn,predict_F_ML_PRO_80pct_F_ML_PRO_81,Force regression,F_ML_PRO_29,0.011966095995231008,16
auto-sklearn,predict_F_ML_PRO_80pct_F_ML_PRO_81,Force regression,F_ML_PRO_30,0.00997609021471744,22
auto-sklearn,predict_F_ML_PRO_80pct_F_ML_PRO_81,Force regression,F_ML_PRO_31,0.0024016816924067566,67
auto-sklearn,predict_F_ML_PRO_80pct_F_ML_PRO_81,Force regression,F_ML_PRO_32,0.003974532280229331,54
auto-sklearn,predict_F_ML_PRO_80pct_F_ML_PRO_81,Force regression,F_ML_PRO_33,0.006376806661799448,36
auto-sklearn,predict_F_ML_PRO_80pct_F_ML_PRO_81,Force regression,F_ML_PRO_34,0.006435751276752397,35
auto-sklearn,predict_F_ML_PRO_80pct_F_ML_PRO_81,Force regression,F_ML_PRO_35,0.004676738812853209,48
auto-sklearn,predict_F_ML_PRO_80pct_F_ML_PRO_81,Force regression,F_ML_PRO_36,0.0039661848052278134,55
auto-sklearn,predict_F_ML_PRO_80pct_F_ML_PRO_81,Force regression,F_ML_PRO_37,0.003895456785711647,56
auto-sklearn,predict_F_ML_PRO_80pct_F_ML_PRO_81,Force regression,F_ML_PRO_38,0.0026827285388673337,63
auto-sklearn,predict_F_ML_PRO_80pct_F_ML_PRO_81,Force regression,F_ML_PRO_39,0.0011085214459143579,75
auto-sklearn,predict_F_ML_PRO_80pct_F_ML_PRO_81,Force regression,F_ML_PRO_40,0.0015524065742990782,73
auto-sklearn,predict_F_ML_PRO_80pct_F_ML_PRO_81,Force regression,F_ML_PRO_41,0.0044591036461803495,51
auto-sklearn,predict_F_ML_PRO_80pct_F_ML_PRO_81,Force regression,F_ML_PRO_42,0.005971719937423176,39
auto-sklearn,predict_F_ML_PRO_80pct_F_ML_PRO_81,Force regression,F_ML_PRO_43,0.0049661403425013155,46
auto-sklearn,predict_F_ML_PRO_80pct_F_ML_PRO_81,Force regression,F_ML_PRO_44,0.005509094203720598,42
auto-sklearn,predict_F_ML_PRO_80pct_F_ML_PRO_81,Force regression,F_ML_PRO_45,0.003510659892967532,58
auto-sklearn,predict_F_ML_PRO_80pct_F_ML_PRO_81,Force regression,F_ML_PRO_46,0.0024387892649909166,66
auto-sklearn,predict_F_ML_PRO_80pct_F_ML_PRO_81,Force regression,F_ML_PRO_47,0.002516969597287278,65
auto-sklearn,predict_F_ML_PRO_80pct_F_ML_PRO_81,Force regression,F_ML_PRO_48,0.0025546223034742313,64
auto-sklearn,predict_F_ML_PRO_80pct_F_ML_PRO_81,Force regression,F_ML_PRO_49,0.0032276890164547965,60
auto-sklearn,predict_F_ML_PRO_80pct_F_ML_PRO_81,Force regression,F_ML_PRO_50,0.005463056231685375,44
auto-sklearn,predict_F_ML_PRO_80pct_F_ML_PRO_81,Force regression,F_ML_PRO_51,0.0023825731322106914,68
auto-sklearn,predict_F_ML_PRO_80pct_F_ML_PRO_81,Force regression,F_ML_PRO_52,0.0015578808358404814,72
auto-sklearn,predict_F_ML_PRO_80pct_F_ML_PRO_81,Force regression,F_ML_PRO_53,0.0010354172175786693,77
auto-sklearn,predict_F_ML_PRO_80pct_F_ML_PRO_81,Force regression,F_ML_PRO_54,0.0007457019427953073,78
auto-sklearn,predict_F_ML_PRO_80pct_F_ML_PRO_81,Force regression,F_ML_PRO_55,0.0010639396651537822,76
auto-sklearn,predict_F_ML_PRO_80pct_F_ML_PRO_81,Force regression,F_ML_PRO_56,0.0016254420980364572,71
auto-sklearn,predict_F_ML_PRO_80pct_F_ML_PRO_81,Force regression,F_ML_PRO_57,0.005484739746571974,43
auto-sklearn,predict_F_ML_PRO_80pct_F_ML_PRO_81,Force regression,F_ML_PRO_58,0.0074730841618989826,31
auto-sklearn,predict_F_ML_PRO_80pct_F_ML_PRO_81,Force regression,F_ML_PRO_59,0.008863461032789132,27
auto-sklearn,predict_F_ML_PRO_80pct_F_ML_PRO_81,Force regression,F_ML_PRO_60,0.009120081777694031,25
auto-sklearn,predict_F_ML_PRO_80pct_F_ML_PRO_81,Force regression,F_ML_PRO_61,0.011526889552454875,19
auto-sklearn,predict_F_ML_PRO_80pct_F_ML_PRO_81,Force regression,F_ML_PRO_62,0.018257294647799332,11
auto-sklearn,predict_F_ML_PRO_80pct_F_ML_PRO_81,Force regression,F_ML_PRO_63,0.02041579803597506,10
auto-sklearn,predict_F_ML_PRO_80pct_F_ML_PRO_81,Force regression,F_ML_PRO_64,0.031222235762936472,6
auto-sklearn,predict_F_ML_PRO_80pct_F_ML_PRO_81,Force regression,F_ML_PRO_65,0.03444147919612617,5
auto-sklearn,predict_F_ML_PRO_80pct_F_ML_PRO_81,Force regression,F_ML_PRO_66,0.04450082823801524,3
auto-sklearn,predict_F_ML_PRO_80pct_F_ML_PRO_81,Force regression,F_ML_PRO_67,0.05011070779423332,1
auto-sklearn,predict_F_ML_PRO_80pct_F_ML_PRO_81,Force regression,F_ML_PRO_68,0.046486592963863885,2
auto-sklearn,predict_F_ML_PRO_80pct_F_ML_PRO_81,Force regression,F_ML_PRO_69,0.036010701108707174,4
auto-sklearn,predict_F_ML_PRO_80pct_F_ML_PRO_81,Force regression,F_ML_PRO_70,0.012355543511293567,14
auto-sklearn,predict_F_ML_PRO_80pct_F_ML_PRO_81,Force regression,F_ML_PRO_92,0.006643052774760239,34
auto-sklearn,predict_F_ML_PRO_80pct_F_ML_PRO_81,Force regression,F_ML_PRO_93,0.02084992368945967,9
auto-sklearn,predict_F_ML_PRO_80pct_F_ML_PRO_81,Force regression,F_ML_PRO_94,0.026317085222637482,8
auto-sklearn,predict_F_ML_PRO_80pct_F_ML_PRO_81,Force regression,F_ML_PRO_95,0.026642317687752538,7
auto-sklearn,predict_F_ML_PRO_80pct_F_ML_PRO_81,Force regression,F_ML_PRO_96,0.015681830329869157,12
auto-sklearn,predict_F_ML_PRO_80pct_F_ML_PRO_81,Force regression,F_ML_PRO_97,0.006744018952650242,33
auto-sklearn,predict_F_ML_PRO_80pct_F_ML_PRO_81,Force regression,F_ML_PRO_98,0.004426714622477648,52
auto-sklearn,predict_F_ML_PRO_80pct_F_ML_PRO_81,Force regression,F_ML_PRO_99,0.0017630241001046379,70
auto-sklearn,predict_F_ML_PRO_80pct_F_ML_PRO_81,Force regression,F_ML_PRO_100,0.00125587867805771,74
auto-sklearn,predict_F_ML_PRO_80pct_F_ML_PRO_81,Force regression,F_ML_PRO_101,0.000404393492622139,80
auto-sklearn,predict_F_V_PRO_20pct_F_V_PRO_21,Force regression,F_V_PRO_1,0.0014513778520955012,44
auto-sklearn,predict_F_V_PRO_20pct_F_V_PRO_21,Force regression,F_V_PRO_2,0.004005147380133468,21
auto-sklearn,predict_F_V_PRO_20pct_F_V_PRO_21,Force regression,F_V_PRO_3,0.004009078524178933,20
auto-sklearn,predict_F_V_PRO_20pct_F_V_PRO_21,Force regression,F_V_PRO_4,0.034828729550457654,12
auto-sklearn,predict_F_V_PRO_20pct_F_V_PRO_21,Force regression,F_V_PRO_5,0.10401939342833227,8
auto-sklearn,predict_F_V_PRO_20pct_F_V_PRO_21,Force regression,F_V_PRO_6,0.1794683241525458,3
auto-sklearn,predict_F_V_PRO_20pct_F_V_PRO_21,Force regression,F_V_PRO_7,0.1903358553912905,1
auto-sklearn,predict_F_V_PRO_20pct_F_V_PRO_21,Force regression,F_V_PRO_8,0.1617616879315012,4
auto-sklearn,predict_F_V_PRO_20pct_F_V_PRO_21,Force regression,F_V_PRO_9,0.0884382749390271,10
auto-sklearn,predict_F_V_PRO_20pct_F_V_PRO_21,Force regression,F_V_PRO_10,0.031318194963037976,13
auto-sklearn,predict_F_V_PRO_20pct_F_V_PRO_21,Force regression,F_V_PRO_32,0.08925449613192016,9
auto-sklearn,predict_F_V_PRO_20pct_F_V_PRO_21,Force regression,F_V_PRO_33,0.14401474520191554,6
auto-sklearn,predict_F_V_PRO_20pct_F_V_PRO_21,Force regression,F_V_PRO_34,0.14912824926608134,5
auto-sklearn,predict_F_V_PRO_20pct_F_V_PRO_21,Force regression,F_V_PRO_35,0.18233537125132152,2
auto-sklearn,predict_F_V_PRO_20pct_F_V_PRO_21,Force regression,F_V_PRO_36,0.12595487023931412,7
auto-sklearn,predict_F_V_PRO_20pct_F_V_PRO_21,Force regression,F_V_PRO_37,0.0411077136596044,11
auto-sklearn,predict_F_V_PRO_20pct_F_V_PRO_21,Force regression,F_V_PRO_38,0.01867772115063336,14
auto-sklearn,predict_F_V_PRO_20pct_F_V_PRO_21,Force regression,F_V_PRO_39,0.003806333769112822,24
auto-sklearn,predict_F_V_PRO_20pct_F_V_PRO_21,Force regression,F_V_PRO_40,0.0017243865103357392,37
auto-sklearn,predict_F_V_PRO_20pct_F_V_PRO_21,Force regression,F_V_PRO_41,0.00040336937540105935,65
auto-sklearn,predict_F_V_PRO_20pct_F_V_PRO_21,Force regression,F_V_PRO_42,0.002580714876039163,30
auto-sklearn,predict_F_V_PRO_20pct_F_V_PRO_21,Force regression,F_V_PRO_43,0.002003620333555662,34
auto-sklearn,predict_F_V_PRO_20pct_F_V_PRO_21,Force regression,F_V_PRO_44,0.0015616752981311669,41
auto-sklearn,predict_F_V_PRO_20pct_F_V_PRO_21,Force regression,F_V_PRO_45,0.0003176423559586195,72
auto-sklearn,predict_F_V_PRO_20pct_F_V_PRO_21,Force regression,F_V_PRO_46,0.002894549992349412,27
auto-sklearn,predict_F_V_PRO_20pct_F_V_PRO_21,Force regression,F_V_PRO_47,0.005942101892911733,17
auto-sklearn,predict_F_V_PRO_20pct_F_V_PRO_21,Force regression,F_V_PRO_48,0.008085804495132637,16
auto-sklearn,predict_F_V_PRO_20pct_F_V_PRO_21,Force regression,F_V_PRO_49,0.014582809811251022,15
auto-sklearn,predict_F_V_PRO_20pct_F_V_PRO_21,Force regression,F_V_PRO_50,0.0038768542615903743,22
auto-sklearn,predict_F_V_PRO_20pct_F_V_PRO_21,Force regression,F_V_PRO_51,0.0032322963422371327,25
auto-sklearn,predict_F_V_PRO_20pct_F_V_PRO_21,Force regression,F_V_PRO_52,0.001489548010544651,43
auto-sklearn,predict_F_V_PRO_20pct_F_V_PRO_21,Force regression,F_V_PRO_53,0.0017199999478955989,38
auto-sklearn,predict_F_V_PRO_20pct_F_V_PRO_21,Force regression,F_V_PRO_54,0.0018797437846660684,35
auto-sklearn,predict_F_V_PRO_20pct_F_V_PRO_21,Force regression,F_V_PRO_55,0.0038407334391441666,23
auto-sklearn,predict_F_V_PRO_20pct_F_V_PRO_21,Force regression,F_V_PRO_56,0.0026033417152034055,29
auto-sklearn,predict_F_V_PRO_20pct_F_V_PRO_21,Force regression,F_V_PRO_57,0.0023698127017252966,32
auto-sklearn,predict_F_V_PRO_20pct_F_V_PRO_21,Force regression,F_V_PRO_58,0.0006994038749900184,55
auto-sklearn,predict_F_V_PRO_20pct_F_V_PRO_21,Force regression,F_V_PRO_59,0.0013966416799359857,45
auto-sklearn,predict_F_V_PRO_20pct_F_V_PRO_21,Force regression,F_V_PRO_60,0.0029746579022871095,26
auto-sklearn,predict_F_V_PRO_20pct_F_V_PRO_21,Force regression,F_V_PRO_61,0.0021056091748177983,33
auto-sklearn,predict_F_V_PRO_20pct_F_V_PRO_21,Force regression,F_V_PRO_62,0.00038238057038850453,67
auto-sklearn,predict_F_V_PRO_20pct_F_V_PRO_21,Force regression,F_V_PRO_63,0.0002508797790441312,75
auto-sklearn,predict_F_V_PRO_20pct_F_V_PRO_21,Force regression,F_V_PRO_64,0.001690448369002993,39
auto-sklearn,predict_F_V_PRO_20pct_F_V_PRO_21,Force regression,F_V_PRO_65,0.0015414370592269533,42
auto-sklearn,predict_F_V_PRO_20pct_F_V_PRO_21,Force regression,F_V_PRO_66,0.0002958626689182379,74
auto-sklearn,predict_F_V_PRO_20pct_F_V_PRO_21,Force regression,F_V_PRO_67,0.0006558452194763512,57
auto-sklearn,predict_F_V_PRO_20pct_F_V_PRO_21,Force regression,F_V_PRO_68,0.0004941825225121413,61
auto-sklearn,predict_F_V_PRO_20pct_F_V_PRO_21,Force regression,F_V_PRO_69,0.0003115512910816484,73
auto-sklearn,predict_F_V_PRO_20pct_F_V_PRO_21,Force regression,F_V_PRO_70,0.00019570323824883313,80
auto-sklearn,predict_F_V_PRO_20pct_F_V_PRO_21,Force regression,F_V_PRO_71,0.00037121863580413003,68
auto-sklearn,predict_F_V_PRO_20pct_F_V_PRO_21,Force regression,F_V_PRO_72,0.0003430363001922658,71
auto-sklearn,predict_F_V_PRO_20pct_F_V_PRO_21,Force regression,F_V_PRO_73,0.0010861019686692235,46
auto-sklearn,predict_F_V_PRO_20pct_F_V_PRO_21,Force regression,F_V_PRO_74,0.0004464393990735252,64
auto-sklearn,predict_F_V_PRO_20pct_F_V_PRO_21,Force regression,F_V_PRO_75,0.0007234975596268975,54
auto-sklearn,predict_F_V_PRO_20pct_F_V_PRO_21,Force regression,F_V_PRO_76,0.0006250244735015692,58
auto-sklearn,predict_F_V_PRO_20pct_F_V_PRO_21,Force regression,F_V_PRO_77,0.000555763331552349,60
auto-sklearn,predict_F_V_PRO_20pct_F_V_PRO_21,Force regression,F_V_PRO_78,0.0008890449011491484,48
auto-sklearn,predict_F_V_PRO_20pct_F_V_PRO_21,Force regression,F_V_PRO_79,0.00034778632140821476,70
auto-sklearn,predict_F_V_PRO_20pct_F_V_PRO_21,Force regression,F_V_PRO_80,0.00040307799395587426,66
auto-sklearn,predict_F_V_PRO_20pct_F_V_PRO_21,Force regression,F_V_PRO_81,0.004148120553543176,19
auto-sklearn,predict_F_V_PRO_20pct_F_V_PRO_21,Force regression,F_V_PRO_82,0.0003577444582349709,69
auto-sklearn,predict_F_V_PRO_20pct_F_V_PRO_21,Force regression,F_V_PRO_83,0.0006078692815370143,59
auto-sklearn,predict_F_V_PRO_20pct_F_V_PRO_21,Force regression,F_V_PRO_84,0.0004895449914038236,63
auto-sklearn,predict_F_V_PRO_20pct_F_V_PRO_21,Force regression,F_V_PRO_85,0.004363072660234236,18
auto-sklearn,predict_F_V_PRO_20pct_F_V_PRO_21,Force regression,F_V_PRO_86,0.002475763577967877,31
auto-sklearn,predict_F_V_PRO_20pct_F_V_PRO_21,Force regression,F_V_PRO_87,0.00183956325840619,36
auto-sklearn,predict_F_V_PRO_20pct_F_V_PRO_21,Force regression,F_V_PRO_88,0.0028675216452943024,28
auto-sklearn,predict_F_V_PRO_20pct_F_V_PRO_21,Force regression,F_V_PRO_89,0.0006892362489468463,56
auto-sklearn,predict_F_V_PRO_20pct_F_V_PRO_21,Force regression,F_V_PRO_90,0.0008914516994522626,47
auto-sklearn,predict_F_V_PRO_20pct_F_V_PRO_21,Force regression,F_V_PRO_91,0.0008754274625744963,49
auto-sklearn,predict_F_V_PRO_20pct_F_V_PRO_21,Force regression,F_V_PRO_92,0.0016167149465117247,40
auto-sklearn,predict_F_V_PRO_20pct_F_V_PRO_21,Force regression,F_V_PRO_93,0.00023699844587179623,76
auto-sklearn,predict_F_V_PRO_20pct_F_V_PRO_21,Force regression,F_V_PRO_94,0.00021027096360921784,78
auto-sklearn,predict_F_V_PRO_20pct_F_V_PRO_21,Force regression,F_V_PRO_95,0.0007543097494376995,53
auto-sklearn,predict_F_V_PRO_20pct_F_V_PRO_21,Force regression,F_V_PRO_96,0.0008728225376043081,50
auto-sklearn,predict_F_V_PRO_20pct_F_V_PRO_21,Force regression,F_V_PRO_97,0.0002067262517909224,79
auto-sklearn,predict_F_V_PRO_20pct_F_V_PRO_21,Force regression,F_V_PRO_98,0.0004925428554415629,62
auto-sklearn,predict_F_V_PRO_20pct_F_V_PRO_21,Force regression,F_V_PRO_99,0.00022311083144610253,77
auto-sklearn,predict_F_V_PRO_20pct_F_V_PRO_21,Force regression,F_V_PRO_100,0.0008258118890225966,51
auto-sklearn,predict_F_V_PRO_20pct_F_V_PRO_21,Force regression,F_V_PRO_101,0.000762785074611508,52
auto-sklearn,predict_F_V_PRO_40pct_F_V_PRO_41,Force regression,F_V_PRO_1,0.0012025301746196267,79
auto-sklearn,predict_F_V_PRO_40pct_F_V_PRO_41,Force regression,F_V_PRO_2,0.001676250124867596,77
auto-sklearn,predict_F_V_PRO_40pct_F_V_PRO_41,Force regression,F_V_PRO_3,0.00783602144527767,60
auto-sklearn,predict_F_V_PRO_40pct_F_V_PRO_41,Force regression,F_V_PRO_4,0.03122006467595282,29
auto-sklearn,predict_F_V_PRO_40pct_F_V_PRO_41,Force regression,F_V_PRO_5,0.0324080010727048,28
auto-sklearn,predict_F_V_PRO_40pct_F_V_PRO_41,Force regression,F_V_PRO_6,0.059027919210700525,19
auto-sklearn,predict_F_V_PRO_40pct_F_V_PRO_41,Force regression,F_V_PRO_7,0.04523436436481361,21
auto-sklearn,predict_F_V_PRO_40pct_F_V_PRO_41,Force regression,F_V_PRO_8,0.03387210782865682,24
auto-sklearn,predict_F_V_PRO_40pct_F_V_PRO_41,Force regression,F_V_PRO_9,0.005861352723712724,65
auto-sklearn,predict_F_V_PRO_40pct_F_V_PRO_41,Force regression,F_V_PRO_10,0.0032690966187251926,71
auto-sklearn,predict_F_V_PRO_40pct_F_V_PRO_41,Force regression,F_V_PRO_11,0.00880868988691105,55
auto-sklearn,predict_F_V_PRO_40pct_F_V_PRO_41,Force regression,F_V_PRO_12,0.0082672816199354,58
auto-sklearn,predict_F_V_PRO_40pct_F_V_PRO_41,Force regression,F_V_PRO_13,0.014237331545601284,44
auto-sklearn,predict_F_V_PRO_40pct_F_V_PRO_41,Force regression,F_V_PRO_14,0.010362397649946307,50
auto-sklearn,predict_F_V_PRO_40pct_F_V_PRO_41,Force regression,F_V_PRO_15,0.02654359142761677,31
auto-sklearn,predict_F_V_PRO_40pct_F_V_PRO_41,Force regression,F_V_PRO_16,0.03404010060615838,23
auto-sklearn,predict_F_V_PRO_40pct_F_V_PRO_41,Force regression,F_V_PRO_17,0.04492764257267117,22
auto-sklearn,predict_F_V_PRO_40pct_F_V_PRO_41,Force regression,F_V_PRO_18,0.06310877877722182,17
auto-sklearn,predict_F_V_PRO_40pct_F_V_PRO_41,Force regression,F_V_PRO_19,0.09900225826445967,15
auto-sklearn,predict_F_V_PRO_40pct_F_V_PRO_41,Force regression,F_V_PRO_20,0.06074747411078876,18
auto-sklearn,predict_F_V_PRO_40pct_F_V_PRO_41,Force regression,F_V_PRO_21,0.03118146635695464,30
auto-sklearn,predict_F_V_PRO_40pct_F_V_PRO_41,Force regression,F_V_PRO_22,0.021883731263586215,34
auto-sklearn,predict_F_V_PRO_40pct_F_V_PRO_41,Force regression,F_V_PRO_23,0.048648534867602095,20
auto-sklearn,predict_F_V_PRO_40pct_F_V_PRO_41,Force regression,F_V_PRO_24,0.11637323037069293,14
auto-sklearn,predict_F_V_PRO_40pct_F_V_PRO_41,Force regression,F_V_PRO_25,0.2649668209384092,9
auto-sklearn,predict_F_V_PRO_40pct_F_V_PRO_41,Force regression,F_V_PRO_26,0.3399339715574558,6
auto-sklearn,predict_F_V_PRO_40pct_F_V_PRO_41,Force regression,F_V_PRO_27,0.40292811026869135,4
auto-sklearn,predict_F_V_PRO_40pct_F_V_PRO_41,Force regression,F_V_PRO_28,0.32570995057695035,7
auto-sklearn,predict_F_V_PRO_40pct_F_V_PRO_41,Force regression,F_V_PRO_29,0.23623143098048038,10
auto-sklearn,predict_F_V_PRO_40pct_F_V_PRO_41,Force regression,F_V_PRO_30,0.07892225329391661,16
auto-sklearn,predict_F_V_PRO_40pct_F_V_PRO_41,Force regression,F_V_PRO_52,0.2228693484415611,11
auto-sklearn,predict_F_V_PRO_40pct_F_V_PRO_41,Force regression,F_V_PRO_53,0.5622329314733959,2
auto-sklearn,predict_F_V_PRO_40pct_F_V_PRO_41,Force regression,F_V_PRO_54,0.6506661620077987,1
auto-sklearn,predict_F_V_PRO_40pct_F_V_PRO_41,Force regression,F_V_PRO_55,0.5123852524343465,3
auto-sklearn,predict_F_V_PRO_40pct_F_V_PRO_41,Force regression,F_V_PRO_56,0.3675466429880923,5
auto-sklearn,predict_F_V_PRO_40pct_F_V_PRO_41,Force regression,F_V_PRO_57,0.280619204361716,8
auto-sklearn,predict_F_V_PRO_40pct_F_V_PRO_41,Force regression,F_V_PRO_58,0.18324051824398338,12
auto-sklearn,predict_F_V_PRO_40pct_F_V_PRO_41,Force regression,F_V_PRO_59,0.145587661097654,13
auto-sklearn,predict_F_V_PRO_40pct_F_V_PRO_41,Force regression,F_V_PRO_60,0.032442638381073884,26
auto-sklearn,predict_F_V_PRO_40pct_F_V_PRO_41,Force regression,F_V_PRO_61,0.02255166402366012,33
auto-sklearn,predict_F_V_PRO_40pct_F_V_PRO_41,Force regression,F_V_PRO_62,0.017158807386747656,40
auto-sklearn,predict_F_V_PRO_40pct_F_V_PRO_41,Force regression,F_V_PRO_63,0.013027441898464324,45
auto-sklearn,predict_F_V_PRO_40pct_F_V_PRO_41,Force regression,F_V_PRO_64,0.011391517182501658,47
auto-sklearn,predict_F_V_PRO_40pct_F_V_PRO_41,Force regression,F_V_PRO_65,0.007819851510433688,61
auto-sklearn,predict_F_V_PRO_40pct_F_V_PRO_41,Force regression,F_V_PRO_66,0.003072754065816599,74
auto-sklearn,predict_F_V_PRO_40pct_F_V_PRO_41,Force regression,F_V_PRO_67,0.011335621524912623,48
auto-sklearn,predict_F_V_PRO_40pct_F_V_PRO_41,Force regression,F_V_PRO_68,0.010070446476443774,53
auto-sklearn,predict_F_V_PRO_40pct_F_V_PRO_41,Force regression,F_V_PRO_69,0.009043196573336094,54
auto-sklearn,predict_F_V_PRO_40pct_F_V_PRO_41,Force regression,F_V_PRO_70,0.005050066796752313,66
auto-sklearn,predict_F_V_PRO_40pct_F_V_PRO_41,Force regression,F_V_PRO_71,0.003781778212326266,69
auto-sklearn,predict_F_V_PRO_40pct_F_V_PRO_41,Force regression,F_V_PRO_72,0.003214208466311298,73
auto-sklearn,predict_F_V_PRO_40pct_F_V_PRO_41,Force regression,F_V_PRO_73,0.004150540955054262,68
auto-sklearn,predict_F_V_PRO_40pct_F_V_PRO_41,Force regression,F_V_PRO_74,0.017374595736567345,39
auto-sklearn,predict_F_V_PRO_40pct_F_V_PRO_41,Force regression,F_V_PRO_75,0.012218740141640103,46
auto-sklearn,predict_F_V_PRO_40pct_F_V_PRO_41,Force regression,F_V_PRO_76,0.007932275073188876,59
auto-sklearn,predict_F_V_PRO_40pct_F_V_PRO_41,Force regression,F_V_PRO_77,0.0019874947163172844,76
auto-sklearn,predict_F_V_PRO_40pct_F_V_PRO_41,Force regression,F_V_PRO_78,0.01065863455987225,49
auto-sklearn,predict_F_V_PRO_40pct_F_V_PRO_41,Force regression,F_V_PRO_79,0.020281551768278918,36
auto-sklearn,predict_F_V_PRO_40pct_F_V_PRO_41,Force regression,F_V_PRO_80,0.017856429796562434,38
auto-sklearn,predict_F_V_PRO_40pct_F_V_PRO_41,Force regression,F_V_PRO_81,0.014827204152320816,42
auto-sklearn,predict_F_V_PRO_40pct_F_V_PRO_41,Force regression,F_V_PRO_82,0.01817009152409931,37
auto-sklearn,predict_F_V_PRO_40pct_F_V_PRO_41,Force regression,F_V_PRO_83,0.004834960809908808,67
auto-sklearn,predict_F_V_PRO_40pct_F_V_PRO_41,Force regression,F_V_PRO_84,0.0032715454992527713,70
auto-sklearn,predict_F_V_PRO_40pct_F_V_PRO_41,Force regression,F_V_PRO_85,0.010217187397285466,52
auto-sklearn,predict_F_V_PRO_40pct_F_V_PRO_41,Force regression,F_V_PRO_86,0.007234529581334855,62
auto-sklearn,predict_F_V_PRO_40pct_F_V_PRO_41,Force regression,F_V_PRO_87,0.0032489214459848047,72
auto-sklearn,predict_F_V_PRO_40pct_F_V_PRO_41,Force regression,F_V_PRO_88,0.008678386693613399,56
auto-sklearn,predict_F_V_PRO_40pct_F_V_PRO_41,Force regression,F_V_PRO_89,0.023055881355889138,32
auto-sklearn,predict_F_V_PRO_40pct_F_V_PRO_41,Force regression,F_V_PRO_90,0.033190129285988704,25
auto-sklearn,predict_F_V_PRO_40pct_F_V_PRO_41,Force regression,F_V_PRO_91,0.03243534374526807,27
auto-sklearn,predict_F_V_PRO_40pct_F_V_PRO_41,Force regression,F_V_PRO_92,0.021529732341774643,35
auto-sklearn,predict_F_V_PRO_40pct_F_V_PRO_41,Force regression,F_V_PRO_93,0.005911786782451802,63
auto-sklearn,predict_F_V_PRO_40pct_F_V_PRO_41,Force regression,F_V_PRO_94,0.0058990648367131665,64
auto-sklearn,predict_F_V_PRO_40pct_F_V_PRO_41,Force regression,F_V_PRO_95,0.014700856862486235,43
auto-sklearn,predict_F_V_PRO_40pct_F_V_PRO_41,Force regression,F_V_PRO_96,0.0158146918543304,41
auto-sklearn,predict_F_V_PRO_40pct_F_V_PRO_41,Force regression,F_V_PRO_97,0.008656888900014259,57
auto-sklearn,predict_F_V_PRO_40pct_F_V_PRO_41,Force regression,F_V_PRO_98,0.010324179661977613,51
auto-sklearn,predict_F_V_PRO_40pct_F_V_PRO_41,Force regression,F_V_PRO_99,0.0021753597679651368,75
auto-sklearn,predict_F_V_PRO_40pct_F_V_PRO_41,Force regression,F_V_PRO_100,0.00030368787867741107,80
auto-sklearn,predict_F_V_PRO_40pct_F_V_PRO_41,Force regression,F_V_PRO_101,0.001623458446210446,78
auto-sklearn,predict_F_V_PRO_60pct_F_V_PRO_61,Force regression,F_V_PRO_1,0.001470082175245295,75
auto-sklearn,predict_F_V_PRO_60pct_F_V_PRO_61,Force regression,F_V_PRO_2,0.0005825090055457371,79
auto-sklearn,predict_F_V_PRO_60pct_F_V_PRO_61,Force regression,F_V_PRO_3,0.002612638899435598,73
auto-sklearn,predict_F_V_PRO_60pct_F_V_PRO_61,Force regression,F_V_PRO_4,0.007378829546427976,63
auto-sklearn,predict_F_V_PRO_60pct_F_V_PRO_61,Force regression,F_V_PRO_5,0.003231620010557687,70
auto-sklearn,predict_F_V_PRO_60pct_F_V_PRO_61,Force regression,F_V_PRO_6,0.0014367741520206088,76
auto-sklearn,predict_F_V_PRO_60pct_F_V_PRO_61,Force regression,F_V_PRO_7,0.003399218721522243,69
auto-sklearn,predict_F_V_PRO_60pct_F_V_PRO_61,Force regression,F_V_PRO_8,0.002704049353694751,71
auto-sklearn,predict_F_V_PRO_60pct_F_V_PRO_61,Force regression,F_V_PRO_9,0.0026159192042735663,72
auto-sklearn,predict_F_V_PRO_60pct_F_V_PRO_61,Force regression,F_V_PRO_10,0.0022155556798291744,74
auto-sklearn,predict_F_V_PRO_60pct_F_V_PRO_61,Force regression,F_V_PRO_11,0.0006226679976615683,78
auto-sklearn,predict_F_V_PRO_60pct_F_V_PRO_61,Force regression,F_V_PRO_12,0.005268207283742321,67
auto-sklearn,predict_F_V_PRO_60pct_F_V_PRO_61,Force regression,F_V_PRO_13,0.02055791110809273,51
auto-sklearn,predict_F_V_PRO_60pct_F_V_PRO_61,Force regression,F_V_PRO_14,0.008677535015572273,60
auto-sklearn,predict_F_V_PRO_60pct_F_V_PRO_61,Force regression,F_V_PRO_15,0.022571767408607734,47
auto-sklearn,predict_F_V_PRO_60pct_F_V_PRO_61,Force regression,F_V_PRO_16,0.021138322123947246,50
auto-sklearn,predict_F_V_PRO_60pct_F_V_PRO_61,Force regression,F_V_PRO_17,0.02595019054412843,41
auto-sklearn,predict_F_V_PRO_60pct_F_V_PRO_61,Force regression,F_V_PRO_18,0.027022844978349482,40
auto-sklearn,predict_F_V_PRO_60pct_F_V_PRO_61,Force regression,F_V_PRO_19,0.03789475044949602,34
auto-sklearn,predict_F_V_PRO_60pct_F_V_PRO_61,Force regression,F_V_PRO_20,0.031073855109668015,39
auto-sklearn,predict_F_V_PRO_60pct_F_V_PRO_61,Force regression,F_V_PRO_21,0.03845067096118712,33
auto-sklearn,predict_F_V_PRO_60pct_F_V_PRO_61,Force regression,F_V_PRO_22,0.060618460161042304,22
auto-sklearn,predict_F_V_PRO_60pct_F_V_PRO_61,Force regression,F_V_PRO_23,0.07680892689670957,17
auto-sklearn,predict_F_V_PRO_60pct_F_V_PRO_61,Force regression,F_V_PRO_24,0.08101662154309454,16
auto-sklearn,predict_F_V_PRO_60pct_F_V_PRO_61,Force regression,F_V_PRO_25,0.06847740931110456,19
auto-sklearn,predict_F_V_PRO_60pct_F_V_PRO_61,Force regression,F_V_PRO_26,0.048820158783035965,29
auto-sklearn,predict_F_V_PRO_60pct_F_V_PRO_61,Force regression,F_V_PRO_27,0.05682303090724681,25
auto-sklearn,predict_F_V_PRO_60pct_F_V_PRO_61,Force regression,F_V_PRO_28,0.013602592701195857,56
auto-sklearn,predict_F_V_PRO_60pct_F_V_PRO_61,Force regression,F_V_PRO_29,0.006625518310452915,66
auto-sklearn,predict_F_V_PRO_60pct_F_V_PRO_61,Force regression,F_V_PRO_30,0.008960283467649576,59
auto-sklearn,predict_F_V_PRO_60pct_F_V_PRO_61,Force regression,F_V_PRO_31,0.012472625432898187,58
auto-sklearn,predict_F_V_PRO_60pct_F_V_PRO_61,Force regression,F_V_PRO_32,0.00700713751879002,64
auto-sklearn,predict_F_V_PRO_60pct_F_V_PRO_61,Force regression,F_V_PRO_33,0.00684898468971046,65
auto-sklearn,predict_F_V_PRO_60pct_F_V_PRO_61,Force regression,F_V_PRO_34,0.008375268257171335,61
auto-sklearn,predict_F_V_PRO_60pct_F_V_PRO_61,Force regression,F_V_PRO_35,0.015377126754416767,55
auto-sklearn,predict_F_V_PRO_60pct_F_V_PRO_61,Force regression,F_V_PRO_36,0.017247157913373997,53
auto-sklearn,predict_F_V_PRO_60pct_F_V_PRO_61,Force regression,F_V_PRO_37,0.022164382790784466,48
auto-sklearn,predict_F_V_PRO_60pct_F_V_PRO_61,Force regression,F_V_PRO_38,0.04448647897349049,31
auto-sklearn,predict_F_V_PRO_60pct_F_V_PRO_61,Force regression,F_V_PRO_39,0.03279468757447061,37
auto-sklearn,predict_F_V_PRO_60pct_F_V_PRO_61,Force regression,F_V_PRO_40,0.07307903859831598,18
auto-sklearn,predict_F_V_PRO_60pct_F_V_PRO_61,Force regression,F_V_PRO_41,0.060904009906109405,21
auto-sklearn,predict_F_V_PRO_60pct_F_V_PRO_61,Force regression,F_V_PRO_42,0.05224631817499174,27
auto-sklearn,predict_F_V_PRO_60pct_F_V_PRO_61,Force regression,F_V_PRO_43,0.1092979908377553,15
auto-sklearn,predict_F_V_PRO_60pct_F_V_PRO_61,Force regression,F_V_PRO_44,0.2739787469959507,7
auto-sklearn,predict_F_V_PRO_60pct_F_V_PRO_61,Force regression,F_V_PRO_45,0.3868572713925192,5
auto-sklearn,predict_F_V_PRO_60pct_F_V_PRO_61,Force regression,F_V_PRO_46,0.48425989700584776,4
auto-sklearn,predict_F_V_PRO_60pct_F_V_PRO_61,Force regression,F_V_PRO_47,0.66085113726934,2
auto-sklearn,predict_F_V_PRO_60pct_F_V_PRO_61,Force regression,F_V_PRO_48,0.7373025993036315,1
auto-sklearn,predict_F_V_PRO_60pct_F_V_PRO_61,Force regression,F_V_PRO_49,0.5212518223749164,3
auto-sklearn,predict_F_V_PRO_60pct_F_V_PRO_61,Force regression,F_V_PRO_50,0.27662923015535085,6
auto-sklearn,predict_F_V_PRO_60pct_F_V_PRO_61,Force regression,F_V_PRO_72,0.05864204993952685,24
auto-sklearn,predict_F_V_PRO_60pct_F_V_PRO_61,Force regression,F_V_PRO_73,0.12017114689299421,13
auto-sklearn,predict_F_V_PRO_60pct_F_V_PRO_61,Force regression,F_V_PRO_74,0.1989773669141966,9
auto-sklearn,predict_F_V_PRO_60pct_F_V_PRO_61,Force regression,F_V_PRO_75,0.1785177084211157,10
auto-sklearn,predict_F_V_PRO_60pct_F_V_PRO_61,Force regression,F_V_PRO_76,0.2031204630162877,8
auto-sklearn,predict_F_V_PRO_60pct_F_V_PRO_61,Force regression,F_V_PRO_77,0.1565818696201572,12
auto-sklearn,predict_F_V_PRO_60pct_F_V_PRO_61,Force regression,F_V_PRO_78,0.17460855916903043,11
auto-sklearn,predict_F_V_PRO_60pct_F_V_PRO_61,Force regression,F_V_PRO_79,0.11433256186249975,14
auto-sklearn,predict_F_V_PRO_60pct_F_V_PRO_61,Force regression,F_V_PRO_80,0.04949409921746701,28
auto-sklearn,predict_F_V_PRO_60pct_F_V_PRO_61,Force regression,F_V_PRO_81,0.023640654420738857,45
auto-sklearn,predict_F_V_PRO_60pct_F_V_PRO_61,Force regression,F_V_PRO_82,0.022637800769414736,46
auto-sklearn,predict_F_V_PRO_60pct_F_V_PRO_61,Force regression,F_V_PRO_83,0.02430242839714306,43
auto-sklearn,predict_F_V_PRO_60pct_F_V_PRO_61,Force regression,F_V_PRO_84,0.024229609389220263,44
auto-sklearn,predict_F_V_PRO_60pct_F_V_PRO_61,Force regression,F_V_PRO_85,0.03657352264551448,35
auto-sklearn,predict_F_V_PRO_60pct_F_V_PRO_61,Force regression,F_V_PRO_86,0.017448015969298358,52
auto-sklearn,predict_F_V_PRO_60pct_F_V_PRO_61,Force regression,F_V_PRO_87,0.015838345402748224,54
auto-sklearn,predict_F_V_PRO_60pct_F_V_PRO_61,Force regression,F_V_PRO_88,0.025258509082667958,42
auto-sklearn,predict_F_V_PRO_60pct_F_V_PRO_61,Force regression,F_V_PRO_89,0.05301586222741755,26
auto-sklearn,predict_F_V_PRO_60pct_F_V_PRO_61,Force regression,F_V_PRO_90,0.06441351490778227,20
auto-sklearn,predict_F_V_PRO_60pct_F_V_PRO_61,Force regression,F_V_PRO_91,0.05889157972479652,23
auto-sklearn,predict_F_V_PRO_60pct_F_V_PRO_61,Force regression,F_V_PRO_92,0.043435441610403365,32
auto-sklearn,predict_F_V_PRO_60pct_F_V_PRO_61,Force regression,F_V_PRO_93,0.04579948081909161,30
auto-sklearn,predict_F_V_PRO_60pct_F_V_PRO_61,Force regression,F_V_PRO_94,0.03254052710807364,38
auto-sklearn,predict_F_V_PRO_60pct_F_V_PRO_61,Force regression,F_V_PRO_95,0.036173986814709166,36
auto-sklearn,predict_F_V_PRO_60pct_F_V_PRO_61,Force regression,F_V_PRO_96,0.02209031909937038,49
auto-sklearn,predict_F_V_PRO_60pct_F_V_PRO_61,Force regression,F_V_PRO_97,0.007831065309078736,62
auto-sklearn,predict_F_V_PRO_60pct_F_V_PRO_61,Force regression,F_V_PRO_98,0.012785632725908509,57
auto-sklearn,predict_F_V_PRO_60pct_F_V_PRO_61,Force regression,F_V_PRO_99,0.0043476648784966845,68
auto-sklearn,predict_F_V_PRO_60pct_F_V_PRO_61,Force regression,F_V_PRO_100,0.0008501443458307194,77
auto-sklearn,predict_F_V_PRO_60pct_F_V_PRO_61,Force regression,F_V_PRO_101,0.0005369402885230088,80
auto-sklearn,predict_F_V_PRO_80pct_F_V_PRO_81,Force regression,F_V_PRO_1,0.00032095572041969237,79
auto-sklearn,predict_F_V_PRO_80pct_F_V_PRO_81,Force regression,F_V_PRO_2,0.00044812509552058754,75
auto-sklearn,predict_F_V_PRO_80pct_F_V_PRO_81,Force regression,F_V_PRO_3,0.004322827056671182,25
auto-sklearn,predict_F_V_PRO_80pct_F_V_PRO_81,Force regression,F_V_PRO_4,0.007869363411122742,18
auto-sklearn,predict_F_V_PRO_80pct_F_V_PRO_81,Force regression,F_V_PRO_5,0.0023603368591930993,42
auto-sklearn,predict_F_V_PRO_80pct_F_V_PRO_81,Force regression,F_V_PRO_6,0.0023029905128189154,46
auto-sklearn,predict_F_V_PRO_80pct_F_V_PRO_81,Force regression,F_V_PRO_7,0.0008350174025528875,63
auto-sklearn,predict_F_V_PRO_80pct_F_V_PRO_81,Force regression,F_V_PRO_8,0.0024119596254701535,40
auto-sklearn,predict_F_V_PRO_80pct_F_V_PRO_81,Force regression,F_V_PRO_9,0.0007725036024219576,66
auto-sklearn,predict_F_V_PRO_80pct_F_V_PRO_81,Force regression,F_V_PRO_10,0.0005089637047300729,72
auto-sklearn,predict_F_V_PRO_80pct_F_V_PRO_81,Force regression,F_V_PRO_11,0.00052577575130595,71
auto-sklearn,predict_F_V_PRO_80pct_F_V_PRO_81,Force regression,F_V_PRO_12,0.00033421141995738457,78
auto-sklearn,predict_F_V_PRO_80pct_F_V_PRO_81,Force regression,F_V_PRO_13,0.0004999376795151142,74
auto-sklearn,predict_F_V_PRO_80pct_F_V_PRO_81,Force regression,F_V_PRO_14,0.0006970277243397301,68
auto-sklearn,predict_F_V_PRO_80pct_F_V_PRO_81,Force regression,F_V_PRO_15,0.0007439997749816936,67
auto-sklearn,predict_F_V_PRO_80pct_F_V_PRO_81,Force regression,F_V_PRO_16,0.0018999369096838927,49
auto-sklearn,predict_F_V_PRO_80pct_F_V_PRO_81,Force regression,F_V_PRO_17,0.0008028650168950454,65
auto-sklearn,predict_F_V_PRO_80pct_F_V_PRO_81,Force regression,F_V_PRO_18,0.003071374220256172,32
auto-sklearn,predict_F_V_PRO_80pct_F_V_PRO_81,Force regression,F_V_PRO_19,0.002502577070353763,38
auto-sklearn,predict_F_V_PRO_80pct_F_V_PRO_81,Force regression,F_V_PRO_20,0.004109883464872835,27
auto-sklearn,predict_F_V_PRO_80pct_F_V_PRO_81,Force regression,F_V_PRO_21,0.001027293288666325,58
auto-sklearn,predict_F_V_PRO_80pct_F_V_PRO_81,Force regression,F_V_PRO_22,0.0005068717130149454,73
auto-sklearn,predict_F_V_PRO_80pct_F_V_PRO_81,Force regression,F_V_PRO_23,0.0006626443174771033,69
auto-sklearn,predict_F_V_PRO_80pct_F_V_PRO_81,Force regression,F_V_PRO_24,0.0016870534041275704,52
auto-sklearn,predict_F_V_PRO_80pct_F_V_PRO_81,Force regression,F_V_PRO_25,0.004188499892130495,26
auto-sklearn,predict_F_V_PRO_80pct_F_V_PRO_81,Force regression,F_V_PRO_26,0.004701818971066842,24
auto-sklearn,predict_F_V_PRO_80pct_F_V_PRO_81,Force regression,F_V_PRO_27,0.0023554509954734027,43
auto-sklearn,predict_F_V_PRO_80pct_F_V_PRO_81,Force regression,F_V_PRO_28,0.0010236102855867813,59
auto-sklearn,predict_F_V_PRO_80pct_F_V_PRO_81,Force regression,F_V_PRO_29,0.000979463032757241,61
auto-sklearn,predict_F_V_PRO_80pct_F_V_PRO_81,Force regression,F_V_PRO_30,0.0032559306016191917,31
auto-sklearn,predict_F_V_PRO_80pct_F_V_PRO_81,Force regression,F_V_PRO_31,0.002329552600781119,45
auto-sklearn,predict_F_V_PRO_80pct_F_V_PRO_81,Force regression,F_V_PRO_32,0.0010500585460621547,56
auto-sklearn,predict_F_V_PRO_80pct_F_V_PRO_81,Force regression,F_V_PRO_33,0.0008084811460640772,64
auto-sklearn,predict_F_V_PRO_80pct_F_V_PRO_81,Force regression,F_V_PRO_34,0.00030960288323045315,80
auto-sklearn,predict_F_V_PRO_80pct_F_V_PRO_81,Force regression,F_V_PRO_35,0.0003714149732970739,77
auto-sklearn,predict_F_V_PRO_80pct_F_V_PRO_81,Force regression,F_V_PRO_36,0.0004216952659189661,76
auto-sklearn,predict_F_V_PRO_80pct_F_V_PRO_81,Force regression,F_V_PRO_37,0.002523118177325345,37
auto-sklearn,predict_F_V_PRO_80pct_F_V_PRO_81,Force regression,F_V_PRO_38,0.002722766267653148,35
auto-sklearn,predict_F_V_PRO_80pct_F_V_PRO_81,Force regression,F_V_PRO_39,0.002413156728881103,39
auto-sklearn,predict_F_V_PRO_80pct_F_V_PRO_81,Force regression,F_V_PRO_40,0.0035478619811021564,29
auto-sklearn,predict_F_V_PRO_80pct_F_V_PRO_81,Force regression,F_V_PRO_41,0.002399105522781603,41
auto-sklearn,predict_F_V_PRO_80pct_F_V_PRO_81,Force regression,F_V_PRO_42,0.0017312466206236001,51
auto-sklearn,predict_F_V_PRO_80pct_F_V_PRO_81,Force regression,F_V_PRO_43,0.0006192349380710079,70
auto-sklearn,predict_F_V_PRO_80pct_F_V_PRO_81,Force regression,F_V_PRO_44,0.0035139755469022565,30
auto-sklearn,predict_F_V_PRO_80pct_F_V_PRO_81,Force regression,F_V_PRO_45,0.001883803142648612,50
auto-sklearn,predict_F_V_PRO_80pct_F_V_PRO_81,Force regression,F_V_PRO_46,0.0010466153935218847,57
auto-sklearn,predict_F_V_PRO_80pct_F_V_PRO_81,Force regression,F_V_PRO_47,0.00501272760362676,23
auto-sklearn,predict_F_V_PRO_80pct_F_V_PRO_81,Force regression,F_V_PRO_48,0.006179660548766445,21
auto-sklearn,predict_F_V_PRO_80pct_F_V_PRO_81,Force regression,F_V_PRO_49,0.0022733488403674632,47
auto-sklearn,predict_F_V_PRO_80pct_F_V_PRO_81,Force regression,F_V_PRO_50,0.0022208035552046456,48
auto-sklearn,predict_F_V_PRO_80pct_F_V_PRO_81,Force regression,F_V_PRO_51,0.0010590757776258607,55
auto-sklearn,predict_F_V_PRO_80pct_F_V_PRO_81,Force regression,F_V_PRO_52,0.0011266852010869243,54
auto-sklearn,predict_F_V_PRO_80pct_F_V_PRO_81,Force regression,F_V_PRO_53,0.00356466165671332,28
auto-sklearn,predict_F_V_PRO_80pct_F_V_PRO_81,Force regression,F_V_PRO_54,0.006390105605021933,20
auto-sklearn,predict_F_V_PRO_80pct_F_V_PRO_81,Force regression,F_V_PRO_55,0.0010049821682688233,60
auto-sklearn,predict_F_V_PRO_80pct_F_V_PRO_81,Force regression,F_V_PRO_56,0.002702136275979371,36
auto-sklearn,predict_F_V_PRO_80pct_F_V_PRO_81,Force regression,F_V_PRO_57,0.0023543936870992323,44
auto-sklearn,predict_F_V_PRO_80pct_F_V_PRO_81,Force regression,F_V_PRO_58,0.0009211033362274345,62
auto-sklearn,predict_F_V_PRO_80pct_F_V_PRO_81,Force regression,F_V_PRO_59,0.0028734173261457064,34
auto-sklearn,predict_F_V_PRO_80pct_F_V_PRO_81,Force regression,F_V_PRO_60,0.0016774068524440155,53
auto-sklearn,predict_F_V_PRO_80pct_F_V_PRO_81,Force regression,F_V_PRO_61,0.015967626844946712,17
auto-sklearn,predict_F_V_PRO_80pct_F_V_PRO_81,Force regression,F_V_PRO_62,0.006816130665648312,19
auto-sklearn,predict_F_V_PRO_80pct_F_V_PRO_81,Force regression,F_V_PRO_63,0.1552604058919889,12
auto-sklearn,predict_F_V_PRO_80pct_F_V_PRO_81,Force regression,F_V_PRO_64,0.35593653004275005,4
auto-sklearn,predict_F_V_PRO_80pct_F_V_PRO_81,Force regression,F_V_PRO_65,0.43086691318317827,2
auto-sklearn,predict_F_V_PRO_80pct_F_V_PRO_81,Force regression,F_V_PRO_66,0.4300711209664327,3
auto-sklearn,predict_F_V_PRO_80pct_F_V_PRO_81,Force regression,F_V_PRO_67,0.4593548802953834,1
auto-sklearn,predict_F_V_PRO_80pct_F_V_PRO_81,Force regression,F_V_PRO_68,0.34787640514431734,5
auto-sklearn,predict_F_V_PRO_80pct_F_V_PRO_81,Force regression,F_V_PRO_69,0.29660975346072677,9
auto-sklearn,predict_F_V_PRO_80pct_F_V_PRO_81,Force regression,F_V_PRO_70,0.12046855338166157,13
auto-sklearn,predict_F_V_PRO_80pct_F_V_PRO_81,Force regression,F_V_PRO_92,0.16329974193022484,11
auto-sklearn,predict_F_V_PRO_80pct_F_V_PRO_81,Force regression,F_V_PRO_93,0.3117816125373873,8
auto-sklearn,predict_F_V_PRO_80pct_F_V_PRO_81,Force regression,F_V_PRO_94,0.3418369000446465,6
auto-sklearn,predict_F_V_PRO_80pct_F_V_PRO_81,Force regression,F_V_PRO_95,0.31247097768148197,7
auto-sklearn,predict_F_V_PRO_80pct_F_V_PRO_81,Force regression,F_V_PRO_96,0.2031379440687597,10
auto-sklearn,predict_F_V_PRO_80pct_F_V_PRO_81,Force regression,F_V_PRO_97,0.06538069023481673,14
auto-sklearn,predict_F_V_PRO_80pct_F_V_PRO_81,Force regression,F_V_PRO_98,0.018690428838340763,16
auto-sklearn,predict_F_V_PRO_80pct_F_V_PRO_81,Force regression,F_V_PRO_99,0.03467159225822738,15
auto-sklearn,predict_F_V_PRO_80pct_F_V_PRO_81,Force regression,F_V_PRO_100,0.00527820080208281,22
auto-sklearn,predict_F_V_PRO_80pct_F_V_PRO_81,Force regression,F_V_PRO_101,0.0030360941419170892,33
auto-sklearn,sex_classification,Classification,F_V_PRO_1,0.08250378432192128,1
auto-sklearn,sex_classification,Classification,F_V_PRO_2,0.0018911212065272631,152
auto-sklearn,sex_classification,Classification,F_V_PRO_3,0.003995374137824746,64
auto-sklearn,sex_classification,Classification,F_V_PRO_4,0.004019101257481192,63
auto-sklearn,sex_classification,Classification,F_V_PRO_5,0.008929205885264914,8
auto-sklearn,sex_classification,Classification,F_V_PRO_6,0.011561733657360223,4
auto-sklearn,sex_classification,Classification,F_V_PRO_7,0.008363217645272543,12
auto-sklearn,sex_classification,Classification,F_V_PRO_8,0.004562220651908087,44
auto-sklearn,sex_classification,Classification,F_V_PRO_9,0.0035219059101744906,82
auto-sklearn,sex_classification,Classification,F_V_PRO_10,0.003950954075691674,66
auto-sklearn,sex_classification,Classification,F_V_PRO_11,0.003796181603910592,75
auto-sklearn,sex_classification,Classification,F_V_PRO_12,0.003979214455939655,65
auto-sklearn,sex_classification,Classification,F_V_PRO_13,0.0025027930151160457,116
auto-sklearn,sex_classification,Classification,F_V_PRO_14,0.0043219835955562004,53
auto-sklearn,sex_classification,Classification,F_V_PRO_15,0.004649966714052814,42
auto-sklearn,sex_classification,Classification,F_V_PRO_16,0.0041472567557533525,56
auto-sklearn,sex_classification,Classification,F_V_PRO_17,0.003372501371490531,84
auto-sklearn,sex_classification,Classification,F_V_PRO_18,0.00494194109600862,41
auto-sklearn,sex_classification,Classification,F_V_PRO_19,0.0065556346217286255,22
auto-sklearn,sex_classification,Classification,F_V_PRO_20,0.008451862547367696,10
auto-sklearn,sex_classification,Classification,F_V_PRO_21,0.013400864645944402,3
auto-sklearn,sex_classification,Classification,F_V_PRO_22,0.006477087084226628,23
auto-sklearn,sex_classification,Classification,F_V_PRO_23,0.008437250441059373,11
auto-sklearn,sex_classification,Classification,F_V_PRO_24,0.006366829235801231,24
auto-sklearn,sex_classification,Classification,F_V_PRO_25,0.003872831892771044,69
auto-sklearn,sex_classification,Classification,F_V_PRO_26,0.004422649079834879,48
auto-sklearn,sex_classification,Classification,F_V_PRO_27,0.0038104167798112035,73
auto-sklearn,sex_classification,Classification,F_V_PRO_28,0.002889009042928292,99
auto-sklearn,sex_classification,Classification,F_V_PRO_29,0.007826015046586234,16
auto-sklearn,sex_classification,Classification,F_V_PRO_30,0.002535711989652321,114
auto-sklearn,sex_classification,Classification,F_V_PRO_31,0.0023482845641925377,126
auto-sklearn,sex_classification,Classification,F_V_PRO_32,0.0028518765029103906,101
auto-sklearn,sex_classification,Classification,F_V_PRO_33,0.0022897583448499514,129
auto-sklearn,sex_classification,Classification,F_V_PRO_34,0.0032817885126554436,87
auto-sklearn,sex_classification,Classification,F_V_PRO_35,0.0019974390813275447,145
auto-sklearn,sex_classification,Classification,F_V_PRO_36,0.0017132247503104316,162
auto-sklearn,sex_classification,Classification,F_V_PRO_37,0.0021616690538716213,137
auto-sklearn,sex_classification,Classification,F_V_PRO_38,0.005029426882842253,36
auto-sklearn,sex_classification,Classification,F_V_PRO_39,0.00279998422320679,103
auto-sklearn,sex_classification,Classification,F_V_PRO_40,0.004195822542111987,54
auto-sklearn,sex_classification,Classification,F_V_PRO_41,0.0036781956943696247,78
auto-sklearn,sex_classification,Classification,F_V_PRO_42,0.00458253229800892,43
auto-sklearn,sex_classification,Classification,F_V_PRO_43,0.008126504248954716,14
auto-sklearn,sex_classification,Classification,F_V_PRO_44,0.005823901588053426,27
auto-sklearn,sex_classification,Classification,F_V_PRO_45,0.0050115248419917635,38
auto-sklearn,sex_classification,Classification,F_V_PRO_46,0.004134091889366864,57
auto-sklearn,sex_classification,Classification,F_V_PRO_47,0.004459431161961311,47
auto-sklearn,sex_classification,Classification,F_V_PRO_48,0.00512009848580693,34
auto-sklearn,sex_classification,Classification,F_V_PRO_49,0.006173460833764178,26
auto-sklearn,sex_classification,Classification,F_V_PRO_50,0.004364206530698749,50
auto-sklearn,sex_classification,Classification,F_V_PRO_51,0.011045790733723795,5
auto-sklearn,sex_classification,Classification,F_V_PRO_52,0.0040872639710433905,60
auto-sklearn,sex_classification,Classification,F_V_PRO_53,0.008350756341824852,13
auto-sklearn,sex_classification,Classification,F_V_PRO_54,0.005467906457647771,30
auto-sklearn,sex_classification,Classification,F_V_PRO_55,0.0050279431842513754,37
auto-sklearn,sex_classification,Classification,F_V_PRO_56,0.007465161006314597,17
auto-sklearn,sex_classification,Classification,F_V_PRO_57,0.005235005106463093,31
auto-sklearn,sex_classification,Classification,F_V_PRO_58,0.006555933645226193,21
auto-sklearn,sex_classification,Classification,F_V_PRO_59,0.0070909220007230635,20
auto-sklearn,sex_classification,Classification,F_V_PRO_60,0.008685471688472172,9
auto-sklearn,sex_classification,Classification,F_V_PRO_61,0.0038679220219472927,70
auto-sklearn,sex_classification,Classification,F_V_PRO_62,0.002416981429987385,121
auto-sklearn,sex_classification,Classification,F_V_PRO_63,0.0038326406444775603,72
auto-sklearn,sex_classification,Classification,F_V_PRO_64,0.001998249389610829,144
auto-sklearn,sex_classification,Classification,F_V_PRO_65,0.002020150210756694,143
auto-sklearn,sex_classification,Classification,F_V_PRO_66,0.0030400169355816317,96
auto-sklearn,sex_classification,Classification,F_V_PRO_67,0.002796069144871537,105
auto-sklearn,sex_classification,Classification,F_V_PRO_68,0.002321511686745861,128
auto-sklearn,sex_classification,Classification,F_V_PRO_69,0.0015840531707186152,174
auto-sklearn,sex_classification,Classification,F_V_PRO_70,0.0015270234565551257,179
auto-sklearn,sex_classification,Classification,F_V_PRO_71,0.0015395604073333115,178
auto-sklearn,sex_classification,Classification,F_V_PRO_72,0.0013601212579412722,198
auto-sklearn,sex_classification,Classification,F_V_PRO_73,0.0018225021973037798,155
auto-sklearn,sex_classification,Classification,F_V_PRO_74,0.0013087830274310782,206
auto-sklearn,sex_classification,Classification,F_V_PRO_75,0.0021475863327209345,138
auto-sklearn,sex_classification,Classification,F_V_PRO_76,0.0018264283414764733,154
auto-sklearn,sex_classification,Classification,F_V_PRO_77,0.0022259648242028344,133
auto-sklearn,sex_classification,Classification,F_V_PRO_78,0.0032540469272660066,88
auto-sklearn,sex_classification,Classification,F_V_PRO_79,0.0024338210450051867,120
auto-sklearn,sex_classification,Classification,F_V_PRO_80,0.0026248999776266194,111
auto-sklearn,sex_classification,Classification,F_V_PRO_81,0.002272488484084929,130
auto-sklearn,sex_classification,Classification,F_V_PRO_82,0.0021093880938602037,140
auto-sklearn,sex_classification,Classification,F_V_PRO_83,0.0033487313482574656,85
auto-sklearn,sex_classification,Classification,F_V_PRO_84,0.0031624900421493066,90
auto-sklearn,sex_classification,Classification,F_V_PRO_85,0.002784569022016191,106
auto-sklearn,sex_classification,Classification,F_V_PRO_86,0.004167199961486609,55
auto-sklearn,sex_classification,Classification,F_V_PRO_87,0.00577042182413222,28
auto-sklearn,sex_classification,Classification,F_V_PRO_88,0.005126165311361309,33
auto-sklearn,sex_classification,Classification,F_V_PRO_89,0.004942645413067602,40
auto-sklearn,sex_classification,Classification,F_V_PRO_90,0.005147716425873585,32
auto-sklearn,sex_classification,Classification,F_V_PRO_91,0.005726701277775877,29
auto-sklearn,sex_classification,Classification,F_V_PRO_92,0.009833132847026138,7
auto-sklearn,sex_classification,Classification,F_V_PRO_93,0.003800049099033598,74
auto-sklearn,sex_classification,Classification,F_V_PRO_94,0.004054359176114763,62
auto-sklearn,sex_classification,Classification,F_V_PRO_95,0.003950899037337728,67
auto-sklearn,sex_classification,Classification,F_V_PRO_96,0.004491122795762586,46
auto-sklearn,sex_classification,Classification,F_V_PRO_97,0.001596231365456426,173
auto-sklearn,sex_classification,Classification,F_V_PRO_98,0.0014197600429830999,189
auto-sklearn,sex_classification,Classification,F_V_PRO_99,0.0024794942242957678,117
auto-sklearn,sex_classification,Classification,F_V_PRO_100,0.0025401256323131552,113
auto-sklearn,sex_classification,Classification,F_V_PRO_101,0.08192858491766,2
auto-sklearn,sex_classification,Classification,F_AP_PRO_1,0.0011188782366548494,237
auto-sklearn,sex_classification,Classification,F_AP_PRO_2,0.0005519005761837143,299
auto-sklearn,sex_classification,Classification,F_AP_PRO_3,0.0012907104263731363,209
auto-sklearn,sex_classification,Classification,F_AP_PRO_4,0.0014667110265019156,185
auto-sklearn,sex_classification,Classification,F_AP_PRO_5,0.0012260926625243483,226
auto-sklearn,sex_classification,Classification,F_AP_PRO_6,0.0014935724008642052,183
auto-sklearn,sex_classification,Classification,F_AP_PRO_7,0.001231914615510881,224
auto-sklearn,sex_classification,Classification,F_AP_PRO_8,0.0011388750119332583,234
auto-sklearn,sex_classification,Classification,F_AP_PRO_9,0.004409747752152023,49
auto-sklearn,sex_classification,Classification,F_AP_PRO_10,0.0030871527228470133,93
auto-sklearn,sex_classification,Classification,F_AP_PRO_11,0.0019107991635323876,150
auto-sklearn,sex_classification,Classification,F_AP_PRO_12,0.001684460885640791,166
auto-sklearn,sex_classification,Classification,F_AP_PRO_13,0.0026372322133782367,109
auto-sklearn,sex_classification,Classification,F_AP_PRO_14,0.0013948107271433492,192
auto-sklearn,sex_classification,Classification,F_AP_PRO_15,0.0015179515432001392,180
auto-sklearn,sex_classification,Classification,F_AP_PRO_16,0.002630909880158815,110
auto-sklearn,sex_classification,Classification,F_AP_PRO_17,0.001578931217081799,175
auto-sklearn,sex_classification,Classification,F_AP_PRO_18,0.0037852903150313155,76
auto-sklearn,sex_classification,Classification,F_AP_PRO_19,0.001280704478413485,210
auto-sklearn,sex_classification,Classification,F_AP_PRO_20,0.0016336518238100025,170
auto-sklearn,sex_classification,Classification,F_AP_PRO_21,0.004105118547508644,59
auto-sklearn,sex_classification,Classification,F_AP_PRO_22,0.0033292406573617586,86
auto-sklearn,sex_classification,Classification,F_AP_PRO_23,0.0012724093570276236,213
auto-sklearn,sex_classification,Classification,F_AP_PRO_24,0.0013856489907741927,193
auto-sklearn,sex_classification,Classification,F_AP_PRO_25,0.001367682111289469,197
auto-sklearn,sex_classification,Classification,F_AP_PRO_26,0.00436333992760616,51
auto-sklearn,sex_classification,Classification,F_AP_PRO_27,0.0030067717803926993,97
auto-sklearn,sex_classification,Classification,F_AP_PRO_28,0.0023559042113303658,125
auto-sklearn,sex_classification,Classification,F_AP_PRO_29,0.0010390203091515096,248
auto-sklearn,sex_classification,Classification,F_AP_PRO_30,0.000940830930982578,259
auto-sklearn,sex_classification,Classification,F_AP_PRO_31,0.0011639147453792068,232
auto-sklearn,sex_classification,Classification,F_AP_PRO_32,0.0008750551051722798,265
auto-sklearn,sex_classification,Classification,F_AP_PRO_33,0.0009523001662821291,256
auto-sklearn,sex_classification,Classification,F_AP_PRO_34,0.0007473922316006363,281
auto-sklearn,sex_classification,Classification,F_AP_PRO_35,0.0011683579145865652,231
auto-sklearn,sex_classification,Classification,F_AP_PRO_36,0.0007275815648834052,285
auto-sklearn,sex_classification,Classification,F_AP_PRO_37,0.0014094482573061137,191
auto-sklearn,sex_classification,Classification,F_AP_PRO_38,0.0012077854117846277,228
auto-sklearn,sex_classification,Classification,F_AP_PRO_39,0.0007517599113060112,280
auto-sklearn,sex_classification,Classification,F_AP_PRO_40,0.002821658331117242,102
auto-sklearn,sex_classification,Classification,F_AP_PRO_41,0.0006280414359293514,295
auto-sklearn,sex_classification,Classification,F_AP_PRO_42,0.0012643871431780086,215
auto-sklearn,sex_classification,Classification,F_AP_PRO_43,0.0015016651773658944,182
auto-sklearn,sex_classification,Classification,F_AP_PRO_44,0.0018766074837914648,153
auto-sklearn,sex_classification,Classification,F_AP_PRO_45,0.0012490473660058557,219
auto-sklearn,sex_classification,Classification,F_AP_PRO_46,0.0012268908537766557,225
auto-sklearn,sex_classification,Classification,F_AP_PRO_47,0.0019945623897536864,146
auto-sklearn,sex_classification,Classification,F_AP_PRO_48,0.00048548092898301014,302
auto-sklearn,sex_classification,Classification,F_AP_PRO_49,0.000745801035186371,282
auto-sklearn,sex_classification,Classification,F_AP_PRO_50,0.0008265328865915615,268
auto-sklearn,sex_classification,Classification,F_AP_PRO_51,0.0011515795376140837,233
auto-sklearn,sex_classification,Classification,F_AP_PRO_52,0.0007660806231228658,278
auto-sklearn,sex_classification,Classification,F_AP_PRO_53,0.0010565935295574435,244
auto-sklearn,sex_classification,Classification,F_AP_PRO_54,0.0005599150598123049,298
auto-sklearn,sex_classification,Classification,F_AP_PRO_55,0.0004301649823483966,303
auto-sklearn,sex_classification,Classification,F_AP_PRO_56,0.0006975820648340394,289
auto-sklearn,sex_classification,Classification,F_AP_PRO_57,0.0012359798441655947,223
auto-sklearn,sex_classification,Classification,F_AP_PRO_58,0.0006778923744292176,292
auto-sklearn,sex_classification,Classification,F_AP_PRO_59,0.0012592612840753414,216
auto-sklearn,sex_classification,Classification,F_AP_PRO_60,0.0010748963683835018,239
auto-sklearn,sex_classification,Classification,F_AP_PRO_61,0.0006068112302465475,297
auto-sklearn,sex_classification,Classification,F_AP_PRO_62,0.0023983163870563095,123
auto-sklearn,sex_classification,Classification,F_AP_PRO_63,0.001128919832857971,236
auto-sklearn,sex_classification,Classification,F_AP_PRO_64,0.0014121873895984517,190
auto-sklearn,sex_classification,Classification,F_AP_PRO_65,0.0021464048664789183,139
auto-sklearn,sex_classification,Classification,F_AP_PRO_66,0.0014786464576588248,184
auto-sklearn,sex_classification,Classification,F_AP_PRO_67,0.0007816019672981576,273
auto-sklearn,sex_classification,Classification,F_AP_PRO_68,0.000846846798880535,266
auto-sklearn,sex_classification,Classification,F_AP_PRO_69,0.0007763767497852736,276
auto-sklearn,sex_classification,Classification,F_AP_PRO_70,0.0016797223055425507,167
auto-sklearn,sex_classification,Classification,F_AP_PRO_71,0.0013467890754555586,201
auto-sklearn,sex_classification,Classification,F_AP_PRO_72,0.0027991314431370586,104
auto-sklearn,sex_classification,Classification,F_AP_PRO_73,0.000768870874558597,277
auto-sklearn,sex_classification,Classification,F_AP_PRO_74,0.0009145591889844845,262
auto-sklearn,sex_classification,Classification,F_AP_PRO_75,0.0010357804819189872,249
auto-sklearn,sex_classification,Classification,F_AP_PRO_76,0.001064738874752579,242
auto-sklearn,sex_classification,Classification,F_AP_PRO_77,0.0024585713897061945,119
auto-sklearn,sex_classification,Classification,F_AP_PRO_78,0.0015405411690854335,177
auto-sklearn,sex_classification,Classification,F_AP_PRO_79,0.0013399472430291493,202
auto-sklearn,sex_classification,Classification,F_AP_PRO_80,0.0026670698162773983,108
auto-sklearn,sex_classification,Classification,F_AP_PRO_81,0.0017353129513462814,160
auto-sklearn,sex_classification,Classification,F_AP_PRO_82,0.0009728269157467264,254
auto-sklearn,sex_classification,Classification,F_AP_PRO_83,0.0012455645368359516,220
auto-sklearn,sex_classification,Classification,F_AP_PRO_84,0.003071545837449128,94
auto-sklearn,sex_classification,Classification,F_AP_PRO_85,0.0037158639658310426,77
auto-sklearn,sex_classification,Classification,F_AP_PRO_86,0.0016635854601052555,169
auto-sklearn,sex_classification,Classification,F_AP_PRO_87,0.0036273660323596552,80
auto-sklearn,sex_classification,Classification,F_AP_PRO_88,0.0024018809537131435,122
auto-sklearn,sex_classification,Classification,F_AP_PRO_89,0.0023397684828879504,127
auto-sklearn,sex_classification,Classification,F_AP_PRO_90,0.0025532936807968077,112
auto-sklearn,sex_classification,Classification,F_AP_PRO_91,0.007264361585678362,19
auto-sklearn,sex_classification,Classification,F_AP_PRO_92,0.002474324956089069,118
auto-sklearn,sex_classification,Classification,F_AP_PRO_93,0.0021982360699321813,134
auto-sklearn,sex_classification,Classification,F_AP_PRO_94,0.0025041566068386635,115
auto-sklearn,sex_classification,Classification,F_AP_PRO_95,0.004995987386421677,39
auto-sklearn,sex_classification,Classification,F_AP_PRO_96,0.004337020778582854,52
auto-sklearn,sex_classification,Classification,F_AP_PRO_97,0.0036391430820423305,79
auto-sklearn,sex_classification,Classification,F_AP_PRO_98,0.001353555741455878,199
auto-sklearn,sex_classification,Classification,F_AP_PRO_99,0.0038536965412868645,71
auto-sklearn,sex_classification,Classification,F_AP_PRO_100,0.001006423505157027,252
auto-sklearn,sex_classification,Classification,F_AP_PRO_101,0.002905153715832882,98
auto-sklearn,sex_classification,Classification,F_ML_PRO_1,0.0010667494850523846,241
auto-sklearn,sex_classification,Classification,F_ML_PRO_2,0.0023569413960091825,124
auto-sklearn,sex_classification,Classification,F_ML_PRO_3,0.0018123573555079338,157
auto-sklearn,sex_classification,Classification,F_ML_PRO_4,0.0017892946581374801,158
auto-sklearn,sex_classification,Classification,F_ML_PRO_5,0.01003124059274185,6
auto-sklearn,sex_classification,Classification,F_ML_PRO_6,0.004115397561692923,58
auto-sklearn,sex_classification,Classification,F_ML_PRO_7,0.007937529360013778,15
auto-sklearn,sex_classification,Classification,F_ML_PRO_8,0.0015639308123385728,176
auto-sklearn,sex_classification,Classification,F_ML_PRO_9,0.0016919883307172526,164
auto-sklearn,sex_classification,Classification,F_ML_PRO_10,0.002165608537008082,136
auto-sklearn,sex_classification,Classification,F_ML_PRO_11,0.0011760812430797287,230
auto-sklearn,sex_classification,Classification,F_ML_PRO_12,0.0031090094202089738,92
auto-sklearn,sex_classification,Classification,F_ML_PRO_13,0.006254449753733422,25
auto-sklearn,sex_classification,Classification,F_ML_PRO_14,0.002271582040812799,131
auto-sklearn,sex_classification,Classification,F_ML_PRO_15,0.002167858366091503,135
auto-sklearn,sex_classification,Classification,F_ML_PRO_16,0.0010275970973084422,250
auto-sklearn,sex_classification,Classification,F_ML_PRO_17,0.0022348050814410434,132
auto-sklearn,sex_classification,Classification,F_ML_PRO_18,0.0012411357598905678,222
auto-sklearn,sex_classification,Classification,F_ML_PRO_19,0.0010632633303819519,243
auto-sklearn,sex_classification,Classification,F_ML_PRO_20,0.001716347454519194,161
auto-sklearn,sex_classification,Classification,F_ML_PRO_21,0.0009511350799851354,257
auto-sklearn,sex_classification,Classification,F_ML_PRO_22,0.0013535183830920745,200
auto-sklearn,sex_classification,Classification,F_ML_PRO_23,0.0012801693256671417,211
auto-sklearn,sex_classification,Classification,F_ML_PRO_24,0.0007372307918353157,283
auto-sklearn,sex_classification,Classification,F_ML_PRO_25,0.0007811693200889369,274
auto-sklearn,sex_classification,Classification,F_ML_PRO_26,0.001279560420828025,212
auto-sklearn,sex_classification,Classification,F_ML_PRO_27,0.0019812371563065895,147
auto-sklearn,sex_classification,Classification,F_ML_PRO_28,0.0008961202115958346,263
auto-sklearn,sex_classification,Classification,F_ML_PRO_29,0.004073469596612007,61
auto-sklearn,sex_classification,Classification,F_ML_PRO_30,0.0009178613634089839,261
auto-sklearn,sex_classification,Classification,F_ML_PRO_31,0.0015161070125418294,181
auto-sklearn,sex_classification,Classification,F_ML_PRO_32,0.0014453349811207716,187
auto-sklearn,sex_classification,Classification,F_ML_PRO_33,0.0005499088020145593,300
auto-sklearn,sex_classification,Classification,F_ML_PRO_34,0.001940624062024863,148
auto-sklearn,sex_classification,Classification,F_ML_PRO_35,0.0011369898572029385,235
auto-sklearn,sex_classification,Classification,F_ML_PRO_36,0.00131501675148601,204
auto-sklearn,sex_classification,Classification,F_ML_PRO_37,0.0017088057914127143,163
auto-sklearn,sex_classification,Classification,F_ML_PRO_38,0.0027454213913196347,107
auto-sklearn,sex_classification,Classification,F_ML_PRO_39,0.0012658088838335996,214
auto-sklearn,sex_classification,Classification,F_ML_PRO_40,0.0013712213090126073,196
auto-sklearn,sex_classification,Classification,F_ML_PRO_41,0.0015979058089588642,172
auto-sklearn,sex_classification,Classification,F_ML_PRO_42,0.0020845644509690287,142
auto-sklearn,sex_classification,Classification,F_ML_PRO_43,0.0010067297800363981,251
auto-sklearn,sex_classification,Classification,F_ML_PRO_44,0.0009469706834886664,258
auto-sklearn,sex_classification,Classification,F_ML_PRO_45,0.0006880682055333487,290
auto-sklearn,sex_classification,Classification,F_ML_PRO_46,0.0007977551080159008,270
auto-sklearn,sex_classification,Classification,F_ML_PRO_47,0.0014233865312263875,188
auto-sklearn,sex_classification,Classification,F_ML_PRO_48,0.0013167689073041425,203
auto-sklearn,sex_classification,Classification,F_ML_PRO_49,0.001381776089843099,195
auto-sklearn,sex_classification,Classification,F_ML_PRO_50,0.0006776559625183578,293
auto-sklearn,sex_classification,Classification,F_ML_PRO_51,0.0007206729613582689,287
auto-sklearn,sex_classification,Classification,F_ML_PRO_52,0.0012558013493480966,217
auto-sklearn,sex_classification,Classification,F_ML_PRO_53,0.0008460410206995283,267
auto-sklearn,sex_classification,Classification,F_ML_PRO_54,0.0009539955151062485,255
auto-sklearn,sex_classification,Classification,F_ML_PRO_55,0.0016891117313639846,165
auto-sklearn,sex_classification,Classification,F_ML_PRO_56,0.000810703058950693,269
auto-sklearn,sex_classification,Classification,F_ML_PRO_57,0.0013115579486552128,205
auto-sklearn,sex_classification,Classification,F_ML_PRO_58,0.000720264024061601,288
auto-sklearn,sex_classification,Classification,F_ML_PRO_59,0.0016160849209052419,171
auto-sklearn,sex_classification,Classification,F_ML_PRO_60,0.0008822425908355404,264
auto-sklearn,sex_classification,Classification,F_ML_PRO_61,0.0012935180771719021,208
auto-sklearn,sex_classification,Classification,F_ML_PRO_62,0.0017393055160992146,159
auto-sklearn,sex_classification,Classification,F_ML_PRO_63,0.0012967240355063804,207
auto-sklearn,sex_classification,Classification,F_ML_PRO_64,0.0016658832629869455,168
auto-sklearn,sex_classification,Classification,F_ML_PRO_65,0.0007886619706139972,271
auto-sklearn,sex_classification,Classification,F_ML_PRO_66,0.003040552187394974,95
auto-sklearn,sex_classification,Classification,F_ML_PRO_67,0.0031337619228715297,91
auto-sklearn,sex_classification,Classification,F_ML_PRO_68,0.001203198546347765,229
auto-sklearn,sex_classification,Classification,F_ML_PRO_69,0.0012116262112281877,227
auto-sklearn,sex_classification,Classification,F_ML_PRO_70,0.0018136855957733835,156
auto-sklearn,sex_classification,Classification,F_ML_PRO_71,0.0007793327472808365,275
auto-sklearn,sex_classification,Classification,F_ML_PRO_72,0.0019085217470158225,151
auto-sklearn,sex_classification,Classification,F_ML_PRO_73,0.005045558060119707,35
auto-sklearn,sex_classification,Classification,F_ML_PRO_74,0.0010523033416201337,245
auto-sklearn,sex_classification,Classification,F_ML_PRO_75,0.007310822314232272,18
auto-sklearn,sex_classification,Classification,F_ML_PRO_76,0.0031809028174980204,89
auto-sklearn,sex_classification,Classification,F_ML_PRO_77,0.0019402712169167325,149
auto-sklearn,sex_classification,Classification,F_ML_PRO_78,0.0021066683587958415,141
auto-sklearn,sex_classification,Classification,F_ML_PRO_79,0.0013842596472460305,194
auto-sklearn,sex_classification,Classification,F_ML_PRO_80,0.0045068972662893215,45
auto-sklearn,sex_classification,Classification,F_ML_PRO_81,0.0012544153493215784,218
auto-sklearn,sex_classification,Classification,F_ML_PRO_82,0.0007524025215317643,279
auto-sklearn,sex_classification,Classification,F_ML_PRO_83,0.003473804358722414,83
auto-sklearn,sex_classification,Classification,F_ML_PRO_84,0.0009945036705359576,253
auto-sklearn,sex_classification,Classification,F_ML_PRO_85,0.0007255441958319546,286
auto-sklearn,sex_classification,Classification,F_ML_PRO_86,0.0035337730773121164,81
auto-sklearn,sex_classification,Classification,F_ML_PRO_87,0.0007830597910634507,272
auto-sklearn,sex_classification,Classification,F_ML_PRO_88,0.0010414933477212247,247
auto-sklearn,sex_classification,Classification,F_ML_PRO_89,0.0009309795228526411,260
auto-sklearn,sex_classification,Classification,F_ML_PRO_90,0.0007311502885617928,284
auto-sklearn,sex_classification,Classification,F_ML_PRO_91,0.00068205469429099,291
auto-sklearn,sex_classification,Classification,F_ML_PRO_92,0.001100102871895505,238
auto-sklearn,sex_classification,Classification,F_ML_PRO_93,0.0014596283696197143,186
auto-sklearn,sex_classification,Classification,F_ML_PRO_94,0.0006184860944964066,296
auto-sklearn,sex_classification,Classification,F_ML_PRO_95,0.0012430141375242075,221
auto-sklearn,sex_classification,Classification,F_ML_PRO_96,0.0028563588965186755,100
auto-sklearn,sex_classification,Classification,F_ML_PRO_97,0.0010480302902681168,246
auto-sklearn,sex_classification,Classification,F_ML_PRO_98,0.0005346183908301558,301
auto-sklearn,sex_classification,Classification,F_ML_PRO_99,0.0006758304267550151,294
auto-sklearn,sex_classification,Classification,F_ML_PRO_100,0.0010719021170814635,240
auto-sklearn,sex_classification,Classification,F_ML_PRO_101,0.0038945662848816507,68
auto-pytorch,age_regression,Anthropometric regression,F_V_PRO_1,0.22320615470409405,9
auto-pytorch,age_regression,Anthropometric regression,F_V_PRO_2,0.14423982759316784,22
auto-pytorch,age_regression,Anthropometric regression,F_V_PRO_3,0.12076529630025205,36
auto-pytorch,age_regression,Anthropometric regression,F_V_PRO_4,0.0903016505241394,63
auto-pytorch,age_regression,Anthropometric regression,F_V_PRO_5,0.06555539619922642,101
auto-pytorch,age_regression,Anthropometric regression,F_V_PRO_6,0.024173756837845003,217
auto-pytorch,age_regression,Anthropometric regression,F_V_PRO_7,0.11051542480786658,42
auto-pytorch,age_regression,Anthropometric regression,F_V_PRO_8,0.14784195216496812,21
auto-pytorch,age_regression,Anthropometric regression,F_V_PRO_9,0.13990252161026007,25
auto-pytorch,age_regression,Anthropometric regression,F_V_PRO_10,0.11605968133608471,37
auto-pytorch,age_regression,Anthropometric regression,F_V_PRO_11,0.09446216197808574,58
auto-pytorch,age_regression,Anthropometric regression,F_V_PRO_12,0.0575357840855918,116
auto-pytorch,age_regression,Anthropometric regression,F_V_PRO_13,0.008668698310851989,286
auto-pytorch,age_regression,Anthropometric regression,F_V_PRO_14,0.07068896965185818,90
auto-pytorch,age_regression,Anthropometric regression,F_V_PRO_15,0.16881200043360417,15
auto-pytorch,age_regression,Anthropometric regression,F_V_PRO_16,0.24833112049102765,5
auto-pytorch,age_regression,Anthropometric regression,F_V_PRO_17,0.2764501957496005,4
auto-pytorch,age_regression,Anthropometric regression,F_V_PRO_18,0.22713370132446292,7
auto-pytorch,age_regression,Anthropometric regression,F_V_PRO_19,0.15564696768919617,19
auto-pytorch,age_regression,Anthropometric regression,F_V_PRO_20,0.0690425635576247,95
auto-pytorch,age_regression,Anthropometric regression,F_V_PRO_21,0.015426220655441192,258
auto-pytorch,age_regression,Anthropometric regression,F_V_PRO_22,0.04975200331211097,132
auto-pytorch,age_regression,Anthropometric regression,F_V_PRO_23,0.09271938021977745,59
auto-pytorch,age_regression,Anthropometric regression,F_V_PRO_24,0.12250094739596017,35
auto-pytorch,age_regression,Anthropometric regression,F_V_PRO_25,0.12448595976829549,34
auto-pytorch,age_regression,Anthropometric regression,F_V_PRO_26,0.10893729515870412,45
auto-pytorch,age_regression,Anthropometric regression,F_V_PRO_27,0.0834538774490356,74
auto-pytorch,age_regression,Anthropometric regression,F_V_PRO_28,0.05593914580345138,119
auto-pytorch,age_regression,Anthropometric regression,F_V_PRO_29,0.02371340326468167,220
auto-pytorch,age_regression,Anthropometric regression,F_V_PRO_30,0.015620811859766803,256
auto-pytorch,age_regression,Anthropometric regression,F_V_PRO_31,0.010204281012217228,281
auto-pytorch,age_regression,Anthropometric regression,F_V_PRO_32,0.00558120866616522,297
auto-pytorch,age_regression,Anthropometric regression,F_V_PRO_33,0.004012804826100277,300
auto-pytorch,age_regression,Anthropometric regression,F_V_PRO_34,0.007686926960945032,289
auto-pytorch,age_regression,Anthropometric regression,F_V_PRO_35,0.00923904097080257,283
auto-pytorch,age_regression,Anthropometric regression,F_V_PRO_36,0.015910549561182978,252
auto-pytorch,age_regression,Anthropometric regression,F_V_PRO_37,0.035550939877828175,183
auto-pytorch,age_regression,Anthropometric regression,F_V_PRO_38,0.06402337125937153,105
auto-pytorch,age_regression,Anthropometric regression,F_V_PRO_39,0.07936785686016089,79
auto-pytorch,age_regression,Anthropometric regression,F_V_PRO_40,0.09259563612937918,60
auto-pytorch,age_regression,Anthropometric regression,F_V_PRO_41,0.08761220014095308,66
auto-pytorch,age_regression,Anthropometric regression,F_V_PRO_42,0.08313828345139823,75
auto-pytorch,age_regression,Anthropometric regression,F_V_PRO_43,0.07113045346736904,89
auto-pytorch,age_regression,Anthropometric regression,F_V_PRO_44,0.051778306881587,128
auto-pytorch,age_regression,Anthropometric regression,F_V_PRO_45,0.04911826169490817,134
auto-pytorch,age_regression,Anthropometric regression,F_V_PRO_46,0.039610380252202405,166
auto-pytorch,age_regression,Anthropometric regression,F_V_PRO_47,0.02446396760145812,215
auto-pytorch,age_regression,Anthropometric regression,F_V_PRO_48,0.028158409635225822,198
auto-pytorch,age_regression,Anthropometric regression,F_V_PRO_49,0.030180120786030842,192
auto-pytorch,age_regression,Anthropometric regression,F_V_PRO_50,0.0195711905558903,239
auto-pytorch,age_regression,Anthropometric regression,F_V_PRO_51,0.031145219326019873,190
auto-pytorch,age_regression,Anthropometric regression,F_V_PRO_52,0.02603404410680111,209
auto-pytorch,age_regression,Anthropometric regression,F_V_PRO_53,0.03178871881961811,188
auto-pytorch,age_regression,Anthropometric regression,F_V_PRO_54,0.05064990909894327,130
auto-pytorch,age_regression,Anthropometric regression,F_V_PRO_55,0.05196137483914711,127
auto-pytorch,age_regression,Anthropometric regression,F_V_PRO_56,0.10154281755288466,48
auto-pytorch,age_regression,Anthropometric regression,F_V_PRO_57,0.11158013776938128,41
auto-pytorch,age_regression,Anthropometric regression,F_V_PRO_58,0.1294167635043463,30
auto-pytorch,age_regression,Anthropometric regression,F_V_PRO_59,0.1421396883726119,24
auto-pytorch,age_regression,Anthropometric regression,F_V_PRO_60,0.16275163892904915,16
auto-pytorch,age_regression,Anthropometric regression,F_V_PRO_61,0.15753105771541584,18
auto-pytorch,age_regression,Anthropometric regression,F_V_PRO_62,0.12683181476593,31
auto-pytorch,age_regression,Anthropometric regression,F_V_PRO_63,0.10164769268035888,47
auto-pytorch,age_regression,Anthropometric regression,F_V_PRO_64,0.08007864757378874,78
auto-pytorch,age_regression,Anthropometric regression,F_V_PRO_65,0.05211308749516815,126
auto-pytorch,age_regression,Anthropometric regression,F_V_PRO_66,0.020589225530624648,232
auto-pytorch,age_regression,Anthropometric regression,F_V_PRO_67,0.020574424942334406,233
auto-pytorch,age_regression,Anthropometric regression,F_V_PRO_68,0.037486943403879695,172
auto-pytorch,age_regression,Anthropometric regression,F_V_PRO_69,0.04364933637777935,152
auto-pytorch,age_regression,Anthropometric regression,F_V_PRO_70,0.043334272305170764,154
auto-pytorch,age_regression,Anthropometric regression,F_V_PRO_71,0.04028197364012413,163
auto-pytorch,age_regression,Anthropometric regression,F_V_PRO_72,0.03954578447341917,167
auto-pytorch,age_regression,Anthropometric regression,F_V_PRO_73,0.04554602563381192,148
auto-pytorch,age_regression,Anthropometric regression,F_V_PRO_74,0.043369915246963466,153
auto-pytorch,age_regression,Anthropometric regression,F_V_PRO_75,0.04801819348335249,138
auto-pytorch,age_regression,Anthropometric regression,F_V_PRO_76,0.03568697496255216,181
auto-pytorch,age_regression,Anthropometric regression,F_V_PRO_77,0.01566074899832426,255
auto-pytorch,age_regression,Anthropometric regression,F_V_PRO_78,0.011144882082939015,273
auto-pytorch,age_regression,Anthropometric regression,F_V_PRO_79,0.032447071870167994,187
auto-pytorch,age_regression,Anthropometric regression,F_V_PRO_80,0.06515116997559858,103
auto-pytorch,age_regression,Anthropometric regression,F_V_PRO_81,0.09197598210970567,62
auto-pytorch,age_regression,Anthropometric regression,F_V_PRO_82,0.11166879288355508,40
auto-pytorch,age_regression,Anthropometric regression,F_V_PRO_83,0.13982456056276937,26
auto-pytorch,age_regression,Anthropometric regression,F_V_PRO_84,0.13675130923589068,28
auto-pytorch,age_regression,Anthropometric regression,F_V_PRO_85,0.12466096238295207,33
auto-pytorch,age_regression,Anthropometric regression,F_V_PRO_86,0.08713207713762952,68
auto-pytorch,age_regression,Anthropometric regression,F_V_PRO_87,0.05914403029282909,114
auto-pytorch,age_regression,Anthropometric regression,F_V_PRO_88,0.03420748841762566,185
auto-pytorch,age_regression,Anthropometric regression,F_V_PRO_89,0.019650230487187472,238
auto-pytorch,age_regression,Anthropometric regression,F_V_PRO_90,0.03786238185564663,170
auto-pytorch,age_regression,Anthropometric regression,F_V_PRO_91,0.053553858717282486,122
auto-pytorch,age_regression,Anthropometric regression,F_V_PRO_92,0.0425170942147572,158
auto-pytorch,age_regression,Anthropometric regression,F_V_PRO_93,0.04035677862167356,162
auto-pytorch,age_regression,Anthropometric regression,F_V_PRO_94,0.02564947366714462,210
auto-pytorch,age_regression,Anthropometric regression,F_V_PRO_95,0.0181807646751403,244
auto-pytorch,age_regression,Anthropometric regression,F_V_PRO_96,0.0062686940034228774,294
auto-pytorch,age_regression,Anthropometric regression,F_V_PRO_97,0.015213983257611889,259
auto-pytorch,age_regression,Anthropometric regression,F_V_PRO_98,0.06278830905755346,109
auto-pytorch,age_regression,Anthropometric regression,F_V_PRO_99,0.11351624222596464,38
auto-pytorch,age_regression,Anthropometric regression,F_V_PRO_100,0.13745889933904004,27
auto-pytorch,age_regression,Anthropometric regression,F_V_PRO_101,0.22638024886449207,8
auto-pytorch,age_regression,Anthropometric regression,F_AP_PRO_1,0.07414250870545729,85
auto-pytorch,age_regression,Anthropometric regression,F_AP_PRO_2,0.05371851905186933,121
auto-pytorch,age_regression,Anthropometric regression,F_AP_PRO_3,0.027371500730514302,203
auto-pytorch,age_regression,Anthropometric regression,F_AP_PRO_4,0.011696997960408831,271
auto-pytorch,age_regression,Anthropometric regression,F_AP_PRO_5,0.04471926705042506,150
auto-pytorch,age_regression,Anthropometric regression,F_AP_PRO_6,0.06189334980646765,111
auto-pytorch,age_regression,Anthropometric regression,F_AP_PRO_7,0.06524317443370832,102
auto-pytorch,age_regression,Anthropometric regression,F_AP_PRO_8,0.03937854333718634,168
auto-pytorch,age_regression,Anthropometric regression,F_AP_PRO_9,0.10999129931131962,44
auto-pytorch,age_regression,Anthropometric regression,F_AP_PRO_10,0.24474283560117083,6
auto-pytorch,age_regression,Anthropometric regression,F_AP_PRO_11,0.17955069728692372,13
auto-pytorch,age_regression,Anthropometric regression,F_AP_PRO_12,0.07188395416736586,88
auto-pytorch,age_regression,Anthropometric regression,F_AP_PRO_13,0.04786537206172963,139
auto-pytorch,age_regression,Anthropometric regression,F_AP_PRO_14,0.03935030118624342,169
auto-pytorch,age_regression,Anthropometric regression,F_AP_PRO_15,0.03565030562877638,182
auto-pytorch,age_regression,Anthropometric regression,F_AP_PRO_16,0.03673070577780398,175
auto-pytorch,age_regression,Anthropometric regression,F_AP_PRO_17,0.036266339739163676,177
auto-pytorch,age_regression,Anthropometric regression,F_AP_PRO_18,0.03586109622319551,180
auto-pytorch,age_regression,Anthropometric regression,F_AP_PRO_19,0.03610271199544268,178
auto-pytorch,age_regression,Anthropometric regression,F_AP_PRO_20,0.04258015469710041,157
auto-pytorch,age_regression,Anthropometric regression,F_AP_PRO_21,0.0475944391489028,141
auto-pytorch,age_regression,Anthropometric regression,F_AP_PRO_22,0.04268925249576559,156
auto-pytorch,age_regression,Anthropometric regression,F_AP_PRO_23,0.0429754797617593,155
auto-pytorch,age_regression,Anthropometric regression,F_AP_PRO_24,0.04754002292950948,142
auto-pytorch,age_regression,Anthropometric regression,F_AP_PRO_25,0.03311572909355155,186
auto-pytorch,age_regression,Anthropometric regression,F_AP_PRO_26,0.02279346851507841,224
auto-pytorch,age_regression,Anthropometric regression,F_AP_PRO_27,0.014561305880546745,262
auto-pytorch,age_regression,Anthropometric regression,F_AP_PRO_28,0.027928190509478056,201
auto-pytorch,age_regression,Anthropometric regression,F_AP_PRO_29,0.05321167500813839,123
auto-pytorch,age_regression,Anthropometric regression,F_AP_PRO_30,0.05681721313794448,117
auto-pytorch,age_regression,Anthropometric regression,F_AP_PRO_31,0.053209981600443615,124
auto-pytorch,age_regression,Anthropometric regression,F_AP_PRO_32,0.04780862271785787,140
auto-pytorch,age_regression,Anthropometric regression,F_AP_PRO_33,0.02966827658812221,193
auto-pytorch,age_regression,Anthropometric regression,F_AP_PRO_34,0.01982127781709018,235
auto-pytorch,age_regression,Anthropometric regression,F_AP_PRO_35,0.012011300086974803,270
auto-pytorch,age_regression,Anthropometric regression,F_AP_PRO_36,0.011603746533394067,272
auto-pytorch,age_regression,Anthropometric regression,F_AP_PRO_37,0.012264503320057981,269
auto-pytorch,age_regression,Anthropometric regression,F_AP_PRO_38,0.010943057378133206,277
auto-pytorch,age_regression,Anthropometric regression,F_AP_PRO_39,0.008968029697736432,285
auto-pytorch,age_regression,Anthropometric regression,F_AP_PRO_40,0.020927960634231604,230
auto-pytorch,age_regression,Anthropometric regression,F_AP_PRO_41,0.02110092862447104,228
auto-pytorch,age_regression,Anthropometric regression,F_AP_PRO_42,0.02556792430082968,211
auto-pytorch,age_regression,Anthropometric regression,F_AP_PRO_43,0.028147045572599082,199
auto-pytorch,age_regression,Anthropometric regression,F_AP_PRO_44,0.03107135172685028,191
auto-pytorch,age_regression,Anthropometric regression,F_AP_PRO_45,0.019671981533368545,236
auto-pytorch,age_regression,Anthropometric regression,F_AP_PRO_46,0.010510062654813268,280
auto-pytorch,age_regression,Anthropometric regression,F_AP_PRO_47,0.014161756316820729,264
auto-pytorch,age_regression,Anthropometric regression,F_AP_PRO_48,0.014743846058845616,260
auto-pytorch,age_regression,Anthropometric regression,F_AP_PRO_49,0.02302028318246201,223
auto-pytorch,age_regression,Anthropometric regression,F_AP_PRO_50,0.026981063127517756,204
auto-pytorch,age_regression,Anthropometric regression,F_AP_PRO_51,0.02675603008270239,206
auto-pytorch,age_regression,Anthropometric regression,F_AP_PRO_52,0.03119835182030973,189
auto-pytorch,age_regression,Anthropometric regression,F_AP_PRO_53,0.0358664859930674,179
auto-pytorch,age_regression,Anthropometric regression,F_AP_PRO_54,0.03963658452034006,165
auto-pytorch,age_regression,Anthropometric regression,F_AP_PRO_55,0.045132562319437616,149
auto-pytorch,age_regression,Anthropometric regression,F_AP_PRO_56,0.04926034192244213,133
auto-pytorch,age_regression,Anthropometric regression,F_AP_PRO_57,0.05993659309546141,112
auto-pytorch,age_regression,Anthropometric regression,F_AP_PRO_58,0.0695617167552309,94
auto-pytorch,age_regression,Anthropometric regression,F_AP_PRO_59,0.08524032843112946,71
auto-pytorch,age_regression,Anthropometric regression,F_AP_PRO_60,0.09821190532048571,51
auto-pytorch,age_regression,Anthropometric regression,F_AP_PRO_61,0.11019395224253342,43
auto-pytorch,age_regression,Anthropometric regression,F_AP_PRO_62,0.10651898654301953,46
auto-pytorch,age_regression,Anthropometric regression,F_AP_PRO_63,0.09562638131777461,55
auto-pytorch,age_regression,Anthropometric regression,F_AP_PRO_64,0.06785827926794692,97
auto-pytorch,age_regression,Anthropometric regression,F_AP_PRO_65,0.04717891025543194,143
auto-pytorch,age_regression,Anthropometric regression,F_AP_PRO_66,0.024476658225059525,214
auto-pytorch,age_regression,Anthropometric regression,F_AP_PRO_67,0.019666305502256048,237
auto-pytorch,age_regression,Anthropometric regression,F_AP_PRO_68,0.01571991908550263,254
auto-pytorch,age_regression,Anthropometric regression,F_AP_PRO_69,0.017806755900382974,246
auto-pytorch,age_regression,Anthropometric regression,F_AP_PRO_70,0.016704866766929585,250
auto-pytorch,age_regression,Anthropometric regression,F_AP_PRO_71,0.01727840967973092,249
auto-pytorch,age_regression,Anthropometric regression,F_AP_PRO_72,0.02256952019532529,225
auto-pytorch,age_regression,Anthropometric regression,F_AP_PRO_73,0.026525965372721196,207
auto-pytorch,age_regression,Anthropometric regression,F_AP_PRO_74,0.026785198609033854,205
auto-pytorch,age_regression,Anthropometric regression,F_AP_PRO_75,0.025426027655601816,212
auto-pytorch,age_regression,Anthropometric regression,F_AP_PRO_76,0.02506999011834458,213
auto-pytorch,age_regression,Anthropometric regression,F_AP_PRO_77,0.021900715668996065,227
auto-pytorch,age_regression,Anthropometric regression,F_AP_PRO_78,0.0177759857177735,247
auto-pytorch,age_regression,Anthropometric regression,F_AP_PRO_79,0.010910110712051176,278
auto-pytorch,age_regression,Anthropometric regression,F_AP_PRO_80,0.012495056629180882,267
auto-pytorch,age_regression,Anthropometric regression,F_AP_PRO_81,0.016106555859247727,251
auto-pytorch,age_regression,Anthropometric regression,F_AP_PRO_82,0.03662800101439192,176
auto-pytorch,age_regression,Anthropometric regression,F_AP_PRO_83,0.04629956869284305,146
auto-pytorch,age_regression,Anthropometric regression,F_AP_PRO_84,0.07311103196938848,86
auto-pytorch,age_regression,Anthropometric regression,F_AP_PRO_85,0.08714182726542129,67
auto-pytorch,age_regression,Anthropometric regression,F_AP_PRO_86,0.09567734845479307,54
auto-pytorch,age_regression,Anthropometric regression,F_AP_PRO_87,0.06282706014315309,108
auto-pytorch,age_regression,Anthropometric regression,F_AP_PRO_88,0.024120556394259,218
auto-pytorch,age_regression,Anthropometric regression,F_AP_PRO_89,0.05066594052314795,129
auto-pytorch,age_regression,Anthropometric regression,F_AP_PRO_90,0.13104069221019737,29
auto-pytorch,age_regression,Anthropometric regression,F_AP_PRO_91,0.152409730553627,20
auto-pytorch,age_regression,Anthropometric regression,F_AP_PRO_92,0.14242415730158514,23
auto-pytorch,age_regression,Anthropometric regression,F_AP_PRO_93,0.08713118577003491,69
auto-pytorch,age_regression,Anthropometric regression,F_AP_PRO_94,0.07271863027413689,87
auto-pytorch,age_regression,Anthropometric regression,F_AP_PRO_95,0.07444308869043953,83
auto-pytorch,age_regression,Anthropometric regression,F_AP_PRO_96,0.08631583698590604,70
auto-pytorch,age_regression,Anthropometric regression,F_AP_PRO_97,0.07903371183077486,80
auto-pytorch,age_regression,Anthropometric regression,F_AP_PRO_98,0.05253044573466011,125
auto-pytorch,age_regression,Anthropometric regression,F_AP_PRO_99,0.013638600587844666,266
auto-pytorch,age_regression,Anthropometric regression,F_AP_PRO_100,0.04717765009403247,144
auto-pytorch,age_regression,Anthropometric regression,F_AP_PRO_101,0.08904285728931398,64
auto-pytorch,age_regression,Anthropometric regression,F_ML_PRO_1,0.11201175999641423,39
auto-pytorch,age_regression,Anthropometric regression,F_ML_PRO_2,0.126768014351527,32
auto-pytorch,age_regression,Anthropometric regression,F_ML_PRO_3,0.06358541464805582,106
auto-pytorch,age_regression,Anthropometric regression,F_ML_PRO_4,0.026440382719039885,208
auto-pytorch,age_regression,Anthropometric regression,F_ML_PRO_5,0.09962796235084556,50
auto-pytorch,age_regression,Anthropometric regression,F_ML_PRO_6,0.18079783614476513,12
auto-pytorch,age_regression,Anthropometric regression,F_ML_PRO_7,0.19266815503438336,10
auto-pytorch,age_regression,Anthropometric regression,F_ML_PRO_8,0.08769282376766221,65
auto-pytorch,age_regression,Anthropometric regression,F_ML_PRO_9,0.04211409425735511,159
auto-pytorch,age_regression,Anthropometric regression,F_ML_PRO_10,0.19173580435911758,11
auto-pytorch,age_regression,Anthropometric regression,F_ML_PRO_11,0.3044214501778283,2
auto-pytorch,age_regression,Anthropometric regression,F_ML_PRO_12,0.34058604021867106,1
auto-pytorch,age_regression,Anthropometric regression,F_ML_PRO_13,0.2944688432614011,3
auto-pytorch,age_regression,Anthropometric regression,F_ML_PRO_14,0.17080745573838538,14
auto-pytorch,age_regression,Anthropometric regression,F_ML_PRO_15,0.08487268185615525,72
auto-pytorch,age_regression,Anthropometric regression,F_ML_PRO_16,0.04440743815898897,151
auto-pytorch,age_regression,Anthropometric regression,F_ML_PRO_17,0.011054474194844132,274
auto-pytorch,age_regression,Anthropometric regression,F_ML_PRO_18,0.03772163709004707,171
auto-pytorch,age_regression,Anthropometric regression,F_ML_PRO_19,0.06956810434659336,93
auto-pytorch,age_regression,Anthropometric regression,F_ML_PRO_20,0.08133453969160685,76
auto-pytorch,age_regression,Anthropometric regression,F_ML_PRO_21,0.05811608505249038,115
auto-pytorch,age_regression,Anthropometric regression,F_ML_PRO_22,0.037056187232335586,174
auto-pytorch,age_regression,Anthropometric regression,F_ML_PRO_23,0.02915664537747708,195
auto-pytorch,age_regression,Anthropometric regression,F_ML_PRO_24,0.04892243349552151,136
auto-pytorch,age_regression,Anthropometric regression,F_ML_PRO_25,0.06488542675971978,104
auto-pytorch,age_regression,Anthropometric regression,F_ML_PRO_26,0.06893446095784483,96
auto-pytorch,age_regression,Anthropometric regression,F_ML_PRO_27,0.06783965818087255,98
auto-pytorch,age_regression,Anthropometric regression,F_ML_PRO_28,0.0629256833791733,107
auto-pytorch,age_regression,Anthropometric regression,F_ML_PRO_29,0.05008028499285402,131
auto-pytorch,age_regression,Anthropometric regression,F_ML_PRO_30,0.0293203843434652,194
auto-pytorch,age_regression,Anthropometric regression,F_ML_PRO_31,0.01938060951232939,241
auto-pytorch,age_regression,Anthropometric regression,F_ML_PRO_32,0.012473100781440809,268
auto-pytorch,age_regression,Anthropometric regression,F_ML_PRO_33,0.01097561152776052,276
auto-pytorch,age_regression,Anthropometric regression,F_ML_PRO_34,0.014292949755986701,263
auto-pytorch,age_regression,Anthropometric regression,F_ML_PRO_35,0.015463659962018343,257
auto-pytorch,age_regression,Anthropometric regression,F_ML_PRO_36,0.010570783615112234,279
auto-pytorch,age_regression,Anthropometric regression,F_ML_PRO_37,0.007893695871035255,287
auto-pytorch,age_regression,Anthropometric regression,F_ML_PRO_38,0.005880054553349723,295
auto-pytorch,age_regression,Anthropometric regression,F_ML_PRO_39,0.006449050148328143,293
auto-pytorch,age_regression,Anthropometric regression,F_ML_PRO_40,0.005735576987266633,296
auto-pytorch,age_regression,Anthropometric regression,F_ML_PRO_41,0.0064807538588841735,292
auto-pytorch,age_regression,Anthropometric regression,F_ML_PRO_42,0.00524589248498278,298
auto-pytorch,age_regression,Anthropometric regression,F_ML_PRO_43,0.00787794407208781,288
auto-pytorch,age_regression,Anthropometric regression,F_ML_PRO_44,0.0030247131188710697,303
auto-pytorch,age_regression,Anthropometric regression,F_ML_PRO_45,0.0030330162445705374,302
auto-pytorch,age_regression,Anthropometric regression,F_ML_PRO_46,0.00322798868020359,301
auto-pytorch,age_regression,Anthropometric regression,F_ML_PRO_47,0.004743420084317347,299
auto-pytorch,age_regression,Anthropometric regression,F_ML_PRO_48,0.006909923950831024,291
auto-pytorch,age_regression,Anthropometric regression,F_ML_PRO_49,0.007667291363080271,290
auto-pytorch,age_regression,Anthropometric regression,F_ML_PRO_50,0.010186416824658788,282
auto-pytorch,age_regression,Anthropometric regression,F_ML_PRO_51,0.013755138556162371,265
auto-pytorch,age_regression,Anthropometric regression,F_ML_PRO_52,0.01815396881103505,245
auto-pytorch,age_regression,Anthropometric regression,F_ML_PRO_53,0.0194616324504216,240
auto-pytorch,age_regression,Anthropometric regression,F_ML_PRO_54,0.02036930000782012,234
auto-pytorch,age_regression,Anthropometric regression,F_ML_PRO_55,0.017640232841173997,248
auto-pytorch,age_regression,Anthropometric regression,F_ML_PRO_56,0.020992387970288996,229
auto-pytorch,age_regression,Anthropometric regression,F_ML_PRO_57,0.02246375230948144,226
auto-pytorch,age_regression,Anthropometric regression,F_ML_PRO_58,0.02427630376815818,216
auto-pytorch,age_regression,Anthropometric regression,F_ML_PRO_59,0.035092851042747536,184
auto-pytorch,age_regression,Anthropometric regression,F_ML_PRO_60,0.041592370390892044,161
auto-pytorch,age_regression,Anthropometric regression,F_ML_PRO_61,0.06703283679485346,99
auto-pytorch,age_regression,Anthropometric regression,F_ML_PRO_62,0.07672691587607054,81
auto-pytorch,age_regression,Anthropometric regression,F_ML_PRO_63,0.0960192286968231,53
auto-pytorch,age_regression,Anthropometric regression,F_ML_PRO_64,0.10066359869639072,49
auto-pytorch,age_regression,Anthropometric regression,F_ML_PRO_65,0.09740272915363306,52
auto-pytorch,age_regression,Anthropometric regression,F_ML_PRO_66,0.07429262542724656,84
auto-pytorch,age_regression,Anthropometric regression,F_ML_PRO_67,0.046995875716209196,145
auto-pytorch,age_regression,Anthropometric regression,F_ML_PRO_68,0.023470281084378777,221
auto-pytorch,age_regression,Anthropometric regression,F_ML_PRO_69,0.01470681492487594,261
auto-pytorch,age_regression,Anthropometric regression,F_ML_PRO_70,0.02383221721649207,219
auto-pytorch,age_regression,Anthropometric regression,F_ML_PRO_71,0.028122140089670823,200
auto-pytorch,age_regression,Anthropometric regression,F_ML_PRO_72,0.029111306746800618,197
auto-pytorch,age_regression,Anthropometric regression,F_ML_PRO_73,0.02079932411511738,231
auto-pytorch,age_regression,Anthropometric regression,F_ML_PRO_74,0.01860119318962088,242
auto-pytorch,age_regression,Anthropometric regression,F_ML_PRO_75,0.018217788100242653,243
auto-pytorch,age_regression,Anthropometric regression,F_ML_PRO_76,0.02773864535490708,202
auto-pytorch,age_regression,Anthropometric regression,F_ML_PRO_77,0.04818193908532464,137
auto-pytorch,age_regression,Anthropometric regression,F_ML_PRO_78,0.06698531556129451,100
auto-pytorch,age_regression,Anthropometric regression,F_ML_PRO_79,0.08037723712126427,77
auto-pytorch,age_regression,Anthropometric regression,F_ML_PRO_80,0.09546319504578857,56
auto-pytorch,age_regression,Anthropometric regression,F_ML_PRO_81,0.08486042602856964,73
auto-pytorch,age_regression,Anthropometric regression,F_ML_PRO_82,0.06984641822179155,92
auto-pytorch,age_regression,Anthropometric regression,F_ML_PRO_83,0.0374648722012837,173
auto-pytorch,age_regression,Anthropometric regression,F_ML_PRO_84,0.011022898594538155,275
auto-pytorch,age_regression,Anthropometric regression,F_ML_PRO_85,0.023186860044797204,222
auto-pytorch,age_regression,Anthropometric regression,F_ML_PRO_86,0.04017714111010241,164
auto-pytorch,age_regression,Anthropometric regression,F_ML_PRO_87,0.06255349393685652,110
auto-pytorch,age_regression,Anthropometric regression,F_ML_PRO_88,0.0706026616891225,91
auto-pytorch,age_regression,Anthropometric regression,F_ML_PRO_89,0.05952761522928872,113
auto-pytorch,age_regression,Anthropometric regression,F_ML_PRO_90,0.056011931538581666,118
auto-pytorch,age_regression,Anthropometric regression,F_ML_PRO_91,0.04899508273601523,135
auto-pytorch,age_regression,Anthropometric regression,F_ML_PRO_92,0.041805192510286915,160
auto-pytorch,age_regression,Anthropometric regression,F_ML_PRO_93,0.009183728019396398,284
auto-pytorch,age_regression,Anthropometric regression,F_ML_PRO_94,0.05452698647975947,120
auto-pytorch,age_regression,Anthropometric regression,F_ML_PRO_95,0.09475710713863345,57
auto-pytorch,age_regression,Anthropometric regression,F_ML_PRO_96,0.07622311560312908,82
auto-pytorch,age_regression,Anthropometric regression,F_ML_PRO_97,0.04571920478343981,147
auto-pytorch,age_regression,Anthropometric regression,F_ML_PRO_98,0.01579511284828167,253
auto-pytorch,age_regression,Anthropometric regression,F_ML_PRO_99,0.029130621075629946,196
auto-pytorch,age_regression,Anthropometric regression,F_ML_PRO_100,0.09233668907483393,61
auto-pytorch,age_regression,Anthropometric regression,F_ML_PRO_101,0.1594051209688189,17
auto-pytorch,height_regression,Anthropometric regression,F_V_PRO_1,0.8977804692586256,2
auto-pytorch,height_regression,Anthropometric regression,F_V_PRO_2,0.14810893503824854,19
auto-pytorch,height_regression,Anthropometric regression,F_V_PRO_3,0.02931826782226589,181
auto-pytorch,height_regression,Anthropometric regression,F_V_PRO_4,0.16576947784423954,16
auto-pytorch,height_regression,Anthropometric regression,F_V_PRO_5,0.16635369618733714,15
auto-pytorch,height_regression,Anthropometric regression,F_V_PRO_6,0.06072062683105296,108
auto-pytorch,height_regression,Anthropometric regression,F_V_PRO_7,0.014600563049318302,246
auto-pytorch,height_regression,Anthropometric regression,F_V_PRO_8,0.01337973022460801,253
auto-pytorch,height_regression,Anthropometric regression,F_V_PRO_9,0.010731689453125644,276
auto-pytorch,height_regression,Anthropometric regression,F_V_PRO_10,0.01582062276204444,242
auto-pytorch,height_regression,Anthropometric regression,F_V_PRO_11,0.02657344563801966,192
auto-pytorch,height_regression,Anthropometric regression,F_V_PRO_12,0.043554049173991416,140
auto-pytorch,height_regression,Anthropometric regression,F_V_PRO_13,0.0541372858683251,121
auto-pytorch,height_regression,Anthropometric regression,F_V_PRO_14,0.06469805399576861,100
auto-pytorch,height_regression,Anthropometric regression,F_V_PRO_15,0.1024239730834959,36
auto-pytorch,height_regression,Anthropometric regression,F_V_PRO_16,0.12188310496012396,26
auto-pytorch,height_regression,Anthropometric regression,F_V_PRO_17,0.15793364969889248,18
auto-pytorch,height_regression,Anthropometric regression,F_V_PRO_18,0.18593570200602205,14
auto-pytorch,height_regression,Anthropometric regression,F_V_PRO_19,0.22483020273844545,11
auto-pytorch,height_regression,Anthropometric regression,F_V_PRO_20,0.2519732386271168,10
auto-pytorch,height_regression,Anthropometric regression,F_V_PRO_21,0.29465206400553634,5
auto-pytorch,height_regression,Anthropometric regression,F_V_PRO_22,0.2804876276652019,7
auto-pytorch,height_regression,Anthropometric regression,F_V_PRO_23,0.258511912027996,9
auto-pytorch,height_regression,Anthropometric regression,F_V_PRO_24,0.19432632446288997,13
auto-pytorch,height_regression,Anthropometric regression,F_V_PRO_25,0.10279319763183707,35
auto-pytorch,height_regression,Anthropometric regression,F_V_PRO_26,0.04523816172281935,134
auto-pytorch,height_regression,Anthropometric regression,F_V_PRO_27,0.030679766337075403,176
auto-pytorch,height_regression,Anthropometric regression,F_V_PRO_28,0.08024881998697993,64
auto-pytorch,height_regression,Anthropometric regression,F_V_PRO_29,0.09197677866618269,47
auto-pytorch,height_regression,Anthropometric regression,F_V_PRO_30,0.0915405044555655,48
auto-pytorch,height_regression,Anthropometric regression,F_V_PRO_31,0.0723667271931968,84
auto-pytorch,height_regression,Anthropometric regression,F_V_PRO_32,0.06204629262288298,106
auto-pytorch,height_regression,Anthropometric regression,F_V_PRO_33,0.05320880126953351,122
auto-pytorch,height_regression,Anthropometric regression,F_V_PRO_34,0.05536620076497248,119
auto-pytorch,height_regression,Anthropometric regression,F_V_PRO_35,0.060288523356121004,109
auto-pytorch,height_regression,Anthropometric regression,F_V_PRO_36,0.06679329427083568,94
auto-pytorch,height_regression,Anthropometric regression,F_V_PRO_37,0.04979825592041133,126
auto-pytorch,height_regression,Anthropometric regression,F_V_PRO_38,0.04502466328938652,136
auto-pytorch,height_regression,Anthropometric regression,F_V_PRO_39,0.032834515889483384,168
auto-pytorch,height_regression,Anthropometric regression,F_V_PRO_40,0.02034373728434199,216
auto-pytorch,height_regression,Anthropometric regression,F_V_PRO_41,0.020274424235025398,217
auto-pytorch,height_regression,Anthropometric regression,F_V_PRO_42,0.031698000590004466,171
auto-pytorch,height_regression,Anthropometric regression,F_V_PRO_43,0.03559494527181073,162
auto-pytorch,height_regression,Anthropometric regression,F_V_PRO_44,0.04503031412760331,135
auto-pytorch,height_regression,Anthropometric regression,F_V_PRO_45,0.04056146240234379,152
auto-pytorch,height_regression,Anthropometric regression,F_V_PRO_46,0.040879348754883436,149
auto-pytorch,height_regression,Anthropometric regression,F_V_PRO_47,0.02855698649088415,186
auto-pytorch,height_regression,Anthropometric regression,F_V_PRO_48,0.019340769449867897,221
auto-pytorch,height_regression,Anthropometric regression,F_V_PRO_49,0.028767486572268314,182
auto-pytorch,height_regression,Anthropometric regression,F_V_PRO_50,0.04453293609619256,137
auto-pytorch,height_regression,Anthropometric regression,F_V_PRO_51,0.058752766927082686,113
auto-pytorch,height_regression,Anthropometric regression,F_V_PRO_52,0.0678542302449524,92
auto-pytorch,height_regression,Anthropometric regression,F_V_PRO_53,0.0744396820068341,80
auto-pytorch,height_regression,Anthropometric regression,F_V_PRO_54,0.08620154825846148,54
auto-pytorch,height_regression,Anthropometric regression,F_V_PRO_55,0.09929728190104423,37
auto-pytorch,height_regression,Anthropometric regression,F_V_PRO_56,0.09419489796956573,43
auto-pytorch,height_regression,Anthropometric regression,F_V_PRO_57,0.1173865763346356,28
auto-pytorch,height_regression,Anthropometric regression,F_V_PRO_58,0.098344922383626,38
auto-pytorch,height_regression,Anthropometric regression,F_V_PRO_59,0.08638008626302328,53
auto-pytorch,height_regression,Anthropometric regression,F_V_PRO_60,0.09571122487386201,41
auto-pytorch,height_regression,Anthropometric regression,F_V_PRO_61,0.07813353220621622,70
auto-pytorch,height_regression,Anthropometric regression,F_V_PRO_62,0.08671901702880973,52
auto-pytorch,height_regression,Anthropometric regression,F_V_PRO_63,0.08063813781738342,63
auto-pytorch,height_regression,Anthropometric regression,F_V_PRO_64,0.06671635945637841,95
auto-pytorch,height_regression,Anthropometric regression,F_V_PRO_65,0.06903957366943321,89
auto-pytorch,height_regression,Anthropometric regression,F_V_PRO_66,0.07027707163493015,86
auto-pytorch,height_regression,Anthropometric regression,F_V_PRO_67,0.06315830739338964,103
auto-pytorch,height_regression,Anthropometric regression,F_V_PRO_68,0.05219312795003314,123
auto-pytorch,height_regression,Anthropometric regression,F_V_PRO_69,0.04917497762044244,128
auto-pytorch,height_regression,Anthropometric regression,F_V_PRO_70,0.0338002115885421,165
auto-pytorch,height_regression,Anthropometric regression,F_V_PRO_71,0.029469177246095532,180
auto-pytorch,height_regression,Anthropometric regression,F_V_PRO_72,0.016731567382812784,234
auto-pytorch,height_regression,Anthropometric regression,F_V_PRO_73,0.01015125528971481,280
auto-pytorch,height_regression,Anthropometric regression,F_V_PRO_74,0.008410443623859957,290
auto-pytorch,height_regression,Anthropometric regression,F_V_PRO_75,0.01942474110921353,220
auto-pytorch,height_regression,Anthropometric regression,F_V_PRO_76,0.026573143005370052,193
auto-pytorch,height_regression,Anthropometric regression,F_V_PRO_77,0.04276153310140008,142
auto-pytorch,height_regression,Anthropometric regression,F_V_PRO_78,0.05806693776448621,116
auto-pytorch,height_regression,Anthropometric regression,F_V_PRO_79,0.0747193883260086,78
auto-pytorch,height_regression,Anthropometric regression,F_V_PRO_80,0.09744949595133363,40
auto-pytorch,height_regression,Anthropometric regression,F_V_PRO_81,0.10751997375488145,32
auto-pytorch,height_regression,Anthropometric regression,F_V_PRO_82,0.11367518107096401,30
auto-pytorch,height_regression,Anthropometric regression,F_V_PRO_83,0.13460516866048616,24
auto-pytorch,height_regression,Anthropometric regression,F_V_PRO_84,0.1378776830037424,22
auto-pytorch,height_regression,Anthropometric regression,F_V_PRO_85,0.13898589324951208,21
auto-pytorch,height_regression,Anthropometric regression,F_V_PRO_86,0.12567627716064275,25
auto-pytorch,height_regression,Anthropometric regression,F_V_PRO_87,0.0977883860270173,39
auto-pytorch,height_regression,Anthropometric regression,F_V_PRO_88,0.06443941752116018,101
auto-pytorch,height_regression,Anthropometric regression,F_V_PRO_89,0.017912518819172853,229
auto-pytorch,height_regression,Anthropometric regression,F_V_PRO_90,0.018371981302894844,225
auto-pytorch,height_regression,Anthropometric regression,F_V_PRO_91,0.0463291498820008,131
auto-pytorch,height_regression,Anthropometric regression,F_V_PRO_92,0.06787418619791766,91
auto-pytorch,height_regression,Anthropometric regression,F_V_PRO_93,0.08220427958170641,61
auto-pytorch,height_regression,Anthropometric regression,F_V_PRO_94,0.07964688364664549,67
auto-pytorch,height_regression,Anthropometric regression,F_V_PRO_95,0.05181083933512175,124
auto-pytorch,height_regression,Anthropometric regression,F_V_PRO_96,0.05869420878092579,114
auto-pytorch,height_regression,Anthropometric regression,F_V_PRO_97,0.049340754191080784,127
auto-pytorch,height_regression,Anthropometric regression,F_V_PRO_98,0.06880569203694573,90
auto-pytorch,height_regression,Anthropometric regression,F_V_PRO_99,0.11812893676757881,27
auto-pytorch,height_regression,Anthropometric regression,F_V_PRO_100,0.10320885976155551,34
auto-pytorch,height_regression,Anthropometric regression,F_V_PRO_101,0.9146181742350247,1
auto-pytorch,height_regression,Anthropometric regression,F_AP_PRO_1,0.023284281412759355,203
auto-pytorch,height_regression,Anthropometric regression,F_AP_PRO_2,0.036942985534668085,159
auto-pytorch,height_regression,Anthropometric regression,F_AP_PRO_3,0.04251194000244188,143
auto-pytorch,height_regression,Anthropometric regression,F_AP_PRO_4,0.041325744628903746,146
auto-pytorch,height_regression,Anthropometric regression,F_AP_PRO_5,0.036468762715659866,160
auto-pytorch,height_regression,Anthropometric regression,F_AP_PRO_6,0.02401069895426057,201
auto-pytorch,height_regression,Anthropometric regression,F_AP_PRO_7,0.013354565938314996,254
auto-pytorch,height_regression,Anthropometric regression,F_AP_PRO_8,0.005046869913736885,303
auto-pytorch,height_regression,Anthropometric regression,F_AP_PRO_9,0.011954198201495576,263
auto-pytorch,height_regression,Anthropometric regression,F_AP_PRO_10,0.03890393066406593,155
auto-pytorch,height_regression,Anthropometric regression,F_AP_PRO_11,0.06651159667968756,96
auto-pytorch,height_regression,Anthropometric regression,F_AP_PRO_12,0.05419156901041665,120
auto-pytorch,height_regression,Anthropometric regression,F_AP_PRO_13,0.07342399342854974,83
auto-pytorch,height_regression,Anthropometric regression,F_AP_PRO_14,0.07828664652506348,68
auto-pytorch,height_regression,Anthropometric regression,F_AP_PRO_15,0.07821948750813922,69
auto-pytorch,height_regression,Anthropometric regression,F_AP_PRO_16,0.07028871409098088,85
auto-pytorch,height_regression,Anthropometric regression,F_AP_PRO_17,0.07415406545003264,81
auto-pytorch,height_regression,Anthropometric regression,F_AP_PRO_18,0.08003460439046203,65
auto-pytorch,height_regression,Anthropometric regression,F_AP_PRO_19,0.07388625844319563,82
auto-pytorch,height_regression,Anthropometric regression,F_AP_PRO_20,0.08207694753011055,62
auto-pytorch,height_regression,Anthropometric regression,F_AP_PRO_21,0.07622292327880824,74
auto-pytorch,height_regression,Anthropometric regression,F_AP_PRO_22,0.0936069234212269,45
auto-pytorch,height_regression,Anthropometric regression,F_AP_PRO_23,0.09259120686848708,46
auto-pytorch,height_regression,Anthropometric regression,F_AP_PRO_24,0.06952969360351441,88
auto-pytorch,height_regression,Anthropometric regression,F_AP_PRO_25,0.06223803965250738,105
auto-pytorch,height_regression,Anthropometric regression,F_AP_PRO_26,0.0303371709187824,178
auto-pytorch,height_regression,Anthropometric regression,F_AP_PRO_27,0.009934158325195596,282
auto-pytorch,height_regression,Anthropometric regression,F_AP_PRO_28,0.014334434509278538,247
auto-pytorch,height_regression,Anthropometric regression,F_AP_PRO_29,0.02855999755859339,185
auto-pytorch,height_regression,Anthropometric regression,F_AP_PRO_30,0.028616401672361746,183
auto-pytorch,height_regression,Anthropometric regression,F_AP_PRO_31,0.029794904073076604,179
auto-pytorch,height_regression,Anthropometric regression,F_AP_PRO_32,0.026583180745441363,191
auto-pytorch,height_regression,Anthropometric regression,F_AP_PRO_33,0.023203814188638223,205
auto-pytorch,height_regression,Anthropometric regression,F_AP_PRO_34,0.017137268066406364,232
auto-pytorch,height_regression,Anthropometric regression,F_AP_PRO_35,0.015098513285320319,245
auto-pytorch,height_regression,Anthropometric regression,F_AP_PRO_36,0.011781537373857986,266
auto-pytorch,height_regression,Anthropometric regression,F_AP_PRO_37,0.010333564758301843,278
auto-pytorch,height_regression,Anthropometric regression,F_AP_PRO_38,0.00814919535319234,292
auto-pytorch,height_regression,Anthropometric regression,F_AP_PRO_39,0.01138245900472062,269
auto-pytorch,height_regression,Anthropometric regression,F_AP_PRO_40,0.013732055664062178,252
auto-pytorch,height_regression,Anthropometric regression,F_AP_PRO_41,0.013148272196452619,257
auto-pytorch,height_regression,Anthropometric regression,F_AP_PRO_42,0.01650872548421205,237
auto-pytorch,height_regression,Anthropometric regression,F_AP_PRO_43,0.018873903910319238,223
auto-pytorch,height_regression,Anthropometric regression,F_AP_PRO_44,0.016621398925778408,236
auto-pytorch,height_regression,Anthropometric regression,F_AP_PRO_45,0.02294330342610683,206
auto-pytorch,height_regression,Anthropometric regression,F_AP_PRO_46,0.027781723022459442,188
auto-pytorch,height_regression,Anthropometric regression,F_AP_PRO_47,0.03161310068766075,172
auto-pytorch,height_regression,Anthropometric regression,F_AP_PRO_48,0.023647890726724085,202
auto-pytorch,height_regression,Anthropometric regression,F_AP_PRO_49,0.02534433237711416,197
auto-pytorch,height_regression,Anthropometric regression,F_AP_PRO_50,0.021786132812502027,210
auto-pytorch,height_regression,Anthropometric regression,F_AP_PRO_51,0.01312082926432178,258
auto-pytorch,height_regression,Anthropometric regression,F_AP_PRO_52,0.010807050069173367,273
auto-pytorch,height_regression,Anthropometric regression,F_AP_PRO_53,0.008604871114095166,288
auto-pytorch,height_regression,Anthropometric regression,F_AP_PRO_54,0.007388786315918594,294
auto-pytorch,height_regression,Anthropometric regression,F_AP_PRO_55,0.014136843363447345,250
auto-pytorch,height_regression,Anthropometric regression,F_AP_PRO_56,0.012242340087891062,262
auto-pytorch,height_regression,Anthropometric regression,F_AP_PRO_57,0.010746220906573475,274
auto-pytorch,height_regression,Anthropometric regression,F_AP_PRO_58,0.011275301615397382,271
auto-pytorch,height_regression,Anthropometric regression,F_AP_PRO_59,0.008568705240885776,289
auto-pytorch,height_regression,Anthropometric regression,F_AP_PRO_60,0.007159289042154171,297
auto-pytorch,height_regression,Anthropometric regression,F_AP_PRO_61,0.008175814310708537,291
auto-pytorch,height_regression,Anthropometric regression,F_AP_PRO_62,0.007730321248375086,293
auto-pytorch,height_regression,Anthropometric regression,F_AP_PRO_63,0.0072391560872432596,295
auto-pytorch,height_regression,Anthropometric regression,F_AP_PRO_64,0.007171168009440028,296
auto-pytorch,height_regression,Anthropometric regression,F_AP_PRO_65,0.014307782491045865,249
auto-pytorch,height_regression,Anthropometric regression,F_AP_PRO_66,0.016154157002768937,240
auto-pytorch,height_regression,Anthropometric regression,F_AP_PRO_67,0.018353981018067126,226
auto-pytorch,height_regression,Anthropometric regression,F_AP_PRO_68,0.013302243550621994,256
auto-pytorch,height_regression,Anthropometric regression,F_AP_PRO_69,0.0095527292887373,283
auto-pytorch,height_regression,Anthropometric regression,F_AP_PRO_70,0.01149510447184383,268
auto-pytorch,height_regression,Anthropometric regression,F_AP_PRO_71,0.015446233113605956,243
auto-pytorch,height_regression,Anthropometric regression,F_AP_PRO_72,0.02020625050862653,218
auto-pytorch,height_regression,Anthropometric regression,F_AP_PRO_73,0.02254764811198034,207
auto-pytorch,height_regression,Anthropometric regression,F_AP_PRO_74,0.0320405731201158,170
auto-pytorch,height_regression,Anthropometric regression,F_AP_PRO_75,0.04401736958821658,139
auto-pytorch,height_regression,Anthropometric regression,F_AP_PRO_76,0.047072680155435385,130
auto-pytorch,height_regression,Anthropometric regression,F_AP_PRO_77,0.05826766204833784,115
auto-pytorch,height_regression,Anthropometric regression,F_AP_PRO_78,0.06742229970296307,93
auto-pytorch,height_regression,Anthropometric regression,F_AP_PRO_79,0.0772643992106121,71
auto-pytorch,height_regression,Anthropometric regression,F_AP_PRO_80,0.0859925460815442,55
auto-pytorch,height_regression,Anthropometric regression,F_AP_PRO_81,0.07658577728271419,73
auto-pytorch,height_regression,Anthropometric regression,F_AP_PRO_82,0.08832207997639899,51
auto-pytorch,height_regression,Anthropometric regression,F_AP_PRO_83,0.08340454101562547,58
auto-pytorch,height_regression,Anthropometric regression,F_AP_PRO_84,0.08476126607259242,57
auto-pytorch,height_regression,Anthropometric regression,F_AP_PRO_85,0.08234947967529252,59
auto-pytorch,height_regression,Anthropometric regression,F_AP_PRO_86,0.07966399637858028,66
auto-pytorch,height_regression,Anthropometric regression,F_AP_PRO_87,0.08576824442545501,56
auto-pytorch,height_regression,Anthropometric regression,F_AP_PRO_88,0.07510032145182066,76
auto-pytorch,height_regression,Anthropometric regression,F_AP_PRO_89,0.07481194559732861,77
auto-pytorch,height_regression,Anthropometric regression,F_AP_PRO_90,0.0649979756673171,97
auto-pytorch,height_regression,Anthropometric regression,F_AP_PRO_91,0.06957210540771541,87
auto-pytorch,height_regression,Anthropometric regression,F_AP_PRO_92,0.08841362762451108,50
auto-pytorch,height_regression,Anthropometric regression,F_AP_PRO_93,0.10465647888183867,33
auto-pytorch,height_regression,Anthropometric regression,F_AP_PRO_94,0.11443073018391914,29
auto-pytorch,height_regression,Anthropometric regression,F_AP_PRO_95,0.11234061431884565,31
auto-pytorch,height_regression,Anthropometric regression,F_AP_PRO_96,0.09453835805256906,42
auto-pytorch,height_regression,Anthropometric regression,F_AP_PRO_97,0.06140818532307624,107
auto-pytorch,height_regression,Anthropometric regression,F_AP_PRO_98,0.026068588256837208,195
auto-pytorch,height_regression,Anthropometric regression,F_AP_PRO_99,0.026196202596030106,194
auto-pytorch,height_regression,Anthropometric regression,F_AP_PRO_100,0.08234179941812887,60
auto-pytorch,height_regression,Anthropometric regression,F_AP_PRO_101,0.13777379353840993,23
auto-pytorch,height_regression,Anthropometric regression,F_ML_PRO_1,0.08954176076253191,49
auto-pytorch,height_regression,Anthropometric regression,F_ML_PRO_2,0.01029057312011427,279
auto-pytorch,height_regression,Anthropometric regression,F_ML_PRO_3,0.09396330769856813,44
auto-pytorch,height_regression,Anthropometric regression,F_ML_PRO_4,0.19747642771402998,12
auto-pytorch,height_regression,Anthropometric regression,F_ML_PRO_5,0.28975901794433695,6
auto-pytorch,height_regression,Anthropometric regression,F_ML_PRO_6,0.34136467997233005,3
auto-pytorch,height_regression,Anthropometric regression,F_ML_PRO_7,0.3023560256958021,4
auto-pytorch,height_regression,Anthropometric regression,F_ML_PRO_8,0.15935581970214893,17
auto-pytorch,height_regression,Anthropometric regression,F_ML_PRO_9,0.020974080403647122,213
auto-pytorch,height_regression,Anthropometric regression,F_ML_PRO_10,0.05995327758788989,110
auto-pytorch,height_regression,Anthropometric regression,F_ML_PRO_11,0.03540620676676601,163
auto-pytorch,height_regression,Anthropometric regression,F_ML_PRO_12,0.030787597656249468,175
auto-pytorch,height_regression,Anthropometric regression,F_ML_PRO_13,0.017199806213377165,231
auto-pytorch,height_regression,Anthropometric regression,F_ML_PRO_14,0.016500528971351968,238
auto-pytorch,height_regression,Anthropometric regression,F_ML_PRO_15,0.017978434244790266,228
auto-pytorch,height_regression,Anthropometric regression,F_ML_PRO_16,0.02417580413818238,200
auto-pytorch,height_regression,Anthropometric regression,F_ML_PRO_17,0.048569730122884396,129
auto-pytorch,height_regression,Anthropometric regression,F_ML_PRO_18,0.04297512054443473,141
auto-pytorch,height_regression,Anthropometric regression,F_ML_PRO_19,0.040718353271482974,151
auto-pytorch,height_regression,Anthropometric regression,F_ML_PRO_20,0.02191606140136647,209
auto-pytorch,height_regression,Anthropometric regression,F_ML_PRO_21,0.005070414225259867,302
auto-pytorch,height_regression,Anthropometric regression,F_ML_PRO_22,0.01840714772542308,224
auto-pytorch,height_regression,Anthropometric regression,F_ML_PRO_23,0.03334524790445954,166
auto-pytorch,height_regression,Anthropometric regression,F_ML_PRO_24,0.03986351013183622,154
auto-pytorch,height_regression,Anthropometric regression,F_ML_PRO_25,0.04128770955403619,147
auto-pytorch,height_regression,Anthropometric regression,F_ML_PRO_26,0.04152010345459019,145
auto-pytorch,height_regression,Anthropometric regression,F_ML_PRO_27,0.027052202860514758,189
auto-pytorch,height_regression,Anthropometric regression,F_ML_PRO_28,0.017393875122069365,230
auto-pytorch,height_regression,Anthropometric regression,F_ML_PRO_29,0.011336547851564186,270
auto-pytorch,height_regression,Anthropometric regression,F_ML_PRO_30,0.013900736490886346,251
auto-pytorch,height_regression,Anthropometric regression,F_ML_PRO_31,0.011821520487467296,264
auto-pytorch,height_regression,Anthropometric regression,F_ML_PRO_32,0.009478139241538959,285
auto-pytorch,height_regression,Anthropometric regression,F_ML_PRO_33,0.020492540995279758,214
auto-pytorch,height_regression,Anthropometric regression,F_ML_PRO_34,0.03713959757486928,158
auto-pytorch,height_regression,Anthropometric regression,F_ML_PRO_35,0.05595063781738219,118
auto-pytorch,height_regression,Anthropometric regression,F_ML_PRO_36,0.06382500457763408,102
auto-pytorch,height_regression,Anthropometric regression,F_ML_PRO_37,0.07559036000569534,75
auto-pytorch,height_regression,Anthropometric regression,F_ML_PRO_38,0.07718335723877204,72
auto-pytorch,height_regression,Anthropometric regression,F_ML_PRO_39,0.07471273803710593,79
auto-pytorch,height_regression,Anthropometric regression,F_ML_PRO_40,0.06486835988362571,98
auto-pytorch,height_regression,Anthropometric regression,F_ML_PRO_41,0.04566811116536561,133
auto-pytorch,height_regression,Anthropometric regression,F_ML_PRO_42,0.038507019042967744,156
auto-pytorch,height_regression,Anthropometric regression,F_ML_PRO_43,0.028597381591794147,184
auto-pytorch,height_regression,Anthropometric regression,F_ML_PRO_44,0.016728403727211117,235
auto-pytorch,height_regression,Anthropometric regression,F_ML_PRO_45,0.01626310221354051,239
auto-pytorch,height_regression,Anthropometric regression,F_ML_PRO_46,0.011240409851075129,272
auto-pytorch,height_regression,Anthropometric regression,F_ML_PRO_47,0.012544486999511169,259
auto-pytorch,height_regression,Anthropometric regression,F_ML_PRO_48,0.009026293436685269,286
auto-pytorch,height_regression,Anthropometric regression,F_ML_PRO_49,0.010736193339030345,275
auto-pytorch,height_regression,Anthropometric regression,F_ML_PRO_50,0.013319569905598409,255
auto-pytorch,height_regression,Anthropometric regression,F_ML_PRO_51,0.017093905131019462,233
auto-pytorch,height_regression,Anthropometric regression,F_ML_PRO_52,0.0204525655110686,215
auto-pytorch,height_regression,Anthropometric regression,F_ML_PRO_53,0.019180056254067778,222
auto-pytorch,height_regression,Anthropometric regression,F_ML_PRO_54,0.021109288533526657,212
auto-pytorch,height_regression,Anthropometric regression,F_ML_PRO_55,0.014311533610024678,248
auto-pytorch,height_regression,Anthropometric regression,F_ML_PRO_56,0.005222139994302684,301
auto-pytorch,height_regression,Anthropometric regression,F_ML_PRO_57,0.006513318379721037,299
auto-pytorch,height_regression,Anthropometric regression,F_ML_PRO_58,0.006968007405599034,298
auto-pytorch,height_regression,Anthropometric regression,F_ML_PRO_59,0.005913675944006987,300
auto-pytorch,height_regression,Anthropometric regression,F_ML_PRO_60,0.009512835184732182,284
auto-pytorch,height_regression,Anthropometric regression,F_ML_PRO_61,0.012499687194823632,260
auto-pytorch,height_regression,Anthropometric regression,F_ML_PRO_62,0.018292938232422767,227
auto-pytorch,height_regression,Anthropometric regression,F_ML_PRO_63,0.025376024882001975,196
auto-pytorch,height_regression,Anthropometric regression,F_ML_PRO_64,0.0326052856445358,169
auto-pytorch,height_regression,Anthropometric regression,F_ML_PRO_65,0.05145204162597518,125
auto-pytorch,height_regression,Anthropometric regression,F_ML_PRO_66,0.058009574890136646,117
auto-pytorch,height_regression,Anthropometric regression,F_ML_PRO_67,0.05968939208984191,111
auto-pytorch,height_regression,Anthropometric regression,F_ML_PRO_68,0.05933856455485038,112
auto-pytorch,height_regression,Anthropometric regression,F_ML_PRO_69,0.046294652303060006,132
auto-pytorch,height_regression,Anthropometric regression,F_ML_PRO_70,0.041080683390298606,148
auto-pytorch,height_regression,Anthropometric regression,F_ML_PRO_71,0.03733417002359971,157
auto-pytorch,height_regression,Anthropometric regression,F_ML_PRO_72,0.025315727233886774,198
auto-pytorch,height_regression,Anthropometric regression,F_ML_PRO_73,0.016075731913248605,241
auto-pytorch,height_regression,Anthropometric regression,F_ML_PRO_74,0.01238055928548126,261
auto-pytorch,height_regression,Anthropometric regression,F_ML_PRO_75,0.011801915486652584,265
auto-pytorch,height_regression,Anthropometric regression,F_ML_PRO_76,0.008861600240074097,287
auto-pytorch,height_regression,Anthropometric regression,F_ML_PRO_77,0.015322751363120328,244
auto-pytorch,height_regression,Anthropometric regression,F_ML_PRO_78,0.024361549377442296,199
auto-pytorch,height_regression,Anthropometric regression,F_ML_PRO_79,0.04049556732177753,153
auto-pytorch,height_regression,Anthropometric regression,F_ML_PRO_80,0.04077827707926455,150
auto-pytorch,height_regression,Anthropometric regression,F_ML_PRO_81,0.04195930480956823,144
auto-pytorch,height_regression,Anthropometric regression,F_ML_PRO_82,0.0359702351888032,161
auto-pytorch,height_regression,Anthropometric regression,F_ML_PRO_83,0.02115080261230323,211
auto-pytorch,height_regression,Anthropometric regression,F_ML_PRO_84,0.011771286010745048,267
auto-pytorch,height_regression,Anthropometric regression,F_ML_PRO_85,0.010686398824054777,277
auto-pytorch,height_regression,Anthropometric regression,F_ML_PRO_86,0.02239461517334244,208
auto-pytorch,height_regression,Anthropometric regression,F_ML_PRO_87,0.026962374369302704,190
auto-pytorch,height_regression,Anthropometric regression,F_ML_PRO_88,0.0331149749755852,167
auto-pytorch,height_regression,Anthropometric regression,F_ML_PRO_89,0.031014643351236753,173
auto-pytorch,height_regression,Anthropometric regression,F_ML_PRO_90,0.030650662740073168,177
auto-pytorch,height_regression,Anthropometric regression,F_ML_PRO_91,0.030975494384765056,174
auto-pytorch,height_regression,Anthropometric regression,F_ML_PRO_92,0.03495907084146997,164
auto-pytorch,height_regression,Anthropometric regression,F_ML_PRO_93,0.02325565592448271,204
auto-pytorch,height_regression,Anthropometric regression,F_ML_PRO_94,0.02019785563151165,219
auto-pytorch,height_regression,Anthropometric regression,F_ML_PRO_95,0.062244606018067354,104
auto-pytorch,height_regression,Anthropometric regression,F_ML_PRO_96,0.06474090576171913,99
auto-pytorch,height_regression,Anthropometric regression,F_ML_PRO_97,0.02829574076334467,187
auto-pytorch,height_regression,Anthropometric regression,F_ML_PRO_98,0.010119923909506194,281
auto-pytorch,height_regression,Anthropometric regression,F_ML_PRO_99,0.044320063273110576,138
auto-pytorch,height_regression,Anthropometric regression,F_ML_PRO_100,0.14489973195394015,20
auto-pytorch,height_regression,Anthropometric regression,F_ML_PRO_101,0.2757615254720018,8
auto-pytorch,predict_F_AP_PRO_20pct_F_AP_PRO_21,Force regression,F_AP_PRO_1,0.001197539960344631,16
auto-pytorch,predict_F_AP_PRO_20pct_F_AP_PRO_21,Force regression,F_AP_PRO_2,0.0007419188121954602,25
auto-pytorch,predict_F_AP_PRO_20pct_F_AP_PRO_21,Force regression,F_AP_PRO_3,0.000436782224310769,33
auto-pytorch,predict_F_AP_PRO_20pct_F_AP_PRO_21,Force regression,F_AP_PRO_4,0.00015767130752404308,52
auto-pytorch,predict_F_AP_PRO_20pct_F_AP_PRO_21,Force regression,F_AP_PRO_5,0.0004011196974251001,35
auto-pytorch,predict_F_AP_PRO_20pct_F_AP_PRO_21,Force regression,F_AP_PRO_6,0.0003940117723411981,37
auto-pytorch,predict_F_AP_PRO_20pct_F_AP_PRO_21,Force regression,F_AP_PRO_7,4.389124446444953e-05,79
auto-pytorch,predict_F_AP_PRO_20pct_F_AP_PRO_21,Force regression,F_AP_PRO_8,0.0012217998223172314,15
auto-pytorch,predict_F_AP_PRO_20pct_F_AP_PRO_21,Force regression,F_AP_PRO_9,0.004093116549981965,4
auto-pytorch,predict_F_AP_PRO_20pct_F_AP_PRO_21,Force regression,F_AP_PRO_10,0.009056763132413232,1
auto-pytorch,predict_F_AP_PRO_20pct_F_AP_PRO_21,Force regression,F_AP_PRO_32,0.007870307867725692,2
auto-pytorch,predict_F_AP_PRO_20pct_F_AP_PRO_21,Force regression,F_AP_PRO_33,0.004427834533982807,3
auto-pytorch,predict_F_AP_PRO_20pct_F_AP_PRO_21,Force regression,F_AP_PRO_34,0.002190425963865386,6
auto-pytorch,predict_F_AP_PRO_20pct_F_AP_PRO_21,Force regression,F_AP_PRO_35,0.0008379978802469038,21
auto-pytorch,predict_F_AP_PRO_20pct_F_AP_PRO_21,Force regression,F_AP_PRO_36,8.486767609914105e-05,74
auto-pytorch,predict_F_AP_PRO_20pct_F_AP_PRO_21,Force regression,F_AP_PRO_37,0.0009088341179821212,20
auto-pytorch,predict_F_AP_PRO_20pct_F_AP_PRO_21,Force regression,F_AP_PRO_38,0.0015978517019086423,12
auto-pytorch,predict_F_AP_PRO_20pct_F_AP_PRO_21,Force regression,F_AP_PRO_39,0.002176452482740085,7
auto-pytorch,predict_F_AP_PRO_20pct_F_AP_PRO_21,Force regression,F_AP_PRO_40,0.002302516814735201,5
auto-pytorch,predict_F_AP_PRO_20pct_F_AP_PRO_21,Force regression,F_AP_PRO_41,0.002133184043897524,8
auto-pytorch,predict_F_AP_PRO_20pct_F_AP_PRO_21,Force regression,F_AP_PRO_42,0.002066037242611249,9
auto-pytorch,predict_F_AP_PRO_20pct_F_AP_PRO_21,Force regression,F_AP_PRO_43,0.0018014265282286534,10
auto-pytorch,predict_F_AP_PRO_20pct_F_AP_PRO_21,Force regression,F_AP_PRO_44,0.0011520823554860237,17
auto-pytorch,predict_F_AP_PRO_20pct_F_AP_PRO_21,Force regression,F_AP_PRO_45,0.0008049977802567995,23
auto-pytorch,predict_F_AP_PRO_20pct_F_AP_PRO_21,Force regression,F_AP_PRO_46,0.00028197569151719307,40
auto-pytorch,predict_F_AP_PRO_20pct_F_AP_PRO_21,Force regression,F_AP_PRO_47,0.0001852345830864389,50
auto-pytorch,predict_F_AP_PRO_20pct_F_AP_PRO_21,Force regression,F_AP_PRO_48,0.0005188038316037924,30
auto-pytorch,predict_F_AP_PRO_20pct_F_AP_PRO_21,Force regression,F_AP_PRO_49,0.0006909079220559863,26
auto-pytorch,predict_F_AP_PRO_20pct_F_AP_PRO_21,Force regression,F_AP_PRO_50,0.0007596112175120244,24
auto-pytorch,predict_F_AP_PRO_20pct_F_AP_PRO_21,Force regression,F_AP_PRO_51,0.0006081774930159252,29
auto-pytorch,predict_F_AP_PRO_20pct_F_AP_PRO_21,Force regression,F_AP_PRO_52,0.0004462022102541401,32
auto-pytorch,predict_F_AP_PRO_20pct_F_AP_PRO_21,Force regression,F_AP_PRO_53,7.008143762747355e-05,76
auto-pytorch,predict_F_AP_PRO_20pct_F_AP_PRO_21,Force regression,F_AP_PRO_54,0.00010276669594976583,65
auto-pytorch,predict_F_AP_PRO_20pct_F_AP_PRO_21,Force regression,F_AP_PRO_55,0.00021979316075642927,44
auto-pytorch,predict_F_AP_PRO_20pct_F_AP_PRO_21,Force regression,F_AP_PRO_56,8.930589920944627e-05,67
auto-pytorch,predict_F_AP_PRO_20pct_F_AP_PRO_21,Force regression,F_AP_PRO_57,6.384072866704806e-05,77
auto-pytorch,predict_F_AP_PRO_20pct_F_AP_PRO_21,Force regression,F_AP_PRO_58,8.681667678886032e-05,71
auto-pytorch,predict_F_AP_PRO_20pct_F_AP_PRO_21,Force regression,F_AP_PRO_59,0.00019779989785618217,47
auto-pytorch,predict_F_AP_PRO_20pct_F_AP_PRO_21,Force regression,F_AP_PRO_60,0.00021201445990138535,46
auto-pytorch,predict_F_AP_PRO_20pct_F_AP_PRO_21,Force regression,F_AP_PRO_61,0.0001623650524351312,51
auto-pytorch,predict_F_AP_PRO_20pct_F_AP_PRO_21,Force regression,F_AP_PRO_62,8.640219933457068e-05,73
auto-pytorch,predict_F_AP_PRO_20pct_F_AP_PRO_21,Force regression,F_AP_PRO_63,8.756113714642033e-05,69
auto-pytorch,predict_F_AP_PRO_20pct_F_AP_PRO_21,Force regression,F_AP_PRO_64,9.335757791996197e-05,66
auto-pytorch,predict_F_AP_PRO_20pct_F_AP_PRO_21,Force regression,F_AP_PRO_65,0.00019315722419155877,48
auto-pytorch,predict_F_AP_PRO_20pct_F_AP_PRO_21,Force regression,F_AP_PRO_66,0.00012224427196714578,60
auto-pytorch,predict_F_AP_PRO_20pct_F_AP_PRO_21,Force regression,F_AP_PRO_67,5.3428896599344584e-05,78
auto-pytorch,predict_F_AP_PRO_20pct_F_AP_PRO_21,Force regression,F_AP_PRO_68,0.00011506329807970317,61
auto-pytorch,predict_F_AP_PRO_20pct_F_AP_PRO_21,Force regression,F_AP_PRO_69,3.760903411441332e-05,80
auto-pytorch,predict_F_AP_PRO_20pct_F_AP_PRO_21,Force regression,F_AP_PRO_70,0.00013407450252109088,56
auto-pytorch,predict_F_AP_PRO_20pct_F_AP_PRO_21,Force regression,F_AP_PRO_71,8.726351294252525e-05,70
auto-pytorch,predict_F_AP_PRO_20pct_F_AP_PRO_21,Force regression,F_AP_PRO_72,0.00012487966484493618,58
auto-pytorch,predict_F_AP_PRO_20pct_F_AP_PRO_21,Force regression,F_AP_PRO_73,8.649537629551252e-05,72
auto-pytorch,predict_F_AP_PRO_20pct_F_AP_PRO_21,Force regression,F_AP_PRO_74,0.00012346078786585056,59
auto-pytorch,predict_F_AP_PRO_20pct_F_AP_PRO_21,Force regression,F_AP_PRO_75,0.0001474426388740534,53
auto-pytorch,predict_F_AP_PRO_20pct_F_AP_PRO_21,Force regression,F_AP_PRO_76,0.00011322648160987457,62
auto-pytorch,predict_F_AP_PRO_20pct_F_AP_PRO_21,Force regression,F_AP_PRO_77,0.00010464873082107827,64
auto-pytorch,predict_F_AP_PRO_20pct_F_AP_PRO_21,Force regression,F_AP_PRO_78,8.760264681445235e-05,68
auto-pytorch,predict_F_AP_PRO_20pct_F_AP_PRO_21,Force regression,F_AP_PRO_79,0.00024126617941591834,41
auto-pytorch,predict_F_AP_PRO_20pct_F_AP_PRO_21,Force regression,F_AP_PRO_80,0.00010643666485945301,63
auto-pytorch,predict_F_AP_PRO_20pct_F_AP_PRO_21,Force regression,F_AP_PRO_81,8.481044570605012e-05,75
auto-pytorch,predict_F_AP_PRO_20pct_F_AP_PRO_21,Force regression,F_AP_PRO_82,0.00013975264297591439,55
auto-pytorch,predict_F_AP_PRO_20pct_F_AP_PRO_21,Force regression,F_AP_PRO_83,0.00021581367817190064,45
auto-pytorch,predict_F_AP_PRO_20pct_F_AP_PRO_21,Force regression,F_AP_PRO_84,0.0004242763138479663,34
auto-pytorch,predict_F_AP_PRO_20pct_F_AP_PRO_21,Force regression,F_AP_PRO_85,0.0008050327731503394,22
auto-pytorch,predict_F_AP_PRO_20pct_F_AP_PRO_21,Force regression,F_AP_PRO_86,0.0006784119241767461,27
auto-pytorch,predict_F_AP_PRO_20pct_F_AP_PRO_21,Force regression,F_AP_PRO_87,0.001097467035055161,19
auto-pytorch,predict_F_AP_PRO_20pct_F_AP_PRO_21,Force regression,F_AP_PRO_88,0.001574555310938093,13
auto-pytorch,predict_F_AP_PRO_20pct_F_AP_PRO_21,Force regression,F_AP_PRO_89,0.0016772034797403544,11
auto-pytorch,predict_F_AP_PRO_20pct_F_AP_PRO_21,Force regression,F_AP_PRO_90,0.0013136032438940458,14
auto-pytorch,predict_F_AP_PRO_20pct_F_AP_PRO_21,Force regression,F_AP_PRO_91,0.0011128907998402928,18
auto-pytorch,predict_F_AP_PRO_20pct_F_AP_PRO_21,Force regression,F_AP_PRO_92,0.00019027199678950857,49
auto-pytorch,predict_F_AP_PRO_20pct_F_AP_PRO_21,Force regression,F_AP_PRO_93,0.0002410048395395279,42
auto-pytorch,predict_F_AP_PRO_20pct_F_AP_PRO_21,Force regression,F_AP_PRO_94,0.0004885515239503657,31
auto-pytorch,predict_F_AP_PRO_20pct_F_AP_PRO_21,Force regression,F_AP_PRO_95,0.0003954477094941656,36
auto-pytorch,predict_F_AP_PRO_20pct_F_AP_PRO_21,Force regression,F_AP_PRO_96,0.00014676930838161036,54
auto-pytorch,predict_F_AP_PRO_20pct_F_AP_PRO_21,Force regression,F_AP_PRO_97,0.0001287559883462061,57
auto-pytorch,predict_F_AP_PRO_20pct_F_AP_PRO_21,Force regression,F_AP_PRO_98,0.0002228912346892872,43
auto-pytorch,predict_F_AP_PRO_20pct_F_AP_PRO_21,Force regression,F_AP_PRO_99,0.0003036308156119443,39
auto-pytorch,predict_F_AP_PRO_20pct_F_AP_PRO_21,Force regression,F_AP_PRO_100,0.0003641683989100971,38
auto-pytorch,predict_F_AP_PRO_20pct_F_AP_PRO_21,Force regression,F_AP_PRO_101,0.0006316542790995685,28
auto-pytorch,predict_F_AP_PRO_40pct_F_AP_PRO_41,Force regression,F_AP_PRO_1,0.0003812741628951503,24
auto-pytorch,predict_F_AP_PRO_40pct_F_AP_PRO_41,Force regression,F_AP_PRO_2,0.00012651387933227716,43
auto-pytorch,predict_F_AP_PRO_40pct_F_AP_PRO_41,Force regression,F_AP_PRO_3,6.797770100335312e-05,59
auto-pytorch,predict_F_AP_PRO_40pct_F_AP_PRO_41,Force regression,F_AP_PRO_4,7.13259536359046e-05,58
auto-pytorch,predict_F_AP_PRO_40pct_F_AP_PRO_41,Force regression,F_AP_PRO_5,0.00011848945170640932,48
auto-pytorch,predict_F_AP_PRO_40pct_F_AP_PRO_41,Force regression,F_AP_PRO_6,0.00011957187598778132,46
auto-pytorch,predict_F_AP_PRO_40pct_F_AP_PRO_41,Force regression,F_AP_PRO_7,0.0001250176491836711,44
auto-pytorch,predict_F_AP_PRO_40pct_F_AP_PRO_41,Force regression,F_AP_PRO_8,0.0002378473966899846,33
auto-pytorch,predict_F_AP_PRO_40pct_F_AP_PRO_41,Force regression,F_AP_PRO_9,0.00029033174821072174,30
auto-pytorch,predict_F_AP_PRO_40pct_F_AP_PRO_41,Force regression,F_AP_PRO_10,0.00016274694601694766,39
auto-pytorch,predict_F_AP_PRO_40pct_F_AP_PRO_41,Force regression,F_AP_PRO_11,8.156326930555989e-05,55
auto-pytorch,predict_F_AP_PRO_40pct_F_AP_PRO_41,Force regression,F_AP_PRO_12,9.250862109992239e-05,51
auto-pytorch,predict_F_AP_PRO_40pct_F_AP_PRO_41,Force regression,F_AP_PRO_13,0.0002123404621250098,34
auto-pytorch,predict_F_AP_PRO_40pct_F_AP_PRO_41,Force regression,F_AP_PRO_14,0.000299494741277562,29
auto-pytorch,predict_F_AP_PRO_40pct_F_AP_PRO_41,Force regression,F_AP_PRO_15,0.00012283587559229757,45
auto-pytorch,predict_F_AP_PRO_40pct_F_AP_PRO_41,Force regression,F_AP_PRO_16,3.516681161191708e-05,69
auto-pytorch,predict_F_AP_PRO_40pct_F_AP_PRO_41,Force regression,F_AP_PRO_17,0.0002770013509111273,32
auto-pytorch,predict_F_AP_PRO_40pct_F_AP_PRO_41,Force regression,F_AP_PRO_18,0.00047881608497765324,20
auto-pytorch,predict_F_AP_PRO_40pct_F_AP_PRO_41,Force regression,F_AP_PRO_19,0.0006159215811640023,13
auto-pytorch,predict_F_AP_PRO_40pct_F_AP_PRO_41,Force regression,F_AP_PRO_20,0.0008720530242555669,8
auto-pytorch,predict_F_AP_PRO_40pct_F_AP_PRO_41,Force regression,F_AP_PRO_21,0.0008690316052072575,10
auto-pytorch,predict_F_AP_PRO_40pct_F_AP_PRO_41,Force regression,F_AP_PRO_22,0.0009352853819727899,7
auto-pytorch,predict_F_AP_PRO_40pct_F_AP_PRO_41,Force regression,F_AP_PRO_23,0.0010492809284478426,6
auto-pytorch,predict_F_AP_PRO_40pct_F_AP_PRO_41,Force regression,F_AP_PRO_24,0.0008238560064799255,11
auto-pytorch,predict_F_AP_PRO_40pct_F_AP_PRO_41,Force regression,F_AP_PRO_25,0.0005080029411862298,17
auto-pytorch,predict_F_AP_PRO_40pct_F_AP_PRO_41,Force regression,F_AP_PRO_26,0.00014304018662207637,42
auto-pytorch,predict_F_AP_PRO_40pct_F_AP_PRO_41,Force regression,F_AP_PRO_27,0.0008714353026201327,9
auto-pytorch,predict_F_AP_PRO_40pct_F_AP_PRO_41,Force regression,F_AP_PRO_28,0.0017095240412486926,4
auto-pytorch,predict_F_AP_PRO_40pct_F_AP_PRO_41,Force regression,F_AP_PRO_29,0.0028568581336488323,3
auto-pytorch,predict_F_AP_PRO_40pct_F_AP_PRO_41,Force regression,F_AP_PRO_30,0.0035763161395572954,1
auto-pytorch,predict_F_AP_PRO_40pct_F_AP_PRO_41,Force regression,F_AP_PRO_52,0.003042503389219444,2
auto-pytorch,predict_F_AP_PRO_40pct_F_AP_PRO_41,Force regression,F_AP_PRO_53,0.0016675942883723311,5
auto-pytorch,predict_F_AP_PRO_40pct_F_AP_PRO_41,Force regression,F_AP_PRO_54,0.0005592887238081956,16
auto-pytorch,predict_F_AP_PRO_40pct_F_AP_PRO_41,Force regression,F_AP_PRO_55,0.00011735615527464268,49
auto-pytorch,predict_F_AP_PRO_40pct_F_AP_PRO_41,Force regression,F_AP_PRO_56,0.0004484465097387635,21
auto-pytorch,predict_F_AP_PRO_40pct_F_AP_PRO_41,Force regression,F_AP_PRO_57,0.0005740948787166014,15
auto-pytorch,predict_F_AP_PRO_40pct_F_AP_PRO_41,Force regression,F_AP_PRO_58,0.0006086615831073788,14
auto-pytorch,predict_F_AP_PRO_40pct_F_AP_PRO_41,Force regression,F_AP_PRO_59,0.00047974247423311053,19
auto-pytorch,predict_F_AP_PRO_40pct_F_AP_PRO_41,Force regression,F_AP_PRO_60,0.0003316383295589024,27
auto-pytorch,predict_F_AP_PRO_40pct_F_AP_PRO_41,Force regression,F_AP_PRO_61,6.594712970157489e-05,60
auto-pytorch,predict_F_AP_PRO_40pct_F_AP_PRO_41,Force regression,F_AP_PRO_62,0.00019607283547520653,37
auto-pytorch,predict_F_AP_PRO_40pct_F_AP_PRO_41,Force regression,F_AP_PRO_63,0.00011888294936054298,47
auto-pytorch,predict_F_AP_PRO_40pct_F_AP_PRO_41,Force regression,F_AP_PRO_64,0.00020626494557493305,36
auto-pytorch,predict_F_AP_PRO_40pct_F_AP_PRO_41,Force regression,F_AP_PRO_65,3.288975627058088e-05,71
auto-pytorch,predict_F_AP_PRO_40pct_F_AP_PRO_41,Force regression,F_AP_PRO_66,2.17380840331315e-05,79
auto-pytorch,predict_F_AP_PRO_40pct_F_AP_PRO_41,Force regression,F_AP_PRO_67,2.5691779744293922e-05,75
auto-pytorch,predict_F_AP_PRO_40pct_F_AP_PRO_41,Force regression,F_AP_PRO_68,3.789886873629334e-05,67
auto-pytorch,predict_F_AP_PRO_40pct_F_AP_PRO_41,Force regression,F_AP_PRO_69,5.885961589713865e-05,64
auto-pytorch,predict_F_AP_PRO_40pct_F_AP_PRO_41,Force regression,F_AP_PRO_70,2.2424856614735028e-05,77
auto-pytorch,predict_F_AP_PRO_40pct_F_AP_PRO_41,Force regression,F_AP_PRO_71,6.048090424802576e-05,63
auto-pytorch,predict_F_AP_PRO_40pct_F_AP_PRO_41,Force regression,F_AP_PRO_72,2.4873394105169395e-05,76
auto-pytorch,predict_F_AP_PRO_40pct_F_AP_PRO_41,Force regression,F_AP_PRO_73,3.06275695976286e-05,72
auto-pytorch,predict_F_AP_PRO_40pct_F_AP_PRO_41,Force regression,F_AP_PRO_74,4.249007648064e-05,65
auto-pytorch,predict_F_AP_PRO_40pct_F_AP_PRO_41,Force regression,F_AP_PRO_75,7.568807154893918e-05,57
auto-pytorch,predict_F_AP_PRO_40pct_F_AP_PRO_41,Force regression,F_AP_PRO_76,2.1874924086861896e-05,78
auto-pytorch,predict_F_AP_PRO_40pct_F_AP_PRO_41,Force regression,F_AP_PRO_77,1.838090498414293e-05,80
auto-pytorch,predict_F_AP_PRO_40pct_F_AP_PRO_41,Force regression,F_AP_PRO_78,3.520021980835372e-05,68
auto-pytorch,predict_F_AP_PRO_40pct_F_AP_PRO_41,Force regression,F_AP_PRO_79,7.572975982394478e-05,56
auto-pytorch,predict_F_AP_PRO_40pct_F_AP_PRO_41,Force regression,F_AP_PRO_80,6.149572113321856e-05,61
auto-pytorch,predict_F_AP_PRO_40pct_F_AP_PRO_41,Force regression,F_AP_PRO_81,3.4778063288993144e-05,70
auto-pytorch,predict_F_AP_PRO_40pct_F_AP_PRO_41,Force regression,F_AP_PRO_82,2.624798359142416e-05,74
auto-pytorch,predict_F_AP_PRO_40pct_F_AP_PRO_41,Force regression,F_AP_PRO_83,3.885963165925654e-05,66
auto-pytorch,predict_F_AP_PRO_40pct_F_AP_PRO_41,Force regression,F_AP_PRO_84,0.00010006541406942711,50
auto-pytorch,predict_F_AP_PRO_40pct_F_AP_PRO_41,Force regression,F_AP_PRO_85,2.7790813603335196e-05,73
auto-pytorch,predict_F_AP_PRO_40pct_F_AP_PRO_41,Force regression,F_AP_PRO_86,6.0615660415755545e-05,62
auto-pytorch,predict_F_AP_PRO_40pct_F_AP_PRO_41,Force regression,F_AP_PRO_87,0.00015187469269666376,40
auto-pytorch,predict_F_AP_PRO_40pct_F_AP_PRO_41,Force regression,F_AP_PRO_88,0.00014896699413657194,41
auto-pytorch,predict_F_AP_PRO_40pct_F_AP_PRO_41,Force regression,F_AP_PRO_89,0.0005056917669458522,18
auto-pytorch,predict_F_AP_PRO_40pct_F_AP_PRO_41,Force regression,F_AP_PRO_90,0.0004227708605014615,23
auto-pytorch,predict_F_AP_PRO_40pct_F_AP_PRO_41,Force regression,F_AP_PRO_91,0.00043772258237004307,22
auto-pytorch,predict_F_AP_PRO_40pct_F_AP_PRO_41,Force regression,F_AP_PRO_92,8.563892564011941e-05,53
auto-pytorch,predict_F_AP_PRO_40pct_F_AP_PRO_41,Force regression,F_AP_PRO_93,8.418434030479825e-05,54
auto-pytorch,predict_F_AP_PRO_40pct_F_AP_PRO_41,Force regression,F_AP_PRO_94,0.00036027783321009775,26
auto-pytorch,predict_F_AP_PRO_40pct_F_AP_PRO_41,Force regression,F_AP_PRO_95,0.0003019303774668111,28
auto-pytorch,predict_F_AP_PRO_40pct_F_AP_PRO_41,Force regression,F_AP_PRO_96,0.0003802840877324344,25
auto-pytorch,predict_F_AP_PRO_40pct_F_AP_PRO_41,Force regression,F_AP_PRO_97,0.0002792169106089409,31
auto-pytorch,predict_F_AP_PRO_40pct_F_AP_PRO_41,Force regression,F_AP_PRO_98,0.00020859989730848214,35
auto-pytorch,predict_F_AP_PRO_40pct_F_AP_PRO_41,Force regression,F_AP_PRO_99,8.613035124209164e-05,52
auto-pytorch,predict_F_AP_PRO_40pct_F_AP_PRO_41,Force regression,F_AP_PRO_100,0.00018298611355324607,38
auto-pytorch,predict_F_AP_PRO_40pct_F_AP_PRO_41,Force regression,F_AP_PRO_101,0.0007032276963194211,12
auto-pytorch,predict_F_AP_PRO_60pct_F_AP_PRO_61,Force regression,F_AP_PRO_1,3.1285982992914114e-05,66
auto-pytorch,predict_F_AP_PRO_60pct_F_AP_PRO_61,Force regression,F_AP_PRO_2,3.596209641546019e-05,60
auto-pytorch,predict_F_AP_PRO_60pct_F_AP_PRO_61,Force regression,F_AP_PRO_3,2.119893756591602e-05,78
auto-pytorch,predict_F_AP_PRO_60pct_F_AP_PRO_61,Force regression,F_AP_PRO_4,2.496921229693638e-05,75
auto-pytorch,predict_F_AP_PRO_60pct_F_AP_PRO_61,Force regression,F_AP_PRO_5,3.9183859609895195e-05,55
auto-pytorch,predict_F_AP_PRO_60pct_F_AP_PRO_61,Force regression,F_AP_PRO_6,2.299476435614962e-05,76
auto-pytorch,predict_F_AP_PRO_60pct_F_AP_PRO_61,Force regression,F_AP_PRO_7,5.269287329994973e-05,46
auto-pytorch,predict_F_AP_PRO_60pct_F_AP_PRO_61,Force regression,F_AP_PRO_8,7.104905353238201e-05,33
auto-pytorch,predict_F_AP_PRO_60pct_F_AP_PRO_61,Force regression,F_AP_PRO_9,0.00011236798587358645,20
auto-pytorch,predict_F_AP_PRO_60pct_F_AP_PRO_61,Force regression,F_AP_PRO_10,8.398717000252674e-05,28
auto-pytorch,predict_F_AP_PRO_60pct_F_AP_PRO_61,Force regression,F_AP_PRO_11,0.00010817876147727163,22
auto-pytorch,predict_F_AP_PRO_60pct_F_AP_PRO_61,Force regression,F_AP_PRO_12,2.5395785147944933e-05,74
auto-pytorch,predict_F_AP_PRO_60pct_F_AP_PRO_61,Force regression,F_AP_PRO_13,3.493040055036538e-05,61
auto-pytorch,predict_F_AP_PRO_60pct_F_AP_PRO_61,Force regression,F_AP_PRO_14,6.404933188524525e-05,37
auto-pytorch,predict_F_AP_PRO_60pct_F_AP_PRO_61,Force regression,F_AP_PRO_15,5.721584810978847e-05,41
auto-pytorch,predict_F_AP_PRO_60pct_F_AP_PRO_61,Force regression,F_AP_PRO_16,3.961706502983967e-05,54
auto-pytorch,predict_F_AP_PRO_60pct_F_AP_PRO_61,Force regression,F_AP_PRO_17,5.512583121243443e-05,42
auto-pytorch,predict_F_AP_PRO_60pct_F_AP_PRO_61,Force regression,F_AP_PRO_18,4.7627668206890505e-05,50
auto-pytorch,predict_F_AP_PRO_60pct_F_AP_PRO_61,Force regression,F_AP_PRO_19,9.609154798090453e-05,24
auto-pytorch,predict_F_AP_PRO_60pct_F_AP_PRO_61,Force regression,F_AP_PRO_20,6.531345606264161e-05,36
auto-pytorch,predict_F_AP_PRO_60pct_F_AP_PRO_61,Force regression,F_AP_PRO_21,3.208722743309209e-05,64
auto-pytorch,predict_F_AP_PRO_60pct_F_AP_PRO_61,Force regression,F_AP_PRO_22,4.542439017030919e-05,51
auto-pytorch,predict_F_AP_PRO_60pct_F_AP_PRO_61,Force regression,F_AP_PRO_23,4.765669442713249e-05,49
auto-pytorch,predict_F_AP_PRO_60pct_F_AP_PRO_61,Force regression,F_AP_PRO_24,2.974341840793688e-05,67
auto-pytorch,predict_F_AP_PRO_60pct_F_AP_PRO_61,Force regression,F_AP_PRO_25,5.77441711599628e-05,40
auto-pytorch,predict_F_AP_PRO_60pct_F_AP_PRO_61,Force regression,F_AP_PRO_26,5.445645304603703e-05,44
auto-pytorch,predict_F_AP_PRO_60pct_F_AP_PRO_61,Force regression,F_AP_PRO_27,3.725039182851696e-05,58
auto-pytorch,predict_F_AP_PRO_60pct_F_AP_PRO_61,Force regression,F_AP_PRO_28,0.00011342292620490002,19
auto-pytorch,predict_F_AP_PRO_60pct_F_AP_PRO_61,Force regression,F_AP_PRO_29,0.00014815056530965688,12
auto-pytorch,predict_F_AP_PRO_60pct_F_AP_PRO_61,Force regression,F_AP_PRO_30,7.571658181647445e-05,32
auto-pytorch,predict_F_AP_PRO_60pct_F_AP_PRO_61,Force regression,F_AP_PRO_31,7.638077417181595e-05,31
auto-pytorch,predict_F_AP_PRO_60pct_F_AP_PRO_61,Force regression,F_AP_PRO_32,2.7031327390836242e-05,71
auto-pytorch,predict_F_AP_PRO_60pct_F_AP_PRO_61,Force regression,F_AP_PRO_33,2.1930678954554903e-05,77
auto-pytorch,predict_F_AP_PRO_60pct_F_AP_PRO_61,Force regression,F_AP_PRO_34,1.0582759458985659e-05,80
auto-pytorch,predict_F_AP_PRO_60pct_F_AP_PRO_61,Force regression,F_AP_PRO_35,4.937532099170815e-05,47
auto-pytorch,predict_F_AP_PRO_60pct_F_AP_PRO_61,Force regression,F_AP_PRO_36,8.092364254924988e-05,30
auto-pytorch,predict_F_AP_PRO_60pct_F_AP_PRO_61,Force regression,F_AP_PRO_37,0.00010620437603857769,23
auto-pytorch,predict_F_AP_PRO_60pct_F_AP_PRO_61,Force regression,F_AP_PRO_38,8.716716493169455e-05,26
auto-pytorch,predict_F_AP_PRO_60pct_F_AP_PRO_61,Force regression,F_AP_PRO_39,0.0001206146368963849,18
auto-pytorch,predict_F_AP_PRO_60pct_F_AP_PRO_61,Force regression,F_AP_PRO_40,0.00010889483646800123,21
auto-pytorch,predict_F_AP_PRO_60pct_F_AP_PRO_61,Force regression,F_AP_PRO_41,0.00013796990902887468,14
auto-pytorch,predict_F_AP_PRO_60pct_F_AP_PRO_61,Force regression,F_AP_PRO_42,0.00016594100060562285,11
auto-pytorch,predict_F_AP_PRO_60pct_F_AP_PRO_61,Force regression,F_AP_PRO_43,0.00018816460627648566,10
auto-pytorch,predict_F_AP_PRO_60pct_F_AP_PRO_61,Force regression,F_AP_PRO_44,0.00018840929369131723,9
auto-pytorch,predict_F_AP_PRO_60pct_F_AP_PRO_61,Force regression,F_AP_PRO_45,4.450443107634798e-05,52
auto-pytorch,predict_F_AP_PRO_60pct_F_AP_PRO_61,Force regression,F_AP_PRO_46,9.120010325892094e-05,25
auto-pytorch,predict_F_AP_PRO_60pct_F_AP_PRO_61,Force regression,F_AP_PRO_47,0.0003134580851636,6
auto-pytorch,predict_F_AP_PRO_60pct_F_AP_PRO_61,Force regression,F_AP_PRO_48,0.0005699418543113603,4
auto-pytorch,predict_F_AP_PRO_60pct_F_AP_PRO_61,Force regression,F_AP_PRO_49,0.0008728443930546443,2
auto-pytorch,predict_F_AP_PRO_60pct_F_AP_PRO_61,Force regression,F_AP_PRO_50,0.0012314460867395003,1
auto-pytorch,predict_F_AP_PRO_60pct_F_AP_PRO_61,Force regression,F_AP_PRO_72,0.00059334779313455,3
auto-pytorch,predict_F_AP_PRO_60pct_F_AP_PRO_61,Force regression,F_AP_PRO_73,0.0003876699077793293,5
auto-pytorch,predict_F_AP_PRO_60pct_F_AP_PRO_61,Force regression,F_AP_PRO_74,0.0002309180366703206,8
auto-pytorch,predict_F_AP_PRO_60pct_F_AP_PRO_61,Force regression,F_AP_PRO_75,0.00012866495549678826,15
auto-pytorch,predict_F_AP_PRO_60pct_F_AP_PRO_61,Force regression,F_AP_PRO_76,6.320454718338117e-05,38
auto-pytorch,predict_F_AP_PRO_60pct_F_AP_PRO_61,Force regression,F_AP_PRO_77,5.3980663211809386e-05,45
auto-pytorch,predict_F_AP_PRO_60pct_F_AP_PRO_61,Force regression,F_AP_PRO_78,4.8429851109782796e-05,48
auto-pytorch,predict_F_AP_PRO_60pct_F_AP_PRO_61,Force regression,F_AP_PRO_79,3.876411780301088e-05,56
auto-pytorch,predict_F_AP_PRO_60pct_F_AP_PRO_61,Force regression,F_AP_PRO_80,2.7890826989379052e-05,70
auto-pytorch,predict_F_AP_PRO_60pct_F_AP_PRO_61,Force regression,F_AP_PRO_81,3.716302238818652e-05,59
auto-pytorch,predict_F_AP_PRO_60pct_F_AP_PRO_61,Force regression,F_AP_PRO_82,3.2079645122091146e-05,65
auto-pytorch,predict_F_AP_PRO_60pct_F_AP_PRO_61,Force regression,F_AP_PRO_83,3.451476390990931e-05,62
auto-pytorch,predict_F_AP_PRO_60pct_F_AP_PRO_61,Force regression,F_AP_PRO_84,3.815457442154474e-05,57
auto-pytorch,predict_F_AP_PRO_60pct_F_AP_PRO_61,Force regression,F_AP_PRO_85,1.9406331392625954e-05,79
auto-pytorch,predict_F_AP_PRO_60pct_F_AP_PRO_61,Force regression,F_AP_PRO_86,5.816801026877422e-05,39
auto-pytorch,predict_F_AP_PRO_60pct_F_AP_PRO_61,Force regression,F_AP_PRO_87,2.844084023187536e-05,69
auto-pytorch,predict_F_AP_PRO_60pct_F_AP_PRO_61,Force regression,F_AP_PRO_88,4.0220112539827756e-05,53
auto-pytorch,predict_F_AP_PRO_60pct_F_AP_PRO_61,Force regression,F_AP_PRO_89,6.600240483466104e-05,35
auto-pytorch,predict_F_AP_PRO_60pct_F_AP_PRO_61,Force regression,F_AP_PRO_90,6.923725725048115e-05,34
auto-pytorch,predict_F_AP_PRO_60pct_F_AP_PRO_61,Force regression,F_AP_PRO_91,0.00013954726513475176,13
auto-pytorch,predict_F_AP_PRO_60pct_F_AP_PRO_61,Force regression,F_AP_PRO_92,5.4825033268166614e-05,43
auto-pytorch,predict_F_AP_PRO_60pct_F_AP_PRO_61,Force regression,F_AP_PRO_93,0.00012114435444689446,17
auto-pytorch,predict_F_AP_PRO_60pct_F_AP_PRO_61,Force regression,F_AP_PRO_94,8.448936065865901e-05,27
auto-pytorch,predict_F_AP_PRO_60pct_F_AP_PRO_61,Force regression,F_AP_PRO_95,3.3919588352243e-05,63
auto-pytorch,predict_F_AP_PRO_60pct_F_AP_PRO_61,Force regression,F_AP_PRO_96,2.9095963678426207e-05,68
auto-pytorch,predict_F_AP_PRO_60pct_F_AP_PRO_61,Force regression,F_AP_PRO_97,2.5515913445916405e-05,73
auto-pytorch,predict_F_AP_PRO_60pct_F_AP_PRO_61,Force regression,F_AP_PRO_98,2.65654685596624e-05,72
auto-pytorch,predict_F_AP_PRO_60pct_F_AP_PRO_61,Force regression,F_AP_PRO_99,8.359514901207536e-05,29
auto-pytorch,predict_F_AP_PRO_60pct_F_AP_PRO_61,Force regression,F_AP_PRO_100,0.00012551211503644794,16
auto-pytorch,predict_F_AP_PRO_60pct_F_AP_PRO_61,Force regression,F_AP_PRO_101,0.0002555990337083737,7
auto-pytorch,predict_F_AP_PRO_80pct_F_AP_PRO_81,Force regression,F_AP_PRO_1,0.000517443896995651,29
auto-pytorch,predict_F_AP_PRO_80pct_F_AP_PRO_81,Force regression,F_AP_PRO_2,0.0001928972618447419,61
auto-pytorch,predict_F_AP_PRO_80pct_F_AP_PRO_81,Force regression,F_AP_PRO_3,0.00029166498945819,49
auto-pytorch,predict_F_AP_PRO_80pct_F_AP_PRO_81,Force regression,F_AP_PRO_4,0.00032071971727742183,48
auto-pytorch,predict_F_AP_PRO_80pct_F_AP_PRO_81,Force regression,F_AP_PRO_5,0.0003909292088614587,40
auto-pytorch,predict_F_AP_PRO_80pct_F_AP_PRO_81,Force regression,F_AP_PRO_6,0.0004532289306322708,31
auto-pytorch,predict_F_AP_PRO_80pct_F_AP_PRO_81,Force regression,F_AP_PRO_7,0.00042012149261103787,34
auto-pytorch,predict_F_AP_PRO_80pct_F_AP_PRO_81,Force regression,F_AP_PRO_8,0.00026830435130331123,52
auto-pytorch,predict_F_AP_PRO_80pct_F_AP_PRO_81,Force regression,F_AP_PRO_9,0.00012060975366168624,71
auto-pytorch,predict_F_AP_PRO_80pct_F_AP_PRO_81,Force regression,F_AP_PRO_10,0.0005457398941119522,26
auto-pytorch,predict_F_AP_PRO_80pct_F_AP_PRO_81,Force regression,F_AP_PRO_11,0.0006234890338447371,22
auto-pytorch,predict_F_AP_PRO_80pct_F_AP_PRO_81,Force regression,F_AP_PRO_12,0.00017341554827160225,65
auto-pytorch,predict_F_AP_PRO_80pct_F_AP_PRO_81,Force regression,F_AP_PRO_13,0.0001168700440062398,73
auto-pytorch,predict_F_AP_PRO_80pct_F_AP_PRO_81,Force regression,F_AP_PRO_14,0.0001652784181965725,66
auto-pytorch,predict_F_AP_PRO_80pct_F_AP_PRO_81,Force regression,F_AP_PRO_15,0.0001478296965360649,68
auto-pytorch,predict_F_AP_PRO_80pct_F_AP_PRO_81,Force regression,F_AP_PRO_16,0.00010173586176501368,75
auto-pytorch,predict_F_AP_PRO_80pct_F_AP_PRO_81,Force regression,F_AP_PRO_17,5.715983774926934e-05,78
auto-pytorch,predict_F_AP_PRO_80pct_F_AP_PRO_81,Force regression,F_AP_PRO_18,0.00012853680716620635,70
auto-pytorch,predict_F_AP_PRO_80pct_F_AP_PRO_81,Force regression,F_AP_PRO_19,0.00019590347011884173,60
auto-pytorch,predict_F_AP_PRO_80pct_F_AP_PRO_81,Force regression,F_AP_PRO_20,0.0004141231973965955,36
auto-pytorch,predict_F_AP_PRO_80pct_F_AP_PRO_81,Force regression,F_AP_PRO_21,0.0003961046950684642,39
auto-pytorch,predict_F_AP_PRO_80pct_F_AP_PRO_81,Force regression,F_AP_PRO_22,0.0003465073555707937,45
auto-pytorch,predict_F_AP_PRO_80pct_F_AP_PRO_81,Force regression,F_AP_PRO_23,0.00011389241450362707,74
auto-pytorch,predict_F_AP_PRO_80pct_F_AP_PRO_81,Force regression,F_AP_PRO_24,0.0006070934236049635,23
auto-pytorch,predict_F_AP_PRO_80pct_F_AP_PRO_81,Force regression,F_AP_PRO_25,0.0008603914048936639,20
auto-pytorch,predict_F_AP_PRO_80pct_F_AP_PRO_81,Force regression,F_AP_PRO_26,0.0014021648019552242,14
auto-pytorch,predict_F_AP_PRO_80pct_F_AP_PRO_81,Force regression,F_AP_PRO_27,0.0012689346522092822,15
auto-pytorch,predict_F_AP_PRO_80pct_F_AP_PRO_81,Force regression,F_AP_PRO_28,0.0014531794273191026,13
auto-pytorch,predict_F_AP_PRO_80pct_F_AP_PRO_81,Force regression,F_AP_PRO_29,0.0008420677698320825,21
auto-pytorch,predict_F_AP_PRO_80pct_F_AP_PRO_81,Force regression,F_AP_PRO_30,0.0006012497494618102,24
auto-pytorch,predict_F_AP_PRO_80pct_F_AP_PRO_81,Force regression,F_AP_PRO_31,0.0002638752079672289,53
auto-pytorch,predict_F_AP_PRO_80pct_F_AP_PRO_81,Force regression,F_AP_PRO_32,0.00014875261154439652,67
auto-pytorch,predict_F_AP_PRO_80pct_F_AP_PRO_81,Force regression,F_AP_PRO_33,0.0003754915959305231,42
auto-pytorch,predict_F_AP_PRO_80pct_F_AP_PRO_81,Force regression,F_AP_PRO_34,0.00040144859254360234,37
auto-pytorch,predict_F_AP_PRO_80pct_F_AP_PRO_81,Force regression,F_AP_PRO_35,0.0004299719482660303,33
auto-pytorch,predict_F_AP_PRO_80pct_F_AP_PRO_81,Force regression,F_AP_PRO_36,0.00029105850226349335,50
auto-pytorch,predict_F_AP_PRO_80pct_F_AP_PRO_81,Force regression,F_AP_PRO_37,0.00025465360118283195,54
auto-pytorch,predict_F_AP_PRO_80pct_F_AP_PRO_81,Force regression,F_AP_PRO_38,4.44670369227706e-05,79
auto-pytorch,predict_F_AP_PRO_80pct_F_AP_PRO_81,Force regression,F_AP_PRO_39,0.00011771751940250284,72
auto-pytorch,predict_F_AP_PRO_80pct_F_AP_PRO_81,Force regression,F_AP_PRO_40,0.0005226123796568977,28
auto-pytorch,predict_F_AP_PRO_80pct_F_AP_PRO_81,Force regression,F_AP_PRO_41,0.000470186145769224,30
auto-pytorch,predict_F_AP_PRO_80pct_F_AP_PRO_81,Force regression,F_AP_PRO_42,0.0005756055000755505,25
auto-pytorch,predict_F_AP_PRO_80pct_F_AP_PRO_81,Force regression,F_AP_PRO_43,0.00018129771120018454,63
auto-pytorch,predict_F_AP_PRO_80pct_F_AP_PRO_81,Force regression,F_AP_PRO_44,6.240520377953872e-05,77
auto-pytorch,predict_F_AP_PRO_80pct_F_AP_PRO_81,Force regression,F_AP_PRO_45,6.909992628627355e-05,76
auto-pytorch,predict_F_AP_PRO_80pct_F_AP_PRO_81,Force regression,F_AP_PRO_46,0.0002869476493861949,51
auto-pytorch,predict_F_AP_PRO_80pct_F_AP_PRO_81,Force regression,F_AP_PRO_47,0.0004188649836513722,35
auto-pytorch,predict_F_AP_PRO_80pct_F_AP_PRO_81,Force regression,F_AP_PRO_48,0.0005310412413544123,27
auto-pytorch,predict_F_AP_PRO_80pct_F_AP_PRO_81,Force regression,F_AP_PRO_49,0.00033215290307998644,47
auto-pytorch,predict_F_AP_PRO_80pct_F_AP_PRO_81,Force regression,F_AP_PRO_50,0.0004007525609599227,38
auto-pytorch,predict_F_AP_PRO_80pct_F_AP_PRO_81,Force regression,F_AP_PRO_51,0.00024471050500869717,56
auto-pytorch,predict_F_AP_PRO_80pct_F_AP_PRO_81,Force regression,F_AP_PRO_52,0.00035073598557048294,44
auto-pytorch,predict_F_AP_PRO_80pct_F_AP_PRO_81,Force regression,F_AP_PRO_53,0.0003706280456648939,43
auto-pytorch,predict_F_AP_PRO_80pct_F_AP_PRO_81,Force regression,F_AP_PRO_54,0.000136307277613215,69
auto-pytorch,predict_F_AP_PRO_80pct_F_AP_PRO_81,Force regression,F_AP_PRO_55,0.00017651483747694317,64
auto-pytorch,predict_F_AP_PRO_80pct_F_AP_PRO_81,Force regression,F_AP_PRO_56,0.00023003603683577803,58
auto-pytorch,predict_F_AP_PRO_80pct_F_AP_PRO_81,Force regression,F_AP_PRO_57,0.00018376175231403613,62
auto-pytorch,predict_F_AP_PRO_80pct_F_AP_PRO_81,Force regression,F_AP_PRO_58,0.0003876382493310492,41
auto-pytorch,predict_F_AP_PRO_80pct_F_AP_PRO_81,Force regression,F_AP_PRO_59,0.00024511461787753727,55
auto-pytorch,predict_F_AP_PRO_80pct_F_AP_PRO_81,Force regression,F_AP_PRO_60,4.3223799930678754e-05,80
auto-pytorch,predict_F_AP_PRO_80pct_F_AP_PRO_81,Force regression,F_AP_PRO_61,0.0004465025381909478,32
auto-pytorch,predict_F_AP_PRO_80pct_F_AP_PRO_81,Force regression,F_AP_PRO_62,0.0010188494738605292,18
auto-pytorch,predict_F_AP_PRO_80pct_F_AP_PRO_81,Force regression,F_AP_PRO_63,0.0019302323444022077,12
auto-pytorch,predict_F_AP_PRO_80pct_F_AP_PRO_81,Force regression,F_AP_PRO_64,0.0022145655237966115,8
auto-pytorch,predict_F_AP_PRO_80pct_F_AP_PRO_81,Force regression,F_AP_PRO_65,0.0023545165674553974,7
auto-pytorch,predict_F_AP_PRO_80pct_F_AP_PRO_81,Force regression,F_AP_PRO_66,0.0010584539605511564,17
auto-pytorch,predict_F_AP_PRO_80pct_F_AP_PRO_81,Force regression,F_AP_PRO_67,0.00034596283071570787,46
auto-pytorch,predict_F_AP_PRO_80pct_F_AP_PRO_81,Force regression,F_AP_PRO_68,0.0019721203496058785,11
auto-pytorch,predict_F_AP_PRO_80pct_F_AP_PRO_81,Force regression,F_AP_PRO_69,0.0032634396039777328,4
auto-pytorch,predict_F_AP_PRO_80pct_F_AP_PRO_81,Force regression,F_AP_PRO_70,0.004767765273650486,3
auto-pytorch,predict_F_AP_PRO_80pct_F_AP_PRO_81,Force regression,F_AP_PRO_92,0.016793464561303453,1
auto-pytorch,predict_F_AP_PRO_80pct_F_AP_PRO_81,Force regression,F_AP_PRO_93,0.006170704088277287,2
auto-pytorch,predict_F_AP_PRO_80pct_F_AP_PRO_81,Force regression,F_AP_PRO_94,0.00023419031335247855,57
auto-pytorch,predict_F_AP_PRO_80pct_F_AP_PRO_81,Force regression,F_AP_PRO_95,0.002471597590380245,6
auto-pytorch,predict_F_AP_PRO_80pct_F_AP_PRO_81,Force regression,F_AP_PRO_96,0.0028062706308232405,5
auto-pytorch,predict_F_AP_PRO_80pct_F_AP_PRO_81,Force regression,F_AP_PRO_97,0.00204122496313519,10
auto-pytorch,predict_F_AP_PRO_80pct_F_AP_PRO_81,Force regression,F_AP_PRO_98,0.0010011128899123918,19
auto-pytorch,predict_F_AP_PRO_80pct_F_AP_PRO_81,Force regression,F_AP_PRO_99,0.00020284293923112973,59
auto-pytorch,predict_F_AP_PRO_80pct_F_AP_PRO_81,Force regression,F_AP_PRO_100,0.0011891037639644411,16
auto-pytorch,predict_F_AP_PRO_80pct_F_AP_PRO_81,Force regression,F_AP_PRO_101,0.0020813458197646677,9
auto-pytorch,predict_F_ML_PRO_20pct_F_ML_PRO_21,Force regression,F_ML_PRO_1,0.0004361772181259262,20
auto-pytorch,predict_F_ML_PRO_20pct_F_ML_PRO_21,Force regression,F_ML_PRO_2,0.0007259221420519883,9
auto-pytorch,predict_F_ML_PRO_20pct_F_ML_PRO_21,Force regression,F_ML_PRO_3,0.0006945585956176124,12
auto-pytorch,predict_F_ML_PRO_20pct_F_ML_PRO_21,Force regression,F_ML_PRO_4,0.0005106549536188445,18
auto-pytorch,predict_F_ML_PRO_20pct_F_ML_PRO_21,Force regression,F_ML_PRO_5,0.0002186731009019745,38
auto-pytorch,predict_F_ML_PRO_20pct_F_ML_PRO_21,Force regression,F_ML_PRO_6,0.0012231304964257612,3
auto-pytorch,predict_F_ML_PRO_20pct_F_ML_PRO_21,Force regression,F_ML_PRO_7,0.0016580776497721668,1
auto-pytorch,predict_F_ML_PRO_20pct_F_ML_PRO_21,Force regression,F_ML_PRO_8,0.0012099185114105547,4
auto-pytorch,predict_F_ML_PRO_20pct_F_ML_PRO_21,Force regression,F_ML_PRO_9,0.00016740891089042035,47
auto-pytorch,predict_F_ML_PRO_20pct_F_ML_PRO_21,Force regression,F_ML_PRO_10,0.0013164494509498277,2
auto-pytorch,predict_F_ML_PRO_20pct_F_ML_PRO_21,Force regression,F_ML_PRO_32,0.0009226991658409434,5
auto-pytorch,predict_F_ML_PRO_20pct_F_ML_PRO_21,Force regression,F_ML_PRO_33,0.00033140167138642724,28
auto-pytorch,predict_F_ML_PRO_20pct_F_ML_PRO_21,Force regression,F_ML_PRO_34,0.0001003337237570024,60
auto-pytorch,predict_F_ML_PRO_20pct_F_ML_PRO_21,Force regression,F_ML_PRO_35,0.00022437521442770968,37
auto-pytorch,predict_F_ML_PRO_20pct_F_ML_PRO_21,Force regression,F_ML_PRO_36,0.0001892591855592194,45
auto-pytorch,predict_F_ML_PRO_20pct_F_ML_PRO_21,Force regression,F_ML_PRO_37,5.600858438346109e-05,75
auto-pytorch,predict_F_ML_PRO_20pct_F_ML_PRO_21,Force regression,F_ML_PRO_38,0.00021138536350594626,39
auto-pytorch,predict_F_ML_PRO_20pct_F_ML_PRO_21,Force regression,F_ML_PRO_39,0.0004239932220015257,21
auto-pytorch,predict_F_ML_PRO_20pct_F_ML_PRO_21,Force regression,F_ML_PRO_40,0.0006506541002955708,13
auto-pytorch,predict_F_ML_PRO_20pct_F_ML_PRO_21,Force regression,F_ML_PRO_41,0.0007777527492079468,7
auto-pytorch,predict_F_ML_PRO_20pct_F_ML_PRO_21,Force regression,F_ML_PRO_42,0.0007707417565915321,8
auto-pytorch,predict_F_ML_PRO_20pct_F_ML_PRO_21,Force regression,F_ML_PRO_43,0.0007213551311029326,10
auto-pytorch,predict_F_ML_PRO_20pct_F_ML_PRO_21,Force regression,F_ML_PRO_44,0.000620460807863209,14
auto-pytorch,predict_F_ML_PRO_20pct_F_ML_PRO_21,Force regression,F_ML_PRO_45,0.00032679136180215415,29
auto-pytorch,predict_F_ML_PRO_20pct_F_ML_PRO_21,Force regression,F_ML_PRO_46,0.00014741702046659275,50
auto-pytorch,predict_F_ML_PRO_20pct_F_ML_PRO_21,Force regression,F_ML_PRO_47,0.00024221839714381452,36
auto-pytorch,predict_F_ML_PRO_20pct_F_ML_PRO_21,Force regression,F_ML_PRO_48,0.0003760566843880545,24
auto-pytorch,predict_F_ML_PRO_20pct_F_ML_PRO_21,Force regression,F_ML_PRO_49,0.0003969696296585933,22
auto-pytorch,predict_F_ML_PRO_20pct_F_ML_PRO_21,Force regression,F_ML_PRO_50,0.00037423335760831836,25
auto-pytorch,predict_F_ML_PRO_20pct_F_ML_PRO_21,Force regression,F_ML_PRO_51,0.00026584297211633764,34
auto-pytorch,predict_F_ML_PRO_20pct_F_ML_PRO_21,Force regression,F_ML_PRO_52,0.00021081157815125282,40
auto-pytorch,predict_F_ML_PRO_20pct_F_ML_PRO_21,Force regression,F_ML_PRO_53,0.0001232165040241349,54
auto-pytorch,predict_F_ML_PRO_20pct_F_ML_PRO_21,Force regression,F_ML_PRO_54,7.904211680094383e-05,65
auto-pytorch,predict_F_ML_PRO_20pct_F_ML_PRO_21,Force regression,F_ML_PRO_55,6.155547416872467e-05,70
auto-pytorch,predict_F_ML_PRO_20pct_F_ML_PRO_21,Force regression,F_ML_PRO_56,5.9645635800228894e-05,73
auto-pytorch,predict_F_ML_PRO_20pct_F_ML_PRO_21,Force regression,F_ML_PRO_57,3.71336038741799e-05,78
auto-pytorch,predict_F_ML_PRO_20pct_F_ML_PRO_21,Force regression,F_ML_PRO_58,2.3187821937932125e-05,80
auto-pytorch,predict_F_ML_PRO_20pct_F_ML_PRO_21,Force regression,F_ML_PRO_59,6.134650028414176e-05,71
auto-pytorch,predict_F_ML_PRO_20pct_F_ML_PRO_21,Force regression,F_ML_PRO_60,6.078364451726289e-05,72
auto-pytorch,predict_F_ML_PRO_20pct_F_ML_PRO_21,Force regression,F_ML_PRO_61,8.185818087723551e-05,64
auto-pytorch,predict_F_ML_PRO_20pct_F_ML_PRO_21,Force regression,F_ML_PRO_62,5.8705904003646674e-05,74
auto-pytorch,predict_F_ML_PRO_20pct_F_ML_PRO_21,Force regression,F_ML_PRO_63,7.528355759051081e-05,68
auto-pytorch,predict_F_ML_PRO_20pct_F_ML_PRO_21,Force regression,F_ML_PRO_64,7.89585552281802e-05,66
auto-pytorch,predict_F_ML_PRO_20pct_F_ML_PRO_21,Force regression,F_ML_PRO_65,0.00019947499326533746,43
auto-pytorch,predict_F_ML_PRO_20pct_F_ML_PRO_21,Force regression,F_ML_PRO_66,0.00031937790579266014,30
auto-pytorch,predict_F_ML_PRO_20pct_F_ML_PRO_21,Force regression,F_ML_PRO_67,0.0003594249553150601,26
auto-pytorch,predict_F_ML_PRO_20pct_F_ML_PRO_21,Force regression,F_ML_PRO_68,0.0005428267700804605,17
auto-pytorch,predict_F_ML_PRO_20pct_F_ML_PRO_21,Force regression,F_ML_PRO_69,0.00047037978221972805,19
auto-pytorch,predict_F_ML_PRO_20pct_F_ML_PRO_21,Force regression,F_ML_PRO_70,0.00038474033607376957,23
auto-pytorch,predict_F_ML_PRO_20pct_F_ML_PRO_21,Force regression,F_ML_PRO_71,0.0003339547072019845,27
auto-pytorch,predict_F_ML_PRO_20pct_F_ML_PRO_21,Force regression,F_ML_PRO_72,0.00020586748628152708,42
auto-pytorch,predict_F_ML_PRO_20pct_F_ML_PRO_21,Force regression,F_ML_PRO_73,0.00014546870191892017,51
auto-pytorch,predict_F_ML_PRO_20pct_F_ML_PRO_21,Force regression,F_ML_PRO_74,0.00010081999500592539,59
auto-pytorch,predict_F_ML_PRO_20pct_F_ML_PRO_21,Force regression,F_ML_PRO_75,0.00011826504063275123,56
auto-pytorch,predict_F_ML_PRO_20pct_F_ML_PRO_21,Force regression,F_ML_PRO_76,0.0001226701951689187,55
auto-pytorch,predict_F_ML_PRO_20pct_F_ML_PRO_21,Force regression,F_ML_PRO_77,0.0001898196558985445,44
auto-pytorch,predict_F_ML_PRO_20pct_F_ML_PRO_21,Force regression,F_ML_PRO_78,0.0002060088908506768,41
auto-pytorch,predict_F_ML_PRO_20pct_F_ML_PRO_21,Force regression,F_ML_PRO_79,0.00015998029501901708,49
auto-pytorch,predict_F_ML_PRO_20pct_F_ML_PRO_21,Force regression,F_ML_PRO_80,0.00027595717708269694,33
auto-pytorch,predict_F_ML_PRO_20pct_F_ML_PRO_21,Force regression,F_ML_PRO_81,0.00025853059068322177,35
auto-pytorch,predict_F_ML_PRO_20pct_F_ML_PRO_21,Force regression,F_ML_PRO_82,0.00012823516089055298,52
auto-pytorch,predict_F_ML_PRO_20pct_F_ML_PRO_21,Force regression,F_ML_PRO_83,0.00012710515575276447,53
auto-pytorch,predict_F_ML_PRO_20pct_F_ML_PRO_21,Force regression,F_ML_PRO_84,7.7817357662652e-05,67
auto-pytorch,predict_F_ML_PRO_20pct_F_ML_PRO_21,Force regression,F_ML_PRO_85,6.593657864464626e-05,69
auto-pytorch,predict_F_ML_PRO_20pct_F_ML_PRO_21,Force regression,F_ML_PRO_86,0.00011630190039674423,57
auto-pytorch,predict_F_ML_PRO_20pct_F_ML_PRO_21,Force regression,F_ML_PRO_87,9.525208920240438e-05,61
auto-pytorch,predict_F_ML_PRO_20pct_F_ML_PRO_21,Force regression,F_ML_PRO_88,8.879979989594848e-05,63
auto-pytorch,predict_F_ML_PRO_20pct_F_ML_PRO_21,Force regression,F_ML_PRO_89,5.3701194624105745e-05,76
auto-pytorch,predict_F_ML_PRO_20pct_F_ML_PRO_21,Force regression,F_ML_PRO_90,3.403188702132994e-05,79
auto-pytorch,predict_F_ML_PRO_20pct_F_ML_PRO_21,Force regression,F_ML_PRO_91,0.00016045310679409222,48
auto-pytorch,predict_F_ML_PRO_20pct_F_ML_PRO_21,Force regression,F_ML_PRO_92,0.00029821422613329356,31
auto-pytorch,predict_F_ML_PRO_20pct_F_ML_PRO_21,Force regression,F_ML_PRO_93,0.0005697040992478534,16
auto-pytorch,predict_F_ML_PRO_20pct_F_ML_PRO_21,Force regression,F_ML_PRO_94,0.0007090097910000215,11
auto-pytorch,predict_F_ML_PRO_20pct_F_ML_PRO_21,Force regression,F_ML_PRO_95,0.0005809747957521013,15
auto-pytorch,predict_F_ML_PRO_20pct_F_ML_PRO_21,Force regression,F_ML_PRO_96,0.000280806004173226,32
auto-pytorch,predict_F_ML_PRO_20pct_F_ML_PRO_21,Force regression,F_ML_PRO_97,9.493630296654156e-05,62
auto-pytorch,predict_F_ML_PRO_20pct_F_ML_PRO_21,Force regression,F_ML_PRO_98,0.00011043393860260602,58
auto-pytorch,predict_F_ML_PRO_20pct_F_ML_PRO_21,Force regression,F_ML_PRO_99,4.551935154530745e-05,77
auto-pytorch,predict_F_ML_PRO_20pct_F_ML_PRO_21,Force regression,F_ML_PRO_100,0.0001812994053794279,46
auto-pytorch,predict_F_ML_PRO_20pct_F_ML_PRO_21,Force regression,F_ML_PRO_101,0.0008481312870151466,6
auto-pytorch,predict_F_ML_PRO_40pct_F_ML_PRO_41,Force regression,F_ML_PRO_1,4.298922357459871e-05,69
auto-pytorch,predict_F_ML_PRO_40pct_F_ML_PRO_41,Force regression,F_ML_PRO_2,6.756570397151838e-05,58
auto-pytorch,predict_F_ML_PRO_40pct_F_ML_PRO_41,Force regression,F_ML_PRO_3,8.540693360070404e-05,48
auto-pytorch,predict_F_ML_PRO_40pct_F_ML_PRO_41,Force regression,F_ML_PRO_4,9.791014571156781e-05,43
auto-pytorch,predict_F_ML_PRO_40pct_F_ML_PRO_41,Force regression,F_ML_PRO_5,8.052812909914377e-05,50
auto-pytorch,predict_F_ML_PRO_40pct_F_ML_PRO_41,Force regression,F_ML_PRO_6,0.0003691515959799287,7
auto-pytorch,predict_F_ML_PRO_40pct_F_ML_PRO_41,Force regression,F_ML_PRO_7,0.0003617854697836771,8
auto-pytorch,predict_F_ML_PRO_40pct_F_ML_PRO_41,Force regression,F_ML_PRO_8,0.00017261760495603063,24
auto-pytorch,predict_F_ML_PRO_40pct_F_ML_PRO_41,Force regression,F_ML_PRO_9,0.0002940242963118685,14
auto-pytorch,predict_F_ML_PRO_40pct_F_ML_PRO_41,Force regression,F_ML_PRO_10,0.00024048685799870227,17
auto-pytorch,predict_F_ML_PRO_40pct_F_ML_PRO_41,Force regression,F_ML_PRO_11,8.872793118158957e-05,45
auto-pytorch,predict_F_ML_PRO_40pct_F_ML_PRO_41,Force regression,F_ML_PRO_12,0.0003167668142252499,13
auto-pytorch,predict_F_ML_PRO_40pct_F_ML_PRO_41,Force regression,F_ML_PRO_13,0.00034398341344462496,10
auto-pytorch,predict_F_ML_PRO_40pct_F_ML_PRO_41,Force regression,F_ML_PRO_14,0.00018324915319681176,20
auto-pytorch,predict_F_ML_PRO_40pct_F_ML_PRO_41,Force regression,F_ML_PRO_15,4.4240003037783936e-05,68
auto-pytorch,predict_F_ML_PRO_40pct_F_ML_PRO_41,Force regression,F_ML_PRO_16,0.00011494707336856237,37
auto-pytorch,predict_F_ML_PRO_40pct_F_ML_PRO_41,Force regression,F_ML_PRO_17,0.00024665239887932923,16
auto-pytorch,predict_F_ML_PRO_40pct_F_ML_PRO_41,Force regression,F_ML_PRO_18,0.0003741876261515751,6
auto-pytorch,predict_F_ML_PRO_40pct_F_ML_PRO_41,Force regression,F_ML_PRO_19,0.00033855614666309606,12
auto-pytorch,predict_F_ML_PRO_40pct_F_ML_PRO_41,Force regression,F_ML_PRO_20,0.00023234292533662603,18
auto-pytorch,predict_F_ML_PRO_40pct_F_ML_PRO_41,Force regression,F_ML_PRO_21,0.00014805223896271656,30
auto-pytorch,predict_F_ML_PRO_40pct_F_ML_PRO_41,Force regression,F_ML_PRO_22,0.00013294243129591163,35
auto-pytorch,predict_F_ML_PRO_40pct_F_ML_PRO_41,Force regression,F_ML_PRO_23,8.137082101570242e-05,49
auto-pytorch,predict_F_ML_PRO_40pct_F_ML_PRO_41,Force regression,F_ML_PRO_24,7.242804620828857e-05,53
auto-pytorch,predict_F_ML_PRO_40pct_F_ML_PRO_41,Force regression,F_ML_PRO_25,6.248993281688953e-05,62
auto-pytorch,predict_F_ML_PRO_40pct_F_ML_PRO_41,Force regression,F_ML_PRO_26,0.00012030381812817483,36
auto-pytorch,predict_F_ML_PRO_40pct_F_ML_PRO_41,Force regression,F_ML_PRO_27,7.427854401369891e-05,52
auto-pytorch,predict_F_ML_PRO_40pct_F_ML_PRO_41,Force regression,F_ML_PRO_28,0.00010401247855689788,42
auto-pytorch,predict_F_ML_PRO_40pct_F_ML_PRO_41,Force regression,F_ML_PRO_29,0.0003922474899639687,5
auto-pytorch,predict_F_ML_PRO_40pct_F_ML_PRO_41,Force regression,F_ML_PRO_30,0.0008733298379100034,2
auto-pytorch,predict_F_ML_PRO_40pct_F_ML_PRO_41,Force regression,F_ML_PRO_52,0.0010850236684911778,1
auto-pytorch,predict_F_ML_PRO_40pct_F_ML_PRO_41,Force regression,F_ML_PRO_53,0.0006344389021396639,4
auto-pytorch,predict_F_ML_PRO_40pct_F_ML_PRO_41,Force regression,F_ML_PRO_54,0.0003419548107518094,11
auto-pytorch,predict_F_ML_PRO_40pct_F_ML_PRO_41,Force regression,F_ML_PRO_55,0.00017955102709432447,21
auto-pytorch,predict_F_ML_PRO_40pct_F_ML_PRO_41,Force regression,F_ML_PRO_56,0.0001090160962194204,39
auto-pytorch,predict_F_ML_PRO_40pct_F_ML_PRO_41,Force regression,F_ML_PRO_57,4.1407000687386785e-05,70
auto-pytorch,predict_F_ML_PRO_40pct_F_ML_PRO_41,Force regression,F_ML_PRO_58,3.0786432946721374e-05,74
auto-pytorch,predict_F_ML_PRO_40pct_F_ML_PRO_41,Force regression,F_ML_PRO_59,3.181172493431295e-05,73
auto-pytorch,predict_F_ML_PRO_40pct_F_ML_PRO_41,Force regression,F_ML_PRO_60,2.1390660562448985e-05,79
auto-pytorch,predict_F_ML_PRO_40pct_F_ML_PRO_41,Force regression,F_ML_PRO_61,7.02008044140207e-05,56
auto-pytorch,predict_F_ML_PRO_40pct_F_ML_PRO_41,Force regression,F_ML_PRO_62,9.662868599924803e-05,44
auto-pytorch,predict_F_ML_PRO_40pct_F_ML_PRO_41,Force regression,F_ML_PRO_63,7.122400672071503e-05,54
auto-pytorch,predict_F_ML_PRO_40pct_F_ML_PRO_41,Force regression,F_ML_PRO_64,0.00013644741951591416,32
auto-pytorch,predict_F_ML_PRO_40pct_F_ML_PRO_41,Force regression,F_ML_PRO_65,0.00017946366551849552,22
auto-pytorch,predict_F_ML_PRO_40pct_F_ML_PRO_41,Force regression,F_ML_PRO_66,0.00013394990542696592,34
auto-pytorch,predict_F_ML_PRO_40pct_F_ML_PRO_41,Force regression,F_ML_PRO_67,0.0001399061921983962,31
auto-pytorch,predict_F_ML_PRO_40pct_F_ML_PRO_41,Force regression,F_ML_PRO_68,0.0002572215375387005,15
auto-pytorch,predict_F_ML_PRO_40pct_F_ML_PRO_41,Force regression,F_ML_PRO_69,0.0001595806504289307,27
auto-pytorch,predict_F_ML_PRO_40pct_F_ML_PRO_41,Force regression,F_ML_PRO_70,0.00011022401414811598,38
auto-pytorch,predict_F_ML_PRO_40pct_F_ML_PRO_41,Force regression,F_ML_PRO_71,8.851876337495084e-05,47
auto-pytorch,predict_F_ML_PRO_40pct_F_ML_PRO_41,Force regression,F_ML_PRO_72,4.684427132209143e-05,65
auto-pytorch,predict_F_ML_PRO_40pct_F_ML_PRO_41,Force regression,F_ML_PRO_73,3.046902538173732e-05,75
auto-pytorch,predict_F_ML_PRO_40pct_F_ML_PRO_41,Force regression,F_ML_PRO_74,3.5486829984519506e-05,72
auto-pytorch,predict_F_ML_PRO_40pct_F_ML_PRO_41,Force regression,F_ML_PRO_75,2.5548211609323665e-05,76
auto-pytorch,predict_F_ML_PRO_40pct_F_ML_PRO_41,Force regression,F_ML_PRO_76,2.3907341890864635e-05,77
auto-pytorch,predict_F_ML_PRO_40pct_F_ML_PRO_41,Force regression,F_ML_PRO_77,3.5560645370019834e-05,71
auto-pytorch,predict_F_ML_PRO_40pct_F_ML_PRO_41,Force regression,F_ML_PRO_78,4.505533186925782e-05,67
auto-pytorch,predict_F_ML_PRO_40pct_F_ML_PRO_41,Force regression,F_ML_PRO_79,0.00010706376532713543,40
auto-pytorch,predict_F_ML_PRO_40pct_F_ML_PRO_41,Force regression,F_ML_PRO_80,0.00015827209605938887,28
auto-pytorch,predict_F_ML_PRO_40pct_F_ML_PRO_41,Force regression,F_ML_PRO_81,0.00013553071104817894,33
auto-pytorch,predict_F_ML_PRO_40pct_F_ML_PRO_41,Force regression,F_ML_PRO_82,0.00015650297494398238,29
auto-pytorch,predict_F_ML_PRO_40pct_F_ML_PRO_41,Force regression,F_ML_PRO_83,0.00018787363482018315,19
auto-pytorch,predict_F_ML_PRO_40pct_F_ML_PRO_41,Force regression,F_ML_PRO_84,0.00017291121681531295,23
auto-pytorch,predict_F_ML_PRO_40pct_F_ML_PRO_41,Force regression,F_ML_PRO_85,0.00010415701899263601,41
auto-pytorch,predict_F_ML_PRO_40pct_F_ML_PRO_41,Force regression,F_ML_PRO_86,2.2916605282160414e-05,78
auto-pytorch,predict_F_ML_PRO_40pct_F_ML_PRO_41,Force regression,F_ML_PRO_87,1.7236741466654384e-05,80
auto-pytorch,predict_F_ML_PRO_40pct_F_ML_PRO_41,Force regression,F_ML_PRO_88,5.78917844427959e-05,64
auto-pytorch,predict_F_ML_PRO_40pct_F_ML_PRO_41,Force regression,F_ML_PRO_89,6.555200347469927e-05,60
auto-pytorch,predict_F_ML_PRO_40pct_F_ML_PRO_41,Force regression,F_ML_PRO_90,5.946747772395623e-05,63
auto-pytorch,predict_F_ML_PRO_40pct_F_ML_PRO_41,Force regression,F_ML_PRO_91,6.337527765168094e-05,61
auto-pytorch,predict_F_ML_PRO_40pct_F_ML_PRO_41,Force regression,F_ML_PRO_92,8.854749033020616e-05,46
auto-pytorch,predict_F_ML_PRO_40pct_F_ML_PRO_41,Force regression,F_ML_PRO_93,4.6542876710494345e-05,66
auto-pytorch,predict_F_ML_PRO_40pct_F_ML_PRO_41,Force regression,F_ML_PRO_94,6.62917374736732e-05,59
auto-pytorch,predict_F_ML_PRO_40pct_F_ML_PRO_41,Force regression,F_ML_PRO_95,7.937771185404721e-05,51
auto-pytorch,predict_F_ML_PRO_40pct_F_ML_PRO_41,Force regression,F_ML_PRO_96,0.00016086022783484724,26
auto-pytorch,predict_F_ML_PRO_40pct_F_ML_PRO_41,Force regression,F_ML_PRO_97,0.00016116432266102904,25
auto-pytorch,predict_F_ML_PRO_40pct_F_ML_PRO_41,Force regression,F_ML_PRO_98,6.779196713533678e-05,57
auto-pytorch,predict_F_ML_PRO_40pct_F_ML_PRO_41,Force regression,F_ML_PRO_99,7.071732439928594e-05,55
auto-pytorch,predict_F_ML_PRO_40pct_F_ML_PRO_41,Force regression,F_ML_PRO_100,0.0003516783025115728,9
auto-pytorch,predict_F_ML_PRO_40pct_F_ML_PRO_41,Force regression,F_ML_PRO_101,0.0007729437725825441,3
auto-pytorch,predict_F_ML_PRO_60pct_F_ML_PRO_61,Force regression,F_ML_PRO_1,0.0001518988725211885,22
auto-pytorch,predict_F_ML_PRO_60pct_F_ML_PRO_61,Force regression,F_ML_PRO_2,5.565078370273166e-05,63
auto-pytorch,predict_F_ML_PRO_60pct_F_ML_PRO_61,Force regression,F_ML_PRO_3,0.00015633642487227902,20
auto-pytorch,predict_F_ML_PRO_60pct_F_ML_PRO_61,Force regression,F_ML_PRO_4,0.00023016023387511565,15
auto-pytorch,predict_F_ML_PRO_60pct_F_ML_PRO_61,Force regression,F_ML_PRO_5,8.672966808080689e-05,44
auto-pytorch,predict_F_ML_PRO_60pct_F_ML_PRO_61,Force regression,F_ML_PRO_6,3.6617395778497024e-05,73
auto-pytorch,predict_F_ML_PRO_60pct_F_ML_PRO_61,Force regression,F_ML_PRO_7,0.0001275100234068104,24
auto-pytorch,predict_F_ML_PRO_60pct_F_ML_PRO_61,Force regression,F_ML_PRO_8,0.00010545041950212603,32
auto-pytorch,predict_F_ML_PRO_60pct_F_ML_PRO_61,Force regression,F_ML_PRO_9,0.0002939629306395849,11
auto-pytorch,predict_F_ML_PRO_60pct_F_ML_PRO_61,Force regression,F_ML_PRO_10,0.0003254440114316012,7
auto-pytorch,predict_F_ML_PRO_60pct_F_ML_PRO_61,Force regression,F_ML_PRO_11,5.9291353035304744e-05,59
auto-pytorch,predict_F_ML_PRO_60pct_F_ML_PRO_61,Force regression,F_ML_PRO_12,0.00012108542087177435,26
auto-pytorch,predict_F_ML_PRO_60pct_F_ML_PRO_61,Force regression,F_ML_PRO_13,0.00025327213894989756,14
auto-pytorch,predict_F_ML_PRO_60pct_F_ML_PRO_61,Force regression,F_ML_PRO_14,0.00015472422229746978,21
auto-pytorch,predict_F_ML_PRO_60pct_F_ML_PRO_61,Force regression,F_ML_PRO_15,4.1858378797769625e-05,71
auto-pytorch,predict_F_ML_PRO_60pct_F_ML_PRO_61,Force regression,F_ML_PRO_16,4.812090699043523e-05,67
auto-pytorch,predict_F_ML_PRO_60pct_F_ML_PRO_61,Force regression,F_ML_PRO_17,0.0001116729469762908,29
auto-pytorch,predict_F_ML_PRO_60pct_F_ML_PRO_61,Force regression,F_ML_PRO_18,9.926563397877751e-05,36
auto-pytorch,predict_F_ML_PRO_60pct_F_ML_PRO_61,Force regression,F_ML_PRO_19,4.976286821895171e-05,66
auto-pytorch,predict_F_ML_PRO_60pct_F_ML_PRO_61,Force regression,F_ML_PRO_20,5.5847545671794184e-05,62
auto-pytorch,predict_F_ML_PRO_60pct_F_ML_PRO_61,Force regression,F_ML_PRO_21,6.424393773906755e-05,55
auto-pytorch,predict_F_ML_PRO_60pct_F_ML_PRO_61,Force regression,F_ML_PRO_22,8.66486248042847e-05,45
auto-pytorch,predict_F_ML_PRO_60pct_F_ML_PRO_61,Force regression,F_ML_PRO_23,7.678520224160627e-05,51
auto-pytorch,predict_F_ML_PRO_60pct_F_ML_PRO_61,Force regression,F_ML_PRO_24,9.02509484440088e-05,43
auto-pytorch,predict_F_ML_PRO_60pct_F_ML_PRO_61,Force regression,F_ML_PRO_25,2.9855786719255948e-05,78
auto-pytorch,predict_F_ML_PRO_60pct_F_ML_PRO_61,Force regression,F_ML_PRO_26,4.677927204304259e-05,68
auto-pytorch,predict_F_ML_PRO_60pct_F_ML_PRO_61,Force regression,F_ML_PRO_27,0.0001046466498325268,33
auto-pytorch,predict_F_ML_PRO_60pct_F_ML_PRO_61,Force regression,F_ML_PRO_28,0.0001113746269709536,30
auto-pytorch,predict_F_ML_PRO_60pct_F_ML_PRO_61,Force regression,F_ML_PRO_29,9.519950507415643e-05,39
auto-pytorch,predict_F_ML_PRO_60pct_F_ML_PRO_61,Force regression,F_ML_PRO_30,7.455579212142351e-05,53
auto-pytorch,predict_F_ML_PRO_60pct_F_ML_PRO_61,Force regression,F_ML_PRO_31,5.720140060616886e-05,60
auto-pytorch,predict_F_ML_PRO_60pct_F_ML_PRO_61,Force regression,F_ML_PRO_32,2.903041450513738e-05,79
auto-pytorch,predict_F_ML_PRO_60pct_F_ML_PRO_61,Force regression,F_ML_PRO_33,3.659951314330088e-05,74
auto-pytorch,predict_F_ML_PRO_60pct_F_ML_PRO_61,Force regression,F_ML_PRO_34,6.313717385960927e-05,57
auto-pytorch,predict_F_ML_PRO_60pct_F_ML_PRO_61,Force regression,F_ML_PRO_35,9.946995911498849e-05,35
auto-pytorch,predict_F_ML_PRO_60pct_F_ML_PRO_61,Force regression,F_ML_PRO_36,9.038625285029429e-05,42
auto-pytorch,predict_F_ML_PRO_60pct_F_ML_PRO_61,Force regression,F_ML_PRO_37,3.901251053644565e-05,72
auto-pytorch,predict_F_ML_PRO_60pct_F_ML_PRO_61,Force regression,F_ML_PRO_38,3.627330623567135e-05,75
auto-pytorch,predict_F_ML_PRO_60pct_F_ML_PRO_61,Force regression,F_ML_PRO_39,4.2915557614631015e-05,70
auto-pytorch,predict_F_ML_PRO_60pct_F_ML_PRO_61,Force regression,F_ML_PRO_40,6.261105090379716e-05,58
auto-pytorch,predict_F_ML_PRO_60pct_F_ML_PRO_61,Force regression,F_ML_PRO_41,5.6306419894099247e-05,61
auto-pytorch,predict_F_ML_PRO_60pct_F_ML_PRO_61,Force regression,F_ML_PRO_42,3.4393317376573984e-05,76
auto-pytorch,predict_F_ML_PRO_60pct_F_ML_PRO_61,Force regression,F_ML_PRO_43,6.399621711009083e-05,56
auto-pytorch,predict_F_ML_PRO_60pct_F_ML_PRO_61,Force regression,F_ML_PRO_44,9.859893760747345e-05,37
auto-pytorch,predict_F_ML_PRO_60pct_F_ML_PRO_61,Force regression,F_ML_PRO_45,7.758995952705555e-05,50
auto-pytorch,predict_F_ML_PRO_60pct_F_ML_PRO_61,Force regression,F_ML_PRO_46,7.859838774634727e-05,48
auto-pytorch,predict_F_ML_PRO_60pct_F_ML_PRO_61,Force regression,F_ML_PRO_47,0.0001240920517593622,25
auto-pytorch,predict_F_ML_PRO_60pct_F_ML_PRO_61,Force regression,F_ML_PRO_48,0.00035500352250205145,5
auto-pytorch,predict_F_ML_PRO_60pct_F_ML_PRO_61,Force regression,F_ML_PRO_49,0.0009738653488457206,3
auto-pytorch,predict_F_ML_PRO_60pct_F_ML_PRO_61,Force regression,F_ML_PRO_50,0.001676924196589324,2
auto-pytorch,predict_F_ML_PRO_60pct_F_ML_PRO_61,Force regression,F_ML_PRO_72,0.001704596516572767,1
auto-pytorch,predict_F_ML_PRO_60pct_F_ML_PRO_61,Force regression,F_ML_PRO_73,0.0005984457474615838,4
auto-pytorch,predict_F_ML_PRO_60pct_F_ML_PRO_61,Force regression,F_ML_PRO_74,0.00011886662534541549,27
auto-pytorch,predict_F_ML_PRO_60pct_F_ML_PRO_61,Force regression,F_ML_PRO_75,0.00014305404139061786,23
auto-pytorch,predict_F_ML_PRO_60pct_F_ML_PRO_61,Force regression,F_ML_PRO_76,0.00021053424891498358,17
auto-pytorch,predict_F_ML_PRO_60pct_F_ML_PRO_61,Force regression,F_ML_PRO_77,0.00026919684414234427,12
auto-pytorch,predict_F_ML_PRO_60pct_F_ML_PRO_61,Force regression,F_ML_PRO_78,0.0002949262923664518,10
auto-pytorch,predict_F_ML_PRO_60pct_F_ML_PRO_61,Force regression,F_ML_PRO_79,0.0001642632153299119,19
auto-pytorch,predict_F_ML_PRO_60pct_F_ML_PRO_61,Force regression,F_ML_PRO_80,6.93577828092711e-05,54
auto-pytorch,predict_F_ML_PRO_60pct_F_ML_PRO_61,Force regression,F_ML_PRO_81,0.00011462142152918719,28
auto-pytorch,predict_F_ML_PRO_60pct_F_ML_PRO_61,Force regression,F_ML_PRO_82,0.000258990670243899,13
auto-pytorch,predict_F_ML_PRO_60pct_F_ML_PRO_61,Force regression,F_ML_PRO_83,0.00034128710006674126,6
auto-pytorch,predict_F_ML_PRO_60pct_F_ML_PRO_61,Force regression,F_ML_PRO_84,0.00032320324704051,8
auto-pytorch,predict_F_ML_PRO_60pct_F_ML_PRO_61,Force regression,F_ML_PRO_85,0.0002989148104356392,9
auto-pytorch,predict_F_ML_PRO_60pct_F_ML_PRO_61,Force regression,F_ML_PRO_86,0.00022994331663681375,16
auto-pytorch,predict_F_ML_PRO_60pct_F_ML_PRO_61,Force regression,F_ML_PRO_87,0.00017768865368432486,18
auto-pytorch,predict_F_ML_PRO_60pct_F_ML_PRO_61,Force regression,F_ML_PRO_88,0.00010233735686375016,34
auto-pytorch,predict_F_ML_PRO_60pct_F_ML_PRO_61,Force regression,F_ML_PRO_89,5.534132694204658e-05,64
auto-pytorch,predict_F_ML_PRO_60pct_F_ML_PRO_61,Force regression,F_ML_PRO_90,3.0643700725502435e-05,77
auto-pytorch,predict_F_ML_PRO_60pct_F_ML_PRO_61,Force regression,F_ML_PRO_91,7.809601082570025e-05,49
auto-pytorch,predict_F_ML_PRO_60pct_F_ML_PRO_61,Force regression,F_ML_PRO_92,0.00010861407965421659,31
auto-pytorch,predict_F_ML_PRO_60pct_F_ML_PRO_61,Force regression,F_ML_PRO_93,9.065208791030772e-05,41
auto-pytorch,predict_F_ML_PRO_60pct_F_ML_PRO_61,Force regression,F_ML_PRO_94,7.528582608534204e-05,52
auto-pytorch,predict_F_ML_PRO_60pct_F_ML_PRO_61,Force regression,F_ML_PRO_95,4.334491615494074e-05,69
auto-pytorch,predict_F_ML_PRO_60pct_F_ML_PRO_61,Force regression,F_ML_PRO_96,2.79966265790994e-05,80
auto-pytorch,predict_F_ML_PRO_60pct_F_ML_PRO_61,Force regression,F_ML_PRO_97,5.2315126276678394e-05,65
auto-pytorch,predict_F_ML_PRO_60pct_F_ML_PRO_61,Force regression,F_ML_PRO_98,9.275752678513517e-05,40
auto-pytorch,predict_F_ML_PRO_60pct_F_ML_PRO_61,Force regression,F_ML_PRO_99,8.256937853164153e-05,46
auto-pytorch,predict_F_ML_PRO_60pct_F_ML_PRO_61,Force regression,F_ML_PRO_100,8.00036202288335e-05,47
auto-pytorch,predict_F_ML_PRO_60pct_F_ML_PRO_61,Force regression,F_ML_PRO_101,9.563140529725289e-05,38
auto-pytorch,predict_F_ML_PRO_80pct_F_ML_PRO_81,Force regression,F_ML_PRO_1,0.0004730975941703139,21
auto-pytorch,predict_F_ML_PRO_80pct_F_ML_PRO_81,Force regression,F_ML_PRO_2,0.0004371432518204931,22
auto-pytorch,predict_F_ML_PRO_80pct_F_ML_PRO_81,Force regression,F_ML_PRO_3,0.0002352445938417481,32
auto-pytorch,predict_F_ML_PRO_80pct_F_ML_PRO_81,Force regression,F_ML_PRO_4,3.329928352670541e-05,77
auto-pytorch,predict_F_ML_PRO_80pct_F_ML_PRO_81,Force regression,F_ML_PRO_5,0.0003004796577410565,28
auto-pytorch,predict_F_ML_PRO_80pct_F_ML_PRO_81,Force regression,F_ML_PRO_6,0.0007173524369071759,13
auto-pytorch,predict_F_ML_PRO_80pct_F_ML_PRO_81,Force regression,F_ML_PRO_7,0.0008024121898116494,11
auto-pytorch,predict_F_ML_PRO_80pct_F_ML_PRO_81,Force regression,F_ML_PRO_8,0.0008580592651334073,9
auto-pytorch,predict_F_ML_PRO_80pct_F_ML_PRO_81,Force regression,F_ML_PRO_9,0.00035538263512878784,26
auto-pytorch,predict_F_ML_PRO_80pct_F_ML_PRO_81,Force regression,F_ML_PRO_10,7.304342091083532e-05,69
auto-pytorch,predict_F_ML_PRO_80pct_F_ML_PRO_81,Force regression,F_ML_PRO_11,5.427130237351047e-05,73
auto-pytorch,predict_F_ML_PRO_80pct_F_ML_PRO_81,Force regression,F_ML_PRO_12,5.626343092363752e-05,72
auto-pytorch,predict_F_ML_PRO_80pct_F_ML_PRO_81,Force regression,F_ML_PRO_13,0.0002326783847270739,33
auto-pytorch,predict_F_ML_PRO_80pct_F_ML_PRO_81,Force regression,F_ML_PRO_14,0.00018032745969119595,43
auto-pytorch,predict_F_ML_PRO_80pct_F_ML_PRO_81,Force regression,F_ML_PRO_15,0.00014389879960799573,52
auto-pytorch,predict_F_ML_PRO_80pct_F_ML_PRO_81,Force regression,F_ML_PRO_16,9.377143035332373e-05,63
auto-pytorch,predict_F_ML_PRO_80pct_F_ML_PRO_81,Force regression,F_ML_PRO_17,0.00013419330148675113,55
auto-pytorch,predict_F_ML_PRO_80pct_F_ML_PRO_81,Force regression,F_ML_PRO_18,0.00015004257461340688,51
auto-pytorch,predict_F_ML_PRO_80pct_F_ML_PRO_81,Force regression,F_ML_PRO_19,8.008835402627807e-05,67
auto-pytorch,predict_F_ML_PRO_80pct_F_ML_PRO_81,Force regression,F_ML_PRO_20,0.00010350474171961321,62
auto-pytorch,predict_F_ML_PRO_80pct_F_ML_PRO_81,Force regression,F_ML_PRO_21,0.00019555274133260076,40
auto-pytorch,predict_F_ML_PRO_80pct_F_ML_PRO_81,Force regression,F_ML_PRO_22,0.00015767339679587176,49
auto-pytorch,predict_F_ML_PRO_80pct_F_ML_PRO_81,Force regression,F_ML_PRO_23,0.00011707546298081642,59
auto-pytorch,predict_F_ML_PRO_80pct_F_ML_PRO_81,Force regression,F_ML_PRO_24,2.172298732006675e-05,80
auto-pytorch,predict_F_ML_PRO_80pct_F_ML_PRO_81,Force regression,F_ML_PRO_25,0.0001253110925123718,57
auto-pytorch,predict_F_ML_PRO_80pct_F_ML_PRO_81,Force regression,F_ML_PRO_26,0.0001595879384937382,46
auto-pytorch,predict_F_ML_PRO_80pct_F_ML_PRO_81,Force regression,F_ML_PRO_27,0.00012993280464110692,56
auto-pytorch,predict_F_ML_PRO_80pct_F_ML_PRO_81,Force regression,F_ML_PRO_28,0.00011333168171687363,60
auto-pytorch,predict_F_ML_PRO_80pct_F_ML_PRO_81,Force regression,F_ML_PRO_29,5.765948154860086e-05,70
auto-pytorch,predict_F_ML_PRO_80pct_F_ML_PRO_81,Force regression,F_ML_PRO_30,0.0001717283444352991,44
auto-pytorch,predict_F_ML_PRO_80pct_F_ML_PRO_81,Force regression,F_ML_PRO_31,0.00023738278580640298,31
auto-pytorch,predict_F_ML_PRO_80pct_F_ML_PRO_81,Force regression,F_ML_PRO_32,0.0002164882236781215,37
auto-pytorch,predict_F_ML_PRO_80pct_F_ML_PRO_81,Force regression,F_ML_PRO_33,0.00018144098009603718,42
auto-pytorch,predict_F_ML_PRO_80pct_F_ML_PRO_81,Force regression,F_ML_PRO_34,0.00021665339389195017,36
auto-pytorch,predict_F_ML_PRO_80pct_F_ML_PRO_81,Force regression,F_ML_PRO_35,0.0001373802885257949,54
auto-pytorch,predict_F_ML_PRO_80pct_F_ML_PRO_81,Force regression,F_ML_PRO_36,3.521686378452496e-05,76
auto-pytorch,predict_F_ML_PRO_80pct_F_ML_PRO_81,Force regression,F_ML_PRO_37,8.632000747861137e-05,65
auto-pytorch,predict_F_ML_PRO_80pct_F_ML_PRO_81,Force regression,F_ML_PRO_38,0.00022749260675886414,34
auto-pytorch,predict_F_ML_PRO_80pct_F_ML_PRO_81,Force regression,F_ML_PRO_39,0.0002500875845241049,30
auto-pytorch,predict_F_ML_PRO_80pct_F_ML_PRO_81,Force regression,F_ML_PRO_40,0.00021512779184720585,38
auto-pytorch,predict_F_ML_PRO_80pct_F_ML_PRO_81,Force regression,F_ML_PRO_41,0.00015259791592446475,50
auto-pytorch,predict_F_ML_PRO_80pct_F_ML_PRO_81,Force regression,F_ML_PRO_42,0.00010937151762967325,61
auto-pytorch,predict_F_ML_PRO_80pct_F_ML_PRO_81,Force regression,F_ML_PRO_43,2.9570632200274044e-05,78
auto-pytorch,predict_F_ML_PRO_80pct_F_ML_PRO_81,Force regression,F_ML_PRO_44,4.4417030553126745e-05,75
auto-pytorch,predict_F_ML_PRO_80pct_F_ML_PRO_81,Force regression,F_ML_PRO_45,7.37775635595121e-05,68
auto-pytorch,predict_F_ML_PRO_80pct_F_ML_PRO_81,Force regression,F_ML_PRO_46,8.162303186125257e-05,66
auto-pytorch,predict_F_ML_PRO_80pct_F_ML_PRO_81,Force regression,F_ML_PRO_47,2.6459378267948586e-05,79
auto-pytorch,predict_F_ML_PRO_80pct_F_ML_PRO_81,Force regression,F_ML_PRO_48,5.644796553274803e-05,71
auto-pytorch,predict_F_ML_PRO_80pct_F_ML_PRO_81,Force regression,F_ML_PRO_49,4.7629213581482464e-05,74
auto-pytorch,predict_F_ML_PRO_80pct_F_ML_PRO_81,Force regression,F_ML_PRO_50,0.00014050312389412724,53
auto-pytorch,predict_F_ML_PRO_80pct_F_ML_PRO_81,Force regression,F_ML_PRO_51,0.00018798224824584248,41
auto-pytorch,predict_F_ML_PRO_80pct_F_ML_PRO_81,Force regression,F_ML_PRO_52,0.0001589171223652859,47
auto-pytorch,predict_F_ML_PRO_80pct_F_ML_PRO_81,Force regression,F_ML_PRO_53,0.00015865956847038528,48
auto-pytorch,predict_F_ML_PRO_80pct_F_ML_PRO_81,Force regression,F_ML_PRO_54,0.00016168258442646955,45
auto-pytorch,predict_F_ML_PRO_80pct_F_ML_PRO_81,Force regression,F_ML_PRO_55,0.00021482125811487807,39
auto-pytorch,predict_F_ML_PRO_80pct_F_ML_PRO_81,Force regression,F_ML_PRO_56,0.0003270484088376787,27
auto-pytorch,predict_F_ML_PRO_80pct_F_ML_PRO_81,Force regression,F_ML_PRO_57,0.0003802971770896366,25
auto-pytorch,predict_F_ML_PRO_80pct_F_ML_PRO_81,Force regression,F_ML_PRO_58,0.0003887640396909168,24
auto-pytorch,predict_F_ML_PRO_80pct_F_ML_PRO_81,Force regression,F_ML_PRO_59,0.0005086169238719677,20
auto-pytorch,predict_F_ML_PRO_80pct_F_ML_PRO_81,Force regression,F_ML_PRO_60,0.0005164097712582184,19
auto-pytorch,predict_F_ML_PRO_80pct_F_ML_PRO_81,Force regression,F_ML_PRO_61,0.0002220415436038617,35
auto-pytorch,predict_F_ML_PRO_80pct_F_ML_PRO_81,Force regression,F_ML_PRO_62,9.288073820183234e-05,64
auto-pytorch,predict_F_ML_PRO_80pct_F_ML_PRO_81,Force regression,F_ML_PRO_63,0.00043034183391783766,23
auto-pytorch,predict_F_ML_PRO_80pct_F_ML_PRO_81,Force regression,F_ML_PRO_64,0.000759458501150625,12
auto-pytorch,predict_F_ML_PRO_80pct_F_ML_PRO_81,Force regression,F_ML_PRO_65,0.0010592775433324276,8
auto-pytorch,predict_F_ML_PRO_80pct_F_ML_PRO_81,Force regression,F_ML_PRO_66,0.0011466813617072252,7
auto-pytorch,predict_F_ML_PRO_80pct_F_ML_PRO_81,Force regression,F_ML_PRO_67,0.0005903981865331945,16
auto-pytorch,predict_F_ML_PRO_80pct_F_ML_PRO_81,Force regression,F_ML_PRO_68,0.0008278187038118223,10
auto-pytorch,predict_F_ML_PRO_80pct_F_ML_PRO_81,Force regression,F_ML_PRO_69,0.0025172439758769346,3
auto-pytorch,predict_F_ML_PRO_80pct_F_ML_PRO_81,Force regression,F_ML_PRO_70,0.00483279733119222,1
auto-pytorch,predict_F_ML_PRO_80pct_F_ML_PRO_81,Force regression,F_ML_PRO_92,0.003334624242011665,2
auto-pytorch,predict_F_ML_PRO_80pct_F_ML_PRO_81,Force regression,F_ML_PRO_93,0.0013969446875982815,5
auto-pytorch,predict_F_ML_PRO_80pct_F_ML_PRO_81,Force regression,F_ML_PRO_94,0.0005943926525198751,15
auto-pytorch,predict_F_ML_PRO_80pct_F_ML_PRO_81,Force regression,F_ML_PRO_95,0.0015268698214656773,4
auto-pytorch,predict_F_ML_PRO_80pct_F_ML_PRO_81,Force regression,F_ML_PRO_96,0.0013015345168920856,6
auto-pytorch,predict_F_ML_PRO_80pct_F_ML_PRO_81,Force regression,F_ML_PRO_97,0.0005166939440532586,18
auto-pytorch,predict_F_ML_PRO_80pct_F_ML_PRO_81,Force regression,F_ML_PRO_98,0.00012010525824088171,58
auto-pytorch,predict_F_ML_PRO_80pct_F_ML_PRO_81,Force regression,F_ML_PRO_99,0.00028528878185898096,29
auto-pytorch,predict_F_ML_PRO_80pct_F_ML_PRO_81,Force regression,F_ML_PRO_100,0.0005289493036559886,17
auto-pytorch,predict_F_ML_PRO_80pct_F_ML_PRO_81,Force regression,F_ML_PRO_101,0.0006501871252742906,14
auto-pytorch,predict_F_V_PRO_20pct_F_V_PRO_21,Force regression,F_V_PRO_1,0.00043006974458695464,71
auto-pytorch,predict_F_V_PRO_20pct_F_V_PRO_21,Force regression,F_V_PRO_2,0.0008260126378801209,46
auto-pytorch,predict_F_V_PRO_20pct_F_V_PRO_21,Force regression,F_V_PRO_3,0.0005636130770047591,59
auto-pytorch,predict_F_V_PRO_20pct_F_V_PRO_21,Force regression,F_V_PRO_4,0.000518121898174288,62
auto-pytorch,predict_F_V_PRO_20pct_F_V_PRO_21,Force regression,F_V_PRO_5,0.0004337136877907636,70
auto-pytorch,predict_F_V_PRO_20pct_F_V_PRO_21,Force regression,F_V_PRO_6,0.0011415895952118734,41
auto-pytorch,predict_F_V_PRO_20pct_F_V_PRO_21,Force regression,F_V_PRO_7,0.0006895851691563876,53
auto-pytorch,predict_F_V_PRO_20pct_F_V_PRO_21,Force regression,F_V_PRO_8,0.0005279346572028209,61
auto-pytorch,predict_F_V_PRO_20pct_F_V_PRO_21,Force regression,F_V_PRO_9,0.0031427779926194084,27
auto-pytorch,predict_F_V_PRO_20pct_F_V_PRO_21,Force regression,F_V_PRO_10,0.006346714827749463,9
auto-pytorch,predict_F_V_PRO_20pct_F_V_PRO_21,Force regression,F_V_PRO_32,0.006137345638540054,10
auto-pytorch,predict_F_V_PRO_20pct_F_V_PRO_21,Force regression,F_V_PRO_33,0.0031692039039399908,25
auto-pytorch,predict_F_V_PRO_20pct_F_V_PRO_21,Force regression,F_V_PRO_34,0.0017473236852221974,36
auto-pytorch,predict_F_V_PRO_20pct_F_V_PRO_21,Force regression,F_V_PRO_35,0.00039770547548930113,74
auto-pytorch,predict_F_V_PRO_20pct_F_V_PRO_21,Force regression,F_V_PRO_36,0.0018459432986047467,35
auto-pytorch,predict_F_V_PRO_20pct_F_V_PRO_21,Force regression,F_V_PRO_37,0.004638637218210433,16
auto-pytorch,predict_F_V_PRO_20pct_F_V_PRO_21,Force regression,F_V_PRO_38,0.0067620568474133814,8
auto-pytorch,predict_F_V_PRO_20pct_F_V_PRO_21,Force regression,F_V_PRO_39,0.00854795837402343,4
auto-pytorch,predict_F_V_PRO_20pct_F_V_PRO_21,Force regression,F_V_PRO_40,0.00925566512346269,2
auto-pytorch,predict_F_V_PRO_20pct_F_V_PRO_21,Force regression,F_V_PRO_41,0.009948266519440538,1
auto-pytorch,predict_F_V_PRO_20pct_F_V_PRO_21,Force regression,F_V_PRO_42,0.008845794326729245,3
auto-pytorch,predict_F_V_PRO_20pct_F_V_PRO_21,Force regression,F_V_PRO_43,0.007465301222271395,6
auto-pytorch,predict_F_V_PRO_20pct_F_V_PRO_21,Force regression,F_V_PRO_44,0.007478243741724219,5
auto-pytorch,predict_F_V_PRO_20pct_F_V_PRO_21,Force regression,F_V_PRO_45,0.007143006437354619,7
auto-pytorch,predict_F_V_PRO_20pct_F_V_PRO_21,Force regression,F_V_PRO_46,0.005927065915531592,11
auto-pytorch,predict_F_V_PRO_20pct_F_V_PRO_21,Force regression,F_V_PRO_47,0.00564027919371922,12
auto-pytorch,predict_F_V_PRO_20pct_F_V_PRO_21,Force regression,F_V_PRO_48,0.005387817574871913,13
auto-pytorch,predict_F_V_PRO_20pct_F_V_PRO_21,Force regression,F_V_PRO_49,0.004849234521388995,14
auto-pytorch,predict_F_V_PRO_20pct_F_V_PRO_21,Force regression,F_V_PRO_50,0.004730799933274592,15
auto-pytorch,predict_F_V_PRO_20pct_F_V_PRO_21,Force regression,F_V_PRO_51,0.004078258898523116,17
auto-pytorch,predict_F_V_PRO_20pct_F_V_PRO_21,Force regression,F_V_PRO_52,0.0035636509524451473,20
auto-pytorch,predict_F_V_PRO_20pct_F_V_PRO_21,Force regression,F_V_PRO_53,0.003972160524792136,19
auto-pytorch,predict_F_V_PRO_20pct_F_V_PRO_21,Force regression,F_V_PRO_54,0.0032512970566749514,24
auto-pytorch,predict_F_V_PRO_20pct_F_V_PRO_21,Force regression,F_V_PRO_55,0.002874877115090684,29
auto-pytorch,predict_F_V_PRO_20pct_F_V_PRO_21,Force regression,F_V_PRO_56,0.0027854679425557464,30
auto-pytorch,predict_F_V_PRO_20pct_F_V_PRO_21,Force regression,F_V_PRO_57,0.002420301291677687,33
auto-pytorch,predict_F_V_PRO_20pct_F_V_PRO_21,Force regression,F_V_PRO_58,0.0027009071310361236,31
auto-pytorch,predict_F_V_PRO_20pct_F_V_PRO_21,Force regression,F_V_PRO_59,0.0015549806753794328,37
auto-pytorch,predict_F_V_PRO_20pct_F_V_PRO_21,Force regression,F_V_PRO_60,0.001524523615837095,38
auto-pytorch,predict_F_V_PRO_20pct_F_V_PRO_21,Force regression,F_V_PRO_61,0.0010134951207372942,44
auto-pytorch,predict_F_V_PRO_20pct_F_V_PRO_21,Force regression,F_V_PRO_62,0.001096152689721851,42
auto-pytorch,predict_F_V_PRO_20pct_F_V_PRO_21,Force regression,F_V_PRO_63,0.000855000429683269,45
auto-pytorch,predict_F_V_PRO_20pct_F_V_PRO_21,Force regression,F_V_PRO_64,0.0006763007111019526,54
auto-pytorch,predict_F_V_PRO_20pct_F_V_PRO_21,Force regression,F_V_PRO_65,0.00024383768108156376,79
auto-pytorch,predict_F_V_PRO_20pct_F_V_PRO_21,Force regression,F_V_PRO_66,0.0006544051965077827,57
auto-pytorch,predict_F_V_PRO_20pct_F_V_PRO_21,Force regression,F_V_PRO_67,0.0006966155303849117,52
auto-pytorch,predict_F_V_PRO_20pct_F_V_PRO_21,Force regression,F_V_PRO_68,0.0004644377827644424,66
auto-pytorch,predict_F_V_PRO_20pct_F_V_PRO_21,Force regression,F_V_PRO_69,0.0004583831561936326,68
auto-pytorch,predict_F_V_PRO_20pct_F_V_PRO_21,Force regression,F_V_PRO_70,0.0007408118777804895,49
auto-pytorch,predict_F_V_PRO_20pct_F_V_PRO_21,Force regression,F_V_PRO_71,0.00046409639385010834,67
auto-pytorch,predict_F_V_PRO_20pct_F_V_PRO_21,Force regression,F_V_PRO_72,0.0004105196528964673,72
auto-pytorch,predict_F_V_PRO_20pct_F_V_PRO_21,Force regression,F_V_PRO_73,0.00048126667737961035,64
auto-pytorch,predict_F_V_PRO_20pct_F_V_PRO_21,Force regression,F_V_PRO_74,0.0006580190128750331,56
auto-pytorch,predict_F_V_PRO_20pct_F_V_PRO_21,Force regression,F_V_PRO_75,0.0006701214445961858,55
auto-pytorch,predict_F_V_PRO_20pct_F_V_PRO_21,Force regression,F_V_PRO_76,0.0006287178860770287,58
auto-pytorch,predict_F_V_PRO_20pct_F_V_PRO_21,Force regression,F_V_PRO_77,0.0007652905053562505,47
auto-pytorch,predict_F_V_PRO_20pct_F_V_PRO_21,Force regression,F_V_PRO_78,0.0004990393055809838,63
auto-pytorch,predict_F_V_PRO_20pct_F_V_PRO_21,Force regression,F_V_PRO_79,0.0004548472828335285,69
auto-pytorch,predict_F_V_PRO_20pct_F_V_PRO_21,Force regression,F_V_PRO_80,0.0007513034277492095,48
auto-pytorch,predict_F_V_PRO_20pct_F_V_PRO_21,Force regression,F_V_PRO_81,0.0007089938124020972,50
auto-pytorch,predict_F_V_PRO_20pct_F_V_PRO_21,Force regression,F_V_PRO_82,0.001185080501768331,40
auto-pytorch,predict_F_V_PRO_20pct_F_V_PRO_21,Force regression,F_V_PRO_83,0.0013435263236363769,39
auto-pytorch,predict_F_V_PRO_20pct_F_V_PRO_21,Force regression,F_V_PRO_84,0.002100155830383304,34
auto-pytorch,predict_F_V_PRO_20pct_F_V_PRO_21,Force regression,F_V_PRO_85,0.00248230163256328,32
auto-pytorch,predict_F_V_PRO_20pct_F_V_PRO_21,Force regression,F_V_PRO_86,0.0031444800032509727,26
auto-pytorch,predict_F_V_PRO_20pct_F_V_PRO_21,Force regression,F_V_PRO_87,0.003398837725321455,21
auto-pytorch,predict_F_V_PRO_20pct_F_V_PRO_21,Force regression,F_V_PRO_88,0.004030329551961689,18
auto-pytorch,predict_F_V_PRO_20pct_F_V_PRO_21,Force regression,F_V_PRO_89,0.003332604977819664,22
auto-pytorch,predict_F_V_PRO_20pct_F_V_PRO_21,Force regression,F_V_PRO_90,0.003260050091478565,23
auto-pytorch,predict_F_V_PRO_20pct_F_V_PRO_21,Force regression,F_V_PRO_91,0.0029089251160621665,28
auto-pytorch,predict_F_V_PRO_20pct_F_V_PRO_21,Force regression,F_V_PRO_92,0.0010940903822580937,43
auto-pytorch,predict_F_V_PRO_20pct_F_V_PRO_21,Force regression,F_V_PRO_93,0.0007053262458907063,51
auto-pytorch,predict_F_V_PRO_20pct_F_V_PRO_21,Force regression,F_V_PRO_94,0.0003445095883475399,76
auto-pytorch,predict_F_V_PRO_20pct_F_V_PRO_21,Force regression,F_V_PRO_95,0.00024825668334960995,78
auto-pytorch,predict_F_V_PRO_20pct_F_V_PRO_21,Force regression,F_V_PRO_96,0.00040824454360538867,73
auto-pytorch,predict_F_V_PRO_20pct_F_V_PRO_21,Force regression,F_V_PRO_97,0.0003513040211465639,75
auto-pytorch,predict_F_V_PRO_20pct_F_V_PRO_21,Force regression,F_V_PRO_98,0.0001558133363723741,80
auto-pytorch,predict_F_V_PRO_20pct_F_V_PRO_21,Force regression,F_V_PRO_99,0.0004748695492744542,65
auto-pytorch,predict_F_V_PRO_20pct_F_V_PRO_21,Force regression,F_V_PRO_100,0.000254719813664745,77
auto-pytorch,predict_F_V_PRO_20pct_F_V_PRO_21,Force regression,F_V_PRO_101,0.0005457793474197406,60
auto-pytorch,predict_F_V_PRO_40pct_F_V_PRO_41,Force regression,F_V_PRO_1,0.002881043036778766,24
auto-pytorch,predict_F_V_PRO_40pct_F_V_PRO_41,Force regression,F_V_PRO_2,0.00010805879698859091,79
auto-pytorch,predict_F_V_PRO_40pct_F_V_PRO_41,Force regression,F_V_PRO_3,0.0003370435833930911,64
auto-pytorch,predict_F_V_PRO_40pct_F_V_PRO_41,Force regression,F_V_PRO_4,0.0006346590850088343,52
auto-pytorch,predict_F_V_PRO_40pct_F_V_PRO_41,Force regression,F_V_PRO_5,0.00040061436759101425,62
auto-pytorch,predict_F_V_PRO_40pct_F_V_PRO_41,Force regression,F_V_PRO_6,0.0027484864327642715,26
auto-pytorch,predict_F_V_PRO_40pct_F_V_PRO_41,Force regression,F_V_PRO_7,0.0022992018395,30
auto-pytorch,predict_F_V_PRO_40pct_F_V_PRO_41,Force regression,F_V_PRO_8,0.0012735956443680695,41
auto-pytorch,predict_F_V_PRO_40pct_F_V_PRO_41,Force regression,F_V_PRO_9,0.0008779376149177583,49
auto-pytorch,predict_F_V_PRO_40pct_F_V_PRO_41,Force regression,F_V_PRO_10,0.0001774363186624334,73
auto-pytorch,predict_F_V_PRO_40pct_F_V_PRO_41,Force regression,F_V_PRO_11,0.00043662261962891004,60
auto-pytorch,predict_F_V_PRO_40pct_F_V_PRO_41,Force regression,F_V_PRO_12,0.001043108344078068,45
auto-pytorch,predict_F_V_PRO_40pct_F_V_PRO_41,Force regression,F_V_PRO_13,0.0019876068300671,35
auto-pytorch,predict_F_V_PRO_40pct_F_V_PRO_41,Force regression,F_V_PRO_14,0.002581697344779963,28
auto-pytorch,predict_F_V_PRO_40pct_F_V_PRO_41,Force regression,F_V_PRO_15,0.0021312463018629325,34
auto-pytorch,predict_F_V_PRO_40pct_F_V_PRO_41,Force regression,F_V_PRO_16,0.00030575898620817366,66
auto-pytorch,predict_F_V_PRO_40pct_F_V_PRO_41,Force regression,F_V_PRO_17,0.0028092775344848654,25
auto-pytorch,predict_F_V_PRO_40pct_F_V_PRO_41,Force regression,F_V_PRO_18,0.005356797662046219,17
auto-pytorch,predict_F_V_PRO_40pct_F_V_PRO_41,Force regression,F_V_PRO_19,0.007541560894913145,12
auto-pytorch,predict_F_V_PRO_40pct_F_V_PRO_41,Force regression,F_V_PRO_20,0.011110583477550085,5
auto-pytorch,predict_F_V_PRO_40pct_F_V_PRO_41,Force regression,F_V_PRO_21,0.01108580705854628,6
auto-pytorch,predict_F_V_PRO_40pct_F_V_PRO_41,Force regression,F_V_PRO_22,0.010702882481945876,8
auto-pytorch,predict_F_V_PRO_40pct_F_V_PRO_41,Force regression,F_V_PRO_23,0.009881506648328566,9
auto-pytorch,predict_F_V_PRO_40pct_F_V_PRO_41,Force regression,F_V_PRO_24,0.00846125214629703,11
auto-pytorch,predict_F_V_PRO_40pct_F_V_PRO_41,Force regression,F_V_PRO_25,0.004930823723475139,19
auto-pytorch,predict_F_V_PRO_40pct_F_V_PRO_41,Force regression,F_V_PRO_26,0.002589206933975218,27
auto-pytorch,predict_F_V_PRO_40pct_F_V_PRO_41,Force regression,F_V_PRO_27,0.002196092665195466,33
auto-pytorch,predict_F_V_PRO_40pct_F_V_PRO_41,Force regression,F_V_PRO_28,0.0063483619226349765,14
auto-pytorch,predict_F_V_PRO_40pct_F_V_PRO_41,Force regression,F_V_PRO_29,0.010790994664033254,7
auto-pytorch,predict_F_V_PRO_40pct_F_V_PRO_41,Force regression,F_V_PRO_30,0.012901055064466267,4
auto-pytorch,predict_F_V_PRO_40pct_F_V_PRO_41,Force regression,F_V_PRO_52,0.035321806655989746,1
auto-pytorch,predict_F_V_PRO_40pct_F_V_PRO_41,Force regression,F_V_PRO_53,0.026355264306068417,2
auto-pytorch,predict_F_V_PRO_40pct_F_V_PRO_41,Force regression,F_V_PRO_54,0.016095610035790336,3
auto-pytorch,predict_F_V_PRO_40pct_F_V_PRO_41,Force regression,F_V_PRO_55,0.009305782735347747,10
auto-pytorch,predict_F_V_PRO_40pct_F_V_PRO_41,Force regression,F_V_PRO_56,0.004070855869187253,22
auto-pytorch,predict_F_V_PRO_40pct_F_V_PRO_41,Force regression,F_V_PRO_57,0.00027626729011535374,67
auto-pytorch,predict_F_V_PRO_40pct_F_V_PRO_41,Force regression,F_V_PRO_58,0.0022141159110599102,31
auto-pytorch,predict_F_V_PRO_40pct_F_V_PRO_41,Force regression,F_V_PRO_59,0.004643355667591098,20
auto-pytorch,predict_F_V_PRO_40pct_F_V_PRO_41,Force regression,F_V_PRO_60,0.006102616945902504,16
auto-pytorch,predict_F_V_PRO_40pct_F_V_PRO_41,Force regression,F_V_PRO_61,0.006337305863698331,15
auto-pytorch,predict_F_V_PRO_40pct_F_V_PRO_41,Force regression,F_V_PRO_62,0.006356755077838892,13
auto-pytorch,predict_F_V_PRO_40pct_F_V_PRO_41,Force regression,F_V_PRO_63,0.005234020299381681,18
auto-pytorch,predict_F_V_PRO_40pct_F_V_PRO_41,Force regression,F_V_PRO_64,0.00431289817227258,21
auto-pytorch,predict_F_V_PRO_40pct_F_V_PRO_41,Force regression,F_V_PRO_65,0.003621635463502671,23
auto-pytorch,predict_F_V_PRO_40pct_F_V_PRO_41,Force regression,F_V_PRO_66,0.0025703159107102313,29
auto-pytorch,predict_F_V_PRO_40pct_F_V_PRO_41,Force regression,F_V_PRO_67,0.0015248338513904113,39
auto-pytorch,predict_F_V_PRO_40pct_F_V_PRO_41,Force regression,F_V_PRO_68,0.0009290832943386514,46
auto-pytorch,predict_F_V_PRO_40pct_F_V_PRO_41,Force regression,F_V_PRO_69,0.0008933096196916377,47
auto-pytorch,predict_F_V_PRO_40pct_F_V_PRO_41,Force regression,F_V_PRO_70,0.0004968133568763743,57
auto-pytorch,predict_F_V_PRO_40pct_F_V_PRO_41,Force regression,F_V_PRO_71,0.00033827939960691795,63
auto-pytorch,predict_F_V_PRO_40pct_F_V_PRO_41,Force regression,F_V_PRO_72,0.0004952846103244375,58
auto-pytorch,predict_F_V_PRO_40pct_F_V_PRO_41,Force regression,F_V_PRO_73,0.0004986231062147307,56
auto-pytorch,predict_F_V_PRO_40pct_F_V_PRO_41,Force regression,F_V_PRO_74,0.00033497923612594237,65
auto-pytorch,predict_F_V_PRO_40pct_F_V_PRO_41,Force regression,F_V_PRO_75,0.0006226287351714254,54
auto-pytorch,predict_F_V_PRO_40pct_F_V_PRO_41,Force regression,F_V_PRO_76,0.00042568987607955453,61
auto-pytorch,predict_F_V_PRO_40pct_F_V_PRO_41,Force regression,F_V_PRO_77,0.0002238775094350233,71
auto-pytorch,predict_F_V_PRO_40pct_F_V_PRO_41,Force regression,F_V_PRO_78,0.00010449435975816032,80
auto-pytorch,predict_F_V_PRO_40pct_F_V_PRO_41,Force regression,F_V_PRO_79,0.00014124074909422051,76
auto-pytorch,predict_F_V_PRO_40pct_F_V_PRO_41,Force regression,F_V_PRO_80,0.00043701754675971643,59
auto-pytorch,predict_F_V_PRO_40pct_F_V_PRO_41,Force regression,F_V_PRO_81,0.00013202573193444187,77
auto-pytorch,predict_F_V_PRO_40pct_F_V_PRO_41,Force regression,F_V_PRO_82,0.0006916990611288265,51
auto-pytorch,predict_F_V_PRO_40pct_F_V_PRO_41,Force regression,F_V_PRO_83,0.0008811595373683507,48
auto-pytorch,predict_F_V_PRO_40pct_F_V_PRO_41,Force regression,F_V_PRO_84,0.00017632160584131937,74
auto-pytorch,predict_F_V_PRO_40pct_F_V_PRO_41,Force regression,F_V_PRO_85,0.00012981383005778138,78
auto-pytorch,predict_F_V_PRO_40pct_F_V_PRO_41,Force regression,F_V_PRO_86,0.00026136945353614707,70
auto-pytorch,predict_F_V_PRO_40pct_F_V_PRO_41,Force regression,F_V_PRO_87,0.0002753043837017534,68
auto-pytorch,predict_F_V_PRO_40pct_F_V_PRO_41,Force regression,F_V_PRO_88,0.00015771453248129933,75
auto-pytorch,predict_F_V_PRO_40pct_F_V_PRO_41,Force regression,F_V_PRO_89,0.001074547694789045,44
auto-pytorch,predict_F_V_PRO_40pct_F_V_PRO_41,Force regression,F_V_PRO_90,0.0017696798642476382,36
auto-pytorch,predict_F_V_PRO_40pct_F_V_PRO_41,Force regression,F_V_PRO_91,0.0016755000750223732,37
auto-pytorch,predict_F_V_PRO_40pct_F_V_PRO_41,Force regression,F_V_PRO_92,0.0013663438823488035,40
auto-pytorch,predict_F_V_PRO_40pct_F_V_PRO_41,Force regression,F_V_PRO_93,0.0011133001446723895,43
auto-pytorch,predict_F_V_PRO_40pct_F_V_PRO_41,Force regression,F_V_PRO_94,0.001608537574609119,38
auto-pytorch,predict_F_V_PRO_40pct_F_V_PRO_41,Force regression,F_V_PRO_95,0.0011744522584809223,42
auto-pytorch,predict_F_V_PRO_40pct_F_V_PRO_41,Force regression,F_V_PRO_96,0.0007852608296606303,50
auto-pytorch,predict_F_V_PRO_40pct_F_V_PRO_41,Force regression,F_V_PRO_97,0.0006277978221575411,53
auto-pytorch,predict_F_V_PRO_40pct_F_V_PRO_41,Force regression,F_V_PRO_98,0.00022163457340664518,72
auto-pytorch,predict_F_V_PRO_40pct_F_V_PRO_41,Force regression,F_V_PRO_99,0.0005172751347223947,55
auto-pytorch,predict_F_V_PRO_40pct_F_V_PRO_41,Force regression,F_V_PRO_100,0.0002714004317919361,69
auto-pytorch,predict_F_V_PRO_40pct_F_V_PRO_41,Force regression,F_V_PRO_101,0.0022071599099371137,32
auto-pytorch,predict_F_V_PRO_60pct_F_V_PRO_61,Force regression,F_V_PRO_1,0.002697685215208267,27
auto-pytorch,predict_F_V_PRO_60pct_F_V_PRO_61,Force regression,F_V_PRO_2,0.0005294876231087547,53
auto-pytorch,predict_F_V_PRO_60pct_F_V_PRO_61,Force regression,F_V_PRO_3,0.0007257007691595299,46
auto-pytorch,predict_F_V_PRO_60pct_F_V_PRO_61,Force regression,F_V_PRO_4,0.0005094138317637949,54
auto-pytorch,predict_F_V_PRO_60pct_F_V_PRO_61,Force regression,F_V_PRO_5,0.0004169900880919532,62
auto-pytorch,predict_F_V_PRO_60pct_F_V_PRO_61,Force regression,F_V_PRO_6,0.000703256898456151,47
auto-pytorch,predict_F_V_PRO_60pct_F_V_PRO_61,Force regression,F_V_PRO_7,0.0006582227547963405,48
auto-pytorch,predict_F_V_PRO_60pct_F_V_PRO_61,Force regression,F_V_PRO_8,0.000476273251904378,59
auto-pytorch,predict_F_V_PRO_60pct_F_V_PRO_61,Force regression,F_V_PRO_9,0.0004855025874243868,57
auto-pytorch,predict_F_V_PRO_60pct_F_V_PRO_61,Force regression,F_V_PRO_10,0.00018290813101662424,74
auto-pytorch,predict_F_V_PRO_60pct_F_V_PRO_61,Force regression,F_V_PRO_11,0.00010868132114410451,79
auto-pytorch,predict_F_V_PRO_60pct_F_V_PRO_61,Force regression,F_V_PRO_12,0.00014215193854437948,76
auto-pytorch,predict_F_V_PRO_60pct_F_V_PRO_61,Force regression,F_V_PRO_13,0.000363846368259855,63
auto-pytorch,predict_F_V_PRO_60pct_F_V_PRO_61,Force regression,F_V_PRO_14,0.00013382867972056071,78
auto-pytorch,predict_F_V_PRO_60pct_F_V_PRO_61,Force regression,F_V_PRO_15,0.0006093407604429458,49
auto-pytorch,predict_F_V_PRO_60pct_F_V_PRO_61,Force regression,F_V_PRO_16,0.0017667263282669962,33
auto-pytorch,predict_F_V_PRO_60pct_F_V_PRO_61,Force regression,F_V_PRO_17,0.0032748629649480155,23
auto-pytorch,predict_F_V_PRO_60pct_F_V_PRO_61,Force regression,F_V_PRO_18,0.002765205350187093,25
auto-pytorch,predict_F_V_PRO_60pct_F_V_PRO_61,Force regression,F_V_PRO_19,0.0021677097347047617,31
auto-pytorch,predict_F_V_PRO_60pct_F_V_PRO_61,Force regression,F_V_PRO_20,0.002492904543876643,30
auto-pytorch,predict_F_V_PRO_60pct_F_V_PRO_61,Force regression,F_V_PRO_21,0.0015371940202183161,34
auto-pytorch,predict_F_V_PRO_60pct_F_V_PRO_61,Force regression,F_V_PRO_22,0.0008530756500032197,44
auto-pytorch,predict_F_V_PRO_60pct_F_V_PRO_61,Force regression,F_V_PRO_23,0.0011757142278883187,39
auto-pytorch,predict_F_V_PRO_60pct_F_V_PRO_61,Force regression,F_V_PRO_24,0.0007681372563044201,45
auto-pytorch,predict_F_V_PRO_60pct_F_V_PRO_61,Force regression,F_V_PRO_25,0.0005430776609314774,52
auto-pytorch,predict_F_V_PRO_60pct_F_V_PRO_61,Force regression,F_V_PRO_26,0.0010270922912491765,42
auto-pytorch,predict_F_V_PRO_60pct_F_V_PRO_61,Force regression,F_V_PRO_27,0.0012764746745427423,35
auto-pytorch,predict_F_V_PRO_60pct_F_V_PRO_61,Force regression,F_V_PRO_28,0.0002416387465265069,69
auto-pytorch,predict_F_V_PRO_60pct_F_V_PRO_61,Force regression,F_V_PRO_29,0.00018291931019889305,73
auto-pytorch,predict_F_V_PRO_60pct_F_V_PRO_61,Force regression,F_V_PRO_30,0.0004906615283754135,56
auto-pytorch,predict_F_V_PRO_60pct_F_V_PRO_61,Force regression,F_V_PRO_31,0.0004596415029631731,60
auto-pytorch,predict_F_V_PRO_60pct_F_V_PRO_61,Force regression,F_V_PRO_32,0.0002701970868640503,67
auto-pytorch,predict_F_V_PRO_60pct_F_V_PRO_61,Force regression,F_V_PRO_33,0.00021318623754712802,71
auto-pytorch,predict_F_V_PRO_60pct_F_V_PRO_61,Force regression,F_V_PRO_34,5.783173773024188e-05,80
auto-pytorch,predict_F_V_PRO_60pct_F_V_PRO_61,Force regression,F_V_PRO_35,0.0004808397955364642,58
auto-pytorch,predict_F_V_PRO_60pct_F_V_PRO_61,Force regression,F_V_PRO_36,0.001095625831021202,41
auto-pytorch,predict_F_V_PRO_60pct_F_V_PRO_61,Force regression,F_V_PRO_37,0.0026876383291350495,28
auto-pytorch,predict_F_V_PRO_60pct_F_V_PRO_61,Force regression,F_V_PRO_38,0.003936568988694085,21
auto-pytorch,predict_F_V_PRO_60pct_F_V_PRO_61,Force regression,F_V_PRO_39,0.005661209914419383,13
auto-pytorch,predict_F_V_PRO_60pct_F_V_PRO_61,Force regression,F_V_PRO_40,0.007512865265210475,7
auto-pytorch,predict_F_V_PRO_60pct_F_V_PRO_61,Force regression,F_V_PRO_41,0.007648466878467141,6
auto-pytorch,predict_F_V_PRO_60pct_F_V_PRO_61,Force regression,F_V_PRO_42,0.007967650274435687,5
auto-pytorch,predict_F_V_PRO_60pct_F_V_PRO_61,Force regression,F_V_PRO_43,0.005854985064930388,12
auto-pytorch,predict_F_V_PRO_60pct_F_V_PRO_61,Force regression,F_V_PRO_44,0.00429404206408395,19
auto-pytorch,predict_F_V_PRO_60pct_F_V_PRO_61,Force regression,F_V_PRO_45,0.00036006475157207877,64
auto-pytorch,predict_F_V_PRO_60pct_F_V_PRO_61,Force regression,F_V_PRO_46,0.004648694349659815,18
auto-pytorch,predict_F_V_PRO_60pct_F_V_PRO_61,Force regression,F_V_PRO_47,0.011603006846374936,4
auto-pytorch,predict_F_V_PRO_60pct_F_V_PRO_61,Force regression,F_V_PRO_48,0.02105415462785297,3
auto-pytorch,predict_F_V_PRO_60pct_F_V_PRO_61,Force regression,F_V_PRO_49,0.030681618173917128,2
auto-pytorch,predict_F_V_PRO_60pct_F_V_PRO_61,Force regression,F_V_PRO_50,0.03932227846648959,1
auto-pytorch,predict_F_V_PRO_60pct_F_V_PRO_61,Force regression,F_V_PRO_72,0.007182917548550495,8
auto-pytorch,predict_F_V_PRO_60pct_F_V_PRO_61,Force regression,F_V_PRO_73,0.004937113417519462,16
auto-pytorch,predict_F_V_PRO_60pct_F_V_PRO_61,Force regression,F_V_PRO_74,0.0032163364489873206,24
auto-pytorch,predict_F_V_PRO_60pct_F_V_PRO_61,Force regression,F_V_PRO_75,0.0012453814016448136,37
auto-pytorch,predict_F_V_PRO_60pct_F_V_PRO_61,Force regression,F_V_PRO_76,0.0005092490977711176,55
auto-pytorch,predict_F_V_PRO_60pct_F_V_PRO_61,Force regression,F_V_PRO_77,0.0027017242643568276,26
auto-pytorch,predict_F_V_PRO_60pct_F_V_PRO_61,Force regression,F_V_PRO_78,0.0039406574832068575,20
auto-pytorch,predict_F_V_PRO_60pct_F_V_PRO_61,Force regression,F_V_PRO_79,0.005116465826829269,15
auto-pytorch,predict_F_V_PRO_60pct_F_V_PRO_61,Force regression,F_V_PRO_80,0.006300004237227972,11
auto-pytorch,predict_F_V_PRO_60pct_F_V_PRO_61,Force regression,F_V_PRO_81,0.006408483505249021,9
auto-pytorch,predict_F_V_PRO_60pct_F_V_PRO_61,Force regression,F_V_PRO_82,0.006338390217887028,10
auto-pytorch,predict_F_V_PRO_60pct_F_V_PRO_61,Force regression,F_V_PRO_83,0.005619958513312868,14
auto-pytorch,predict_F_V_PRO_60pct_F_V_PRO_61,Force regression,F_V_PRO_84,0.004698515348964263,17
auto-pytorch,predict_F_V_PRO_60pct_F_V_PRO_61,Force regression,F_V_PRO_85,0.003533723923895103,22
auto-pytorch,predict_F_V_PRO_60pct_F_V_PRO_61,Force regression,F_V_PRO_86,0.001904210858874854,32
auto-pytorch,predict_F_V_PRO_60pct_F_V_PRO_61,Force regression,F_V_PRO_87,0.0009078061249521029,43
auto-pytorch,predict_F_V_PRO_60pct_F_V_PRO_61,Force regression,F_V_PRO_88,0.0003479025893741186,65
auto-pytorch,predict_F_V_PRO_60pct_F_V_PRO_61,Force regression,F_V_PRO_89,0.0005646797352366987,50
auto-pytorch,predict_F_V_PRO_60pct_F_V_PRO_61,Force regression,F_V_PRO_90,0.0012558290229903375,36
auto-pytorch,predict_F_V_PRO_60pct_F_V_PRO_61,Force regression,F_V_PRO_91,0.0012408138182428128,38
auto-pytorch,predict_F_V_PRO_60pct_F_V_PRO_61,Force regression,F_V_PRO_92,0.0005562217103110439,51
auto-pytorch,predict_F_V_PRO_60pct_F_V_PRO_61,Force regression,F_V_PRO_93,0.00021459236409929192,70
auto-pytorch,predict_F_V_PRO_60pct_F_V_PRO_61,Force regression,F_V_PRO_94,0.0001363086700439424,77
auto-pytorch,predict_F_V_PRO_60pct_F_V_PRO_61,Force regression,F_V_PRO_95,0.00026161200470394084,68
auto-pytorch,predict_F_V_PRO_60pct_F_V_PRO_61,Force regression,F_V_PRO_96,0.00018365925550460223,72
auto-pytorch,predict_F_V_PRO_60pct_F_V_PRO_61,Force regression,F_V_PRO_97,0.00016719859176211578,75
auto-pytorch,predict_F_V_PRO_60pct_F_V_PRO_61,Force regression,F_V_PRO_98,0.0004427538712819411,61
auto-pytorch,predict_F_V_PRO_60pct_F_V_PRO_61,Force regression,F_V_PRO_99,0.0011418350736300126,40
auto-pytorch,predict_F_V_PRO_60pct_F_V_PRO_61,Force regression,F_V_PRO_100,0.00028432944748136603,66
auto-pytorch,predict_F_V_PRO_60pct_F_V_PRO_61,Force regression,F_V_PRO_101,0.0026596045427852233,29
auto-pytorch,predict_F_V_PRO_80pct_F_V_PRO_81,Force regression,F_V_PRO_1,0.001804811146524228,38
auto-pytorch,predict_F_V_PRO_80pct_F_V_PRO_81,Force regression,F_V_PRO_2,0.0005346947047445478,67
auto-pytorch,predict_F_V_PRO_80pct_F_V_PRO_81,Force regression,F_V_PRO_3,0.0008548017342885387,59
auto-pytorch,predict_F_V_PRO_80pct_F_V_PRO_81,Force regression,F_V_PRO_4,0.0010125905142890036,54
auto-pytorch,predict_F_V_PRO_80pct_F_V_PRO_81,Force regression,F_V_PRO_5,0.001994844290945262,33
auto-pytorch,predict_F_V_PRO_80pct_F_V_PRO_81,Force regression,F_V_PRO_6,0.00132742187711928,45
auto-pytorch,predict_F_V_PRO_80pct_F_V_PRO_81,Force regression,F_V_PRO_7,0.0003311518430709956,71
auto-pytorch,predict_F_V_PRO_80pct_F_V_PRO_81,Force regression,F_V_PRO_8,0.0006831176810794294,63
auto-pytorch,predict_F_V_PRO_80pct_F_V_PRO_81,Force regression,F_V_PRO_9,0.00033670428064134833,70
auto-pytorch,predict_F_V_PRO_80pct_F_V_PRO_81,Force regression,F_V_PRO_10,0.00019607833358977015,80
auto-pytorch,predict_F_V_PRO_80pct_F_V_PRO_81,Force regression,F_V_PRO_11,0.0002789055241478803,77
auto-pytorch,predict_F_V_PRO_80pct_F_V_PRO_81,Force regression,F_V_PRO_12,0.0003034030000368763,75
auto-pytorch,predict_F_V_PRO_80pct_F_V_PRO_81,Force regression,F_V_PRO_13,0.00030014210939408097,76
auto-pytorch,predict_F_V_PRO_80pct_F_V_PRO_81,Force regression,F_V_PRO_14,0.0005535390575726717,66
auto-pytorch,predict_F_V_PRO_80pct_F_V_PRO_81,Force regression,F_V_PRO_15,0.0002032943301730736,79
auto-pytorch,predict_F_V_PRO_80pct_F_V_PRO_81,Force regression,F_V_PRO_16,0.0007225212322341043,61
auto-pytorch,predict_F_V_PRO_80pct_F_V_PRO_81,Force regression,F_V_PRO_17,0.0017768591841061845,39
auto-pytorch,predict_F_V_PRO_80pct_F_V_PRO_81,Force regression,F_V_PRO_18,0.002295123093658017,29
auto-pytorch,predict_F_V_PRO_80pct_F_V_PRO_81,Force regression,F_V_PRO_19,0.0022300800946023717,30
auto-pytorch,predict_F_V_PRO_80pct_F_V_PRO_81,Force regression,F_V_PRO_20,0.0019317759407891206,36
auto-pytorch,predict_F_V_PRO_80pct_F_V_PRO_81,Force regression,F_V_PRO_21,0.0030635107424524083,22
auto-pytorch,predict_F_V_PRO_80pct_F_V_PRO_81,Force regression,F_V_PRO_22,0.0029634736776351822,23
auto-pytorch,predict_F_V_PRO_80pct_F_V_PRO_81,Force regression,F_V_PRO_23,0.004031696776549018,17
auto-pytorch,predict_F_V_PRO_80pct_F_V_PRO_81,Force regression,F_V_PRO_24,0.0035612284276220463,20
auto-pytorch,predict_F_V_PRO_80pct_F_V_PRO_81,Force regression,F_V_PRO_25,0.00361084344651964,19
auto-pytorch,predict_F_V_PRO_80pct_F_V_PRO_81,Force regression,F_V_PRO_26,0.0026317711008919517,24
auto-pytorch,predict_F_V_PRO_80pct_F_V_PRO_81,Force regression,F_V_PRO_27,0.0015466601186328354,41
auto-pytorch,predict_F_V_PRO_80pct_F_V_PRO_81,Force regression,F_V_PRO_28,0.0019820354978243326,34
auto-pytorch,predict_F_V_PRO_80pct_F_V_PRO_81,Force regression,F_V_PRO_29,0.0010225494768884395,53
auto-pytorch,predict_F_V_PRO_80pct_F_V_PRO_81,Force regression,F_V_PRO_30,0.0007607510089874296,60
auto-pytorch,predict_F_V_PRO_80pct_F_V_PRO_81,Force regression,F_V_PRO_31,0.0005658075478341851,65
auto-pytorch,predict_F_V_PRO_80pct_F_V_PRO_81,Force regression,F_V_PRO_32,0.0003159344858593347,74
auto-pytorch,predict_F_V_PRO_80pct_F_V_PRO_81,Force regression,F_V_PRO_33,0.0004650227030118353,68
auto-pytorch,predict_F_V_PRO_80pct_F_V_PRO_81,Force regression,F_V_PRO_34,0.0003305708169937163,72
auto-pytorch,predict_F_V_PRO_80pct_F_V_PRO_81,Force regression,F_V_PRO_35,0.0008913261228137528,58
auto-pytorch,predict_F_V_PRO_80pct_F_V_PRO_81,Force regression,F_V_PRO_36,0.0010323887268702172,52
auto-pytorch,predict_F_V_PRO_80pct_F_V_PRO_81,Force regression,F_V_PRO_37,0.0012701525621944191,47
auto-pytorch,predict_F_V_PRO_80pct_F_V_PRO_81,Force regression,F_V_PRO_38,0.0011184711654980953,49
auto-pytorch,predict_F_V_PRO_80pct_F_V_PRO_81,Force regression,F_V_PRO_39,0.000965197516812218,55
auto-pytorch,predict_F_V_PRO_80pct_F_V_PRO_81,Force regression,F_V_PRO_40,0.001064010540644331,51
auto-pytorch,predict_F_V_PRO_80pct_F_V_PRO_81,Force regression,F_V_PRO_41,0.0003300309975941947,73
auto-pytorch,predict_F_V_PRO_80pct_F_V_PRO_81,Force regression,F_V_PRO_42,0.001508506185478637,42
auto-pytorch,predict_F_V_PRO_80pct_F_V_PRO_81,Force regression,F_V_PRO_43,0.0007171220050917674,62
auto-pytorch,predict_F_V_PRO_80pct_F_V_PRO_81,Force regression,F_V_PRO_44,0.0024305348926120358,26
auto-pytorch,predict_F_V_PRO_80pct_F_V_PRO_81,Force regression,F_V_PRO_45,0.0013012128141191325,46
auto-pytorch,predict_F_V_PRO_80pct_F_V_PRO_81,Force regression,F_V_PRO_46,0.0018974850972493383,37
auto-pytorch,predict_F_V_PRO_80pct_F_V_PRO_81,Force regression,F_V_PRO_47,0.0005813765923182131,64
auto-pytorch,predict_F_V_PRO_80pct_F_V_PRO_81,Force regression,F_V_PRO_48,0.0009607612490653991,56
auto-pytorch,predict_F_V_PRO_80pct_F_V_PRO_81,Force regression,F_V_PRO_49,0.0012217770086394388,48
auto-pytorch,predict_F_V_PRO_80pct_F_V_PRO_81,Force regression,F_V_PRO_50,0.0004019476241535598,69
auto-pytorch,predict_F_V_PRO_80pct_F_V_PRO_81,Force regression,F_V_PRO_51,0.0011020651393466563,50
auto-pytorch,predict_F_V_PRO_80pct_F_V_PRO_81,Force regression,F_V_PRO_52,0.002119580904642738,31
auto-pytorch,predict_F_V_PRO_80pct_F_V_PRO_81,Force regression,F_V_PRO_53,0.001379240281052068,44
auto-pytorch,predict_F_V_PRO_80pct_F_V_PRO_81,Force regression,F_V_PRO_54,0.0023902285562621087,27
auto-pytorch,predict_F_V_PRO_80pct_F_V_PRO_81,Force regression,F_V_PRO_55,0.004548924161328218,16
auto-pytorch,predict_F_V_PRO_80pct_F_V_PRO_81,Force regression,F_V_PRO_56,0.0048494334552023205,15
auto-pytorch,predict_F_V_PRO_80pct_F_V_PRO_81,Force regression,F_V_PRO_57,0.006772214962376494,12
auto-pytorch,predict_F_V_PRO_80pct_F_V_PRO_81,Force regression,F_V_PRO_58,0.007661195112599264,10
auto-pytorch,predict_F_V_PRO_80pct_F_V_PRO_81,Force regression,F_V_PRO_59,0.009006756961345673,7
auto-pytorch,predict_F_V_PRO_80pct_F_V_PRO_81,Force regression,F_V_PRO_60,0.009201283017794283,5
auto-pytorch,predict_F_V_PRO_80pct_F_V_PRO_81,Force regression,F_V_PRO_61,0.009759784208403698,3
auto-pytorch,predict_F_V_PRO_80pct_F_V_PRO_81,Force regression,F_V_PRO_62,0.009460727095603938,4
auto-pytorch,predict_F_V_PRO_80pct_F_V_PRO_81,Force regression,F_V_PRO_63,0.008660720050334926,8
auto-pytorch,predict_F_V_PRO_80pct_F_V_PRO_81,Force regression,F_V_PRO_64,0.007528566281000776,11
auto-pytorch,predict_F_V_PRO_80pct_F_V_PRO_81,Force regression,F_V_PRO_65,0.005149967471758516,14
auto-pytorch,predict_F_V_PRO_80pct_F_V_PRO_81,Force regression,F_V_PRO_66,0.0019392756753497766,35
auto-pytorch,predict_F_V_PRO_80pct_F_V_PRO_81,Force regression,F_V_PRO_67,0.0020079950491587407,32
auto-pytorch,predict_F_V_PRO_80pct_F_V_PRO_81,Force regression,F_V_PRO_68,0.0057825518515375,13
auto-pytorch,predict_F_V_PRO_80pct_F_V_PRO_81,Force regression,F_V_PRO_69,0.008351426859696698,9
auto-pytorch,predict_F_V_PRO_80pct_F_V_PRO_81,Force regression,F_V_PRO_70,0.010544802579614853,2
auto-pytorch,predict_F_V_PRO_80pct_F_V_PRO_81,Force regression,F_V_PRO_92,0.020342041724257978,1
auto-pytorch,predict_F_V_PRO_80pct_F_V_PRO_81,Force regression,F_V_PRO_93,0.009153878245088789,6
auto-pytorch,predict_F_V_PRO_80pct_F_V_PRO_81,Force regression,F_V_PRO_94,0.0023362511926227113,28
auto-pytorch,predict_F_V_PRO_80pct_F_V_PRO_81,Force regression,F_V_PRO_95,0.00144104556242626,43
auto-pytorch,predict_F_V_PRO_80pct_F_V_PRO_81,Force regression,F_V_PRO_96,0.0036446278492609633,18
auto-pytorch,predict_F_V_PRO_80pct_F_V_PRO_81,Force regression,F_V_PRO_97,0.0034452792273627483,21
auto-pytorch,predict_F_V_PRO_80pct_F_V_PRO_81,Force regression,F_V_PRO_98,0.0025206847588221267,25
auto-pytorch,predict_F_V_PRO_80pct_F_V_PRO_81,Force regression,F_V_PRO_99,0.0009577866593996643,57
auto-pytorch,predict_F_V_PRO_80pct_F_V_PRO_81,Force regression,F_V_PRO_100,0.00021329965194065466,78
auto-pytorch,predict_F_V_PRO_80pct_F_V_PRO_81,Force regression,F_V_PRO_101,0.0017563499013582844,40
auto-pytorch,sex_classification,Classification,F_V_PRO_1,0.17388113155835566,1
auto-pytorch,sex_classification,Classification,F_V_PRO_2,0.003301040243143072,23
auto-pytorch,sex_classification,Classification,F_V_PRO_3,0.0007347254299446502,156
auto-pytorch,sex_classification,Classification,F_V_PRO_4,0.0012662708793181913,99
auto-pytorch,sex_classification,Classification,F_V_PRO_5,0.001441692881847285,86
auto-pytorch,sex_classification,Classification,F_V_PRO_6,0.0018950665651812674,65
auto-pytorch,sex_classification,Classification,F_V_PRO_7,0.0012936313166629196,95
auto-pytorch,sex_classification,Classification,F_V_PRO_8,0.0008495222231716042,142
auto-pytorch,sex_classification,Classification,F_V_PRO_9,0.0005419678279654099,202
auto-pytorch,sex_classification,Classification,F_V_PRO_10,0.00032678741018741614,239
auto-pytorch,sex_classification,Classification,F_V_PRO_11,0.0005185504430193407,204
auto-pytorch,sex_classification,Classification,F_V_PRO_12,0.0015833542965375286,74
auto-pytorch,sex_classification,Classification,F_V_PRO_13,0.0007234076458267014,158
auto-pytorch,sex_classification,Classification,F_V_PRO_14,0.0003170980205360857,240
auto-pytorch,sex_classification,Classification,F_V_PRO_15,0.00040042505215443966,224
auto-pytorch,sex_classification,Classification,F_V_PRO_16,0.0008725677683629779,137
auto-pytorch,sex_classification,Classification,F_V_PRO_17,0.0010995050404381665,117
auto-pytorch,sex_classification,Classification,F_V_PRO_18,0.0037504537818227055,19
auto-pytorch,sex_classification,Classification,F_V_PRO_19,0.0076139465612368095,10
auto-pytorch,sex_classification,Classification,F_V_PRO_20,0.012857483537987872,3
auto-pytorch,sex_classification,Classification,F_V_PRO_21,0.010602895802319582,4
auto-pytorch,sex_classification,Classification,F_V_PRO_22,0.008251545461074714,9
auto-pytorch,sex_classification,Classification,F_V_PRO_23,0.008983698576765294,6
auto-pytorch,sex_classification,Classification,F_V_PRO_24,0.004324536532443086,17
auto-pytorch,sex_classification,Classification,F_V_PRO_25,0.003172551185871688,25
auto-pytorch,sex_classification,Classification,F_V_PRO_26,0.00153625169543548,80
auto-pytorch,sex_classification,Classification,F_V_PRO_27,0.00031135832510792254,242
auto-pytorch,sex_classification,Classification,F_V_PRO_28,0.000707049931056374,163
auto-pytorch,sex_classification,Classification,F_V_PRO_29,0.0012048979665289876,104
auto-pytorch,sex_classification,Classification,F_V_PRO_30,0.001490632703521814,83
auto-pytorch,sex_classification,Classification,F_V_PRO_31,0.0012768192585608648,97
auto-pytorch,sex_classification,Classification,F_V_PRO_32,0.0019348220830854431,64
auto-pytorch,sex_classification,Classification,F_V_PRO_33,0.0016552296795690174,71
auto-pytorch,sex_classification,Classification,F_V_PRO_34,0.002212821436270093,46
auto-pytorch,sex_classification,Classification,F_V_PRO_35,0.0022381153341622783,45
auto-pytorch,sex_classification,Classification,F_V_PRO_36,0.0023741997591327454,37
auto-pytorch,sex_classification,Classification,F_V_PRO_37,0.0016701855257870038,70
auto-pytorch,sex_classification,Classification,F_V_PRO_38,0.004594295134748881,15
auto-pytorch,sex_classification,Classification,F_V_PRO_39,0.001963548216912787,62
auto-pytorch,sex_classification,Classification,F_V_PRO_40,0.0022884380202756256,41
auto-pytorch,sex_classification,Classification,F_V_PRO_41,0.0020657592741866403,54
auto-pytorch,sex_classification,Classification,F_V_PRO_42,0.0007859479992889477,151
auto-pytorch,sex_classification,Classification,F_V_PRO_43,0.0005119167355775102,205
auto-pytorch,sex_classification,Classification,F_V_PRO_44,0.0002856558398812668,248
auto-pytorch,sex_classification,Classification,F_V_PRO_45,0.0005056465435675357,208
auto-pytorch,sex_classification,Classification,F_V_PRO_46,0.00043526957045130393,220
auto-pytorch,sex_classification,Classification,F_V_PRO_47,0.0009186114150168928,136
auto-pytorch,sex_classification,Classification,F_V_PRO_48,0.0006684997569219929,174
auto-pytorch,sex_classification,Classification,F_V_PRO_49,0.0010022770990577542,121
auto-pytorch,sex_classification,Classification,F_V_PRO_50,0.0003676201207694324,230
auto-pytorch,sex_classification,Classification,F_V_PRO_51,0.0002792474026323063,252
auto-pytorch,sex_classification,Classification,F_V_PRO_52,0.00017640476219355216,287
auto-pytorch,sex_classification,Classification,F_V_PRO_53,0.0006277397509066178,186
auto-pytorch,sex_classification,Classification,F_V_PRO_54,0.0008238357881080368,148
auto-pytorch,sex_classification,Classification,F_V_PRO_55,0.0014061075049650938,87
auto-pytorch,sex_classification,Classification,F_V_PRO_56,0.0018253181070217062,66
auto-pytorch,sex_classification,Classification,F_V_PRO_57,0.0023023973157238076,40
auto-pytorch,sex_classification,Classification,F_V_PRO_58,0.002239275051374201,44
auto-pytorch,sex_classification,Classification,F_V_PRO_59,0.002184575271273902,48
auto-pytorch,sex_classification,Classification,F_V_PRO_60,0.0025432416705845283,34
auto-pytorch,sex_classification,Classification,F_V_PRO_61,0.0020180510338663584,60
auto-pytorch,sex_classification,Classification,F_V_PRO_62,0.002064023657339355,55
auto-pytorch,sex_classification,Classification,F_V_PRO_63,0.0022538129090780273,42
auto-pytorch,sex_classification,Classification,F_V_PRO_64,0.0011615524340671832,108
auto-pytorch,sex_classification,Classification,F_V_PRO_65,0.0015797488293094444,75
auto-pytorch,sex_classification,Classification,F_V_PRO_66,0.001018485817376009,119
auto-pytorch,sex_classification,Classification,F_V_PRO_67,0.0006477502146189205,178
auto-pytorch,sex_classification,Classification,F_V_PRO_68,0.0006113941228556333,189
auto-pytorch,sex_classification,Classification,F_V_PRO_69,0.0002627975311062116,258
auto-pytorch,sex_classification,Classification,F_V_PRO_70,0.00028223513953106366,251
auto-pytorch,sex_classification,Classification,F_V_PRO_71,0.00025236317070249556,262
auto-pytorch,sex_classification,Classification,F_V_PRO_72,0.0003403816355340705,235
auto-pytorch,sex_classification,Classification,F_V_PRO_73,0.00017239703989479216,290
auto-pytorch,sex_classification,Classification,F_V_PRO_74,0.0004165502936982072,223
auto-pytorch,sex_classification,Classification,F_V_PRO_75,0.0002839854299626456,250
auto-pytorch,sex_classification,Classification,F_V_PRO_76,0.00039217425506545554,225
auto-pytorch,sex_classification,Classification,F_V_PRO_77,0.00010185967417780661,300
auto-pytorch,sex_classification,Classification,F_V_PRO_78,0.00014048763335754538,297
auto-pytorch,sex_classification,Classification,F_V_PRO_79,0.0001752112294469116,288
auto-pytorch,sex_classification,Classification,F_V_PRO_80,0.00014192591747991533,296
auto-pytorch,sex_classification,Classification,F_V_PRO_81,0.00030635226149046586,243
auto-pytorch,sex_classification,Classification,F_V_PRO_82,0.0002698176997114804,256
auto-pytorch,sex_classification,Classification,F_V_PRO_83,0.00011486394560119388,298
auto-pytorch,sex_classification,Classification,F_V_PRO_84,0.0002504522355571942,264
auto-pytorch,sex_classification,Classification,F_V_PRO_85,0.00019563266083747754,281
auto-pytorch,sex_classification,Classification,F_V_PRO_86,0.000639727756675353,180
auto-pytorch,sex_classification,Classification,F_V_PRO_87,0.0006385697631980084,181
auto-pytorch,sex_classification,Classification,F_V_PRO_88,0.001329650222696635,93
auto-pytorch,sex_classification,Classification,F_V_PRO_89,0.001356049998426286,91
auto-pytorch,sex_classification,Classification,F_V_PRO_90,0.0012109266930438465,102
auto-pytorch,sex_classification,Classification,F_V_PRO_91,0.000444891151334124,219
auto-pytorch,sex_classification,Classification,F_V_PRO_92,0.0006974086334623366,166
auto-pytorch,sex_classification,Classification,F_V_PRO_93,0.00038251672273268886,227
auto-pytorch,sex_classification,Classification,F_V_PRO_94,0.0005406403347518787,203
auto-pytorch,sex_classification,Classification,F_V_PRO_95,0.00046355809783173716,215
auto-pytorch,sex_classification,Classification,F_V_PRO_96,0.000615016411063223,188
auto-pytorch,sex_classification,Classification,F_V_PRO_97,0.0006084627955455353,190
auto-pytorch,sex_classification,Classification,F_V_PRO_98,0.0012183166608446363,101
auto-pytorch,sex_classification,Classification,F_V_PRO_99,0.0007133939320972422,160
auto-pytorch,sex_classification,Classification,F_V_PRO_100,0.002460039816607653,36
auto-pytorch,sex_classification,Classification,F_V_PRO_101,0.16117088161046564,2
auto-pytorch,sex_classification,Classification,F_AP_PRO_1,0.0005086778843494677,207
auto-pytorch,sex_classification,Classification,F_AP_PRO_2,0.0005650439205097205,197
auto-pytorch,sex_classification,Classification,F_AP_PRO_3,0.0013034593902419179,94
auto-pytorch,sex_classification,Classification,F_AP_PRO_4,0.0010162493125657499,120
auto-pytorch,sex_classification,Classification,F_AP_PRO_5,0.0012908348462045795,96
auto-pytorch,sex_classification,Classification,F_AP_PRO_6,0.0007764901255256362,154
auto-pytorch,sex_classification,Classification,F_AP_PRO_7,0.0008447949977851254,143
auto-pytorch,sex_classification,Classification,F_AP_PRO_8,0.0020609898540349873,56
auto-pytorch,sex_classification,Classification,F_AP_PRO_9,0.003221653275660949,24
auto-pytorch,sex_classification,Classification,F_AP_PRO_10,0.001545704699760316,79
auto-pytorch,sex_classification,Classification,F_AP_PRO_11,0.0007115078072701268,162
auto-pytorch,sex_classification,Classification,F_AP_PRO_12,0.0009939957006069625,124
auto-pytorch,sex_classification,Classification,F_AP_PRO_13,0.001959607869351222,63
auto-pytorch,sex_classification,Classification,F_AP_PRO_14,0.0008355213001361782,146
auto-pytorch,sex_classification,Classification,F_AP_PRO_15,0.0012013863605869137,105
auto-pytorch,sex_classification,Classification,F_AP_PRO_16,0.0008690691377529046,139
auto-pytorch,sex_classification,Classification,F_AP_PRO_17,0.0011259489306938034,114
auto-pytorch,sex_classification,Classification,F_AP_PRO_18,0.0014826685903932537,84
auto-pytorch,sex_classification,Classification,F_AP_PRO_19,0.002037940475323689,58
auto-pytorch,sex_classification,Classification,F_AP_PRO_20,0.0013351342951070525,92
auto-pytorch,sex_classification,Classification,F_AP_PRO_21,0.001099414972451517,118
auto-pytorch,sex_classification,Classification,F_AP_PRO_22,0.0013571861237118602,90
auto-pytorch,sex_classification,Classification,F_AP_PRO_23,0.000670076928444537,173
auto-pytorch,sex_classification,Classification,F_AP_PRO_24,0.00024903462162557586,265
auto-pytorch,sex_classification,Classification,F_AP_PRO_25,0.00017480887559646977,289
auto-pytorch,sex_classification,Classification,F_AP_PRO_26,0.00036686697985590007,231
auto-pytorch,sex_classification,Classification,F_AP_PRO_27,0.0006767794460915994,171
auto-pytorch,sex_classification,Classification,F_AP_PRO_28,0.0009574426961216955,133
auto-pytorch,sex_classification,Classification,F_AP_PRO_29,0.0011016618681882844,116
auto-pytorch,sex_classification,Classification,F_AP_PRO_30,0.0010014813294292482,122
auto-pytorch,sex_classification,Classification,F_AP_PRO_31,0.0009760237165232018,128
auto-pytorch,sex_classification,Classification,F_AP_PRO_32,0.0008420995285456192,145
auto-pytorch,sex_classification,Classification,F_AP_PRO_33,0.000931390975415026,135
auto-pytorch,sex_classification,Classification,F_AP_PRO_34,0.0006674035394156961,175
auto-pytorch,sex_classification,Classification,F_AP_PRO_35,0.0005912355071605776,194
auto-pytorch,sex_classification,Classification,F_AP_PRO_36,0.00029938010424871895,244
auto-pytorch,sex_classification,Classification,F_AP_PRO_37,0.0003354072138637994,237
auto-pytorch,sex_classification,Classification,F_AP_PRO_38,0.0002512523606455939,263
auto-pytorch,sex_classification,Classification,F_AP_PRO_39,0.0004637199529845583,214
auto-pytorch,sex_classification,Classification,F_AP_PRO_40,0.0005800584534446818,195
auto-pytorch,sex_classification,Classification,F_AP_PRO_41,0.000722431076769911,159
auto-pytorch,sex_classification,Classification,F_AP_PRO_42,0.0007325327802359588,157
auto-pytorch,sex_classification,Classification,F_AP_PRO_43,0.0006474714771821683,179
auto-pytorch,sex_classification,Classification,F_AP_PRO_44,0.00042882928115529906,221
auto-pytorch,sex_classification,Classification,F_AP_PRO_45,0.00028521956520034716,249
auto-pytorch,sex_classification,Classification,F_AP_PRO_46,0.00028877818154166566,247
auto-pytorch,sex_classification,Classification,F_AP_PRO_47,0.0007007713953739808,165
auto-pytorch,sex_classification,Classification,F_AP_PRO_48,0.0005090373542757617,206
auto-pytorch,sex_classification,Classification,F_AP_PRO_49,0.0006866271467896951,169
auto-pytorch,sex_classification,Classification,F_AP_PRO_50,0.000570958215266081,196
auto-pytorch,sex_classification,Classification,F_AP_PRO_51,0.0006627668586267195,177
auto-pytorch,sex_classification,Classification,F_AP_PRO_52,0.0006962080472294314,167
auto-pytorch,sex_classification,Classification,F_AP_PRO_53,0.0006302901612068322,184
auto-pytorch,sex_classification,Classification,F_AP_PRO_54,0.0004564810093683184,217
auto-pytorch,sex_classification,Classification,F_AP_PRO_55,0.0002780423100694004,253
auto-pytorch,sex_classification,Classification,F_AP_PRO_56,0.0002774926407071156,254
auto-pytorch,sex_classification,Classification,F_AP_PRO_57,0.0002593376921125259,260
auto-pytorch,sex_classification,Classification,F_AP_PRO_58,0.0003914606793049086,226
auto-pytorch,sex_classification,Classification,F_AP_PRO_59,0.0005617811293718845,199
auto-pytorch,sex_classification,Classification,F_AP_PRO_60,0.0007766359051585616,153
auto-pytorch,sex_classification,Classification,F_AP_PRO_61,0.0009867460587214651,125
auto-pytorch,sex_classification,Classification,F_AP_PRO_62,0.0006309660705334971,183
auto-pytorch,sex_classification,Classification,F_AP_PRO_63,0.0005451528283797506,201
auto-pytorch,sex_classification,Classification,F_AP_PRO_64,0.00045990352205416883,216
auto-pytorch,sex_classification,Classification,F_AP_PRO_65,0.00032823711627705623,238
auto-pytorch,sex_classification,Classification,F_AP_PRO_66,0.00020170467307526567,277
auto-pytorch,sex_classification,Classification,F_AP_PRO_67,0.00024011296057471857,268
auto-pytorch,sex_classification,Classification,F_AP_PRO_68,0.0002314492517205576,269
auto-pytorch,sex_classification,Classification,F_AP_PRO_69,0.0002939930195919677,246
auto-pytorch,sex_classification,Classification,F_AP_PRO_70,0.0003804716577416471,228
auto-pytorch,sex_classification,Classification,F_AP_PRO_71,0.0004550347517888529,218
auto-pytorch,sex_classification,Classification,F_AP_PRO_72,0.000257274781239609,261
auto-pytorch,sex_classification,Classification,F_AP_PRO_73,0.00017237761601480439,291
auto-pytorch,sex_classification,Classification,F_AP_PRO_74,0.00016463772655179453,294
auto-pytorch,sex_classification,Classification,F_AP_PRO_75,0.00016973287447146306,292
auto-pytorch,sex_classification,Classification,F_AP_PRO_76,0.00019638398268752484,280
auto-pytorch,sex_classification,Classification,F_AP_PRO_77,0.0004177667014744248,222
auto-pytorch,sex_classification,Classification,F_AP_PRO_78,0.0007126143394049183,161
auto-pytorch,sex_classification,Classification,F_AP_PRO_79,0.0008705762711412,138
auto-pytorch,sex_classification,Classification,F_AP_PRO_80,0.0014795679580388826,85
auto-pytorch,sex_classification,Classification,F_AP_PRO_81,0.001635583361526514,72
auto-pytorch,sex_classification,Classification,F_AP_PRO_82,0.001390587260937165,89
auto-pytorch,sex_classification,Classification,F_AP_PRO_83,0.0011567811281910237,109
auto-pytorch,sex_classification,Classification,F_AP_PRO_84,0.0009943609941740503,123
auto-pytorch,sex_classification,Classification,F_AP_PRO_85,0.0011320164424075167,113
auto-pytorch,sex_classification,Classification,F_AP_PRO_86,0.002621439593581157,30
auto-pytorch,sex_classification,Classification,F_AP_PRO_87,0.002024078257798617,59
auto-pytorch,sex_classification,Classification,F_AP_PRO_88,0.0023391994320679315,39
auto-pytorch,sex_classification,Classification,F_AP_PRO_89,0.0023610495641338343,38
auto-pytorch,sex_classification,Classification,F_AP_PRO_90,0.0009727727440494197,130
auto-pytorch,sex_classification,Classification,F_AP_PRO_91,0.002240657527047679,43
auto-pytorch,sex_classification,Classification,F_AP_PRO_92,0.0012228012902974373,100
auto-pytorch,sex_classification,Classification,F_AP_PRO_93,0.0004785056916497388,213
auto-pytorch,sex_classification,Classification,F_AP_PRO_94,0.00034841180015704465,233
auto-pytorch,sex_classification,Classification,F_AP_PRO_95,0.0006855245307952497,170
auto-pytorch,sex_classification,Classification,F_AP_PRO_96,0.0006251246013171905,187
auto-pytorch,sex_classification,Classification,F_AP_PRO_97,0.0009857363486172471,127
auto-pytorch,sex_classification,Classification,F_AP_PRO_98,0.0015734267142426428,77
auto-pytorch,sex_classification,Classification,F_AP_PRO_99,0.0020557324571531476,57
auto-pytorch,sex_classification,Classification,F_AP_PRO_100,0.0018239110302729288,67
auto-pytorch,sex_classification,Classification,F_AP_PRO_101,0.003332380525061581,22
auto-pytorch,sex_classification,Classification,F_ML_PRO_1,0.0009674794014090992,132
auto-pytorch,sex_classification,Classification,F_ML_PRO_2,0.0015048290909109214,82
auto-pytorch,sex_classification,Classification,F_ML_PRO_3,0.0025834310439675173,33
auto-pytorch,sex_classification,Classification,F_ML_PRO_4,0.005272227281356775,14
auto-pytorch,sex_classification,Classification,F_ML_PRO_5,0.006179365634223712,13
auto-pytorch,sex_classification,Classification,F_ML_PRO_6,0.008504876126697983,8
auto-pytorch,sex_classification,Classification,F_ML_PRO_7,0.008874850873179145,7
auto-pytorch,sex_classification,Classification,F_ML_PRO_8,0.0064932522330147175,12
auto-pytorch,sex_classification,Classification,F_ML_PRO_9,0.002086985956984443,52
auto-pytorch,sex_classification,Classification,F_ML_PRO_10,0.000863713745269006,140
auto-pytorch,sex_classification,Classification,F_ML_PRO_11,0.0011230735745653623,115
auto-pytorch,sex_classification,Classification,F_ML_PRO_12,0.0008267990214709596,147
auto-pytorch,sex_classification,Classification,F_ML_PRO_13,0.0009699337291079617,131
auto-pytorch,sex_classification,Classification,F_ML_PRO_14,0.0026147185826653893,31
auto-pytorch,sex_classification,Classification,F_ML_PRO_15,0.0028052718081496525,27
auto-pytorch,sex_classification,Classification,F_ML_PRO_16,0.0020690207131394247,53
auto-pytorch,sex_classification,Classification,F_ML_PRO_17,0.0017875098979316356,68
auto-pytorch,sex_classification,Classification,F_ML_PRO_18,0.0006293269419821575,185
auto-pytorch,sex_classification,Classification,F_ML_PRO_19,0.00024413984841048785,266
auto-pytorch,sex_classification,Classification,F_ML_PRO_20,0.0004836737498633309,210
auto-pytorch,sex_classification,Classification,F_ML_PRO_21,0.0004978416885722685,209
auto-pytorch,sex_classification,Classification,F_ML_PRO_22,0.00047923146185356315,212
auto-pytorch,sex_classification,Classification,F_ML_PRO_23,0.0003787635483971874,229
auto-pytorch,sex_classification,Classification,F_ML_PRO_24,0.0002599867656769265,259
auto-pytorch,sex_classification,Classification,F_ML_PRO_25,0.00011468157566318823,299
auto-pytorch,sex_classification,Classification,F_ML_PRO_26,0.00022008073846218427,274
auto-pytorch,sex_classification,Classification,F_ML_PRO_27,9.792281649388576e-05,301
auto-pytorch,sex_classification,Classification,F_ML_PRO_28,0.0001897547576524781,282
auto-pytorch,sex_classification,Classification,F_ML_PRO_29,0.00016529475310436969,293
auto-pytorch,sex_classification,Classification,F_ML_PRO_30,0.0002218034847146481,273
auto-pytorch,sex_classification,Classification,F_ML_PRO_31,0.0003603605747437612,232
auto-pytorch,sex_classification,Classification,F_ML_PRO_32,0.0006713123448029795,172
auto-pytorch,sex_classification,Classification,F_ML_PRO_33,0.0008436212724622259,144
auto-pytorch,sex_classification,Classification,F_ML_PRO_34,0.0013981944360812292,88
auto-pytorch,sex_classification,Classification,F_ML_PRO_35,0.0011507431405081332,111
auto-pytorch,sex_classification,Classification,F_ML_PRO_36,0.0015956957379802072,73
auto-pytorch,sex_classification,Classification,F_ML_PRO_37,0.003555200313930598,21
auto-pytorch,sex_classification,Classification,F_ML_PRO_38,0.003570070123252509,20
auto-pytorch,sex_classification,Classification,F_ML_PRO_39,0.004589449405125039,16
auto-pytorch,sex_classification,Classification,F_ML_PRO_40,0.002656300331078747,29
auto-pytorch,sex_classification,Classification,F_ML_PRO_41,0.0025962493039950437,32
auto-pytorch,sex_classification,Classification,F_ML_PRO_42,0.0019788087072075606,61
auto-pytorch,sex_classification,Classification,F_ML_PRO_43,0.0012097300669769875,103
auto-pytorch,sex_classification,Classification,F_ML_PRO_44,0.0027338242201421503,28
auto-pytorch,sex_classification,Classification,F_ML_PRO_45,0.0006359584808926612,182
auto-pytorch,sex_classification,Classification,F_ML_PRO_46,0.0007012886068022343,164
auto-pytorch,sex_classification,Classification,F_ML_PRO_47,0.00020899684434350178,276
auto-pytorch,sex_classification,Classification,F_ML_PRO_48,8.84949437490216e-05,302
auto-pytorch,sex_classification,Classification,F_ML_PRO_49,0.0002222945335514111,272
auto-pytorch,sex_classification,Classification,F_ML_PRO_50,0.0001989417852169976,279
auto-pytorch,sex_classification,Classification,F_ML_PRO_51,0.00021437298498787615,275
auto-pytorch,sex_classification,Classification,F_ML_PRO_52,0.0001775431308907042,286
auto-pytorch,sex_classification,Classification,F_ML_PRO_53,0.00018430152867458064,283
auto-pytorch,sex_classification,Classification,F_ML_PRO_54,0.0003135498972219486,241
auto-pytorch,sex_classification,Classification,F_ML_PRO_55,0.0002247299055437413,271
auto-pytorch,sex_classification,Classification,F_ML_PRO_56,0.0002012392310646612,278
auto-pytorch,sex_classification,Classification,F_ML_PRO_57,0.0001821304894793106,284
auto-pytorch,sex_classification,Classification,F_ML_PRO_58,0.00027430376109800205,255
auto-pytorch,sex_classification,Classification,F_ML_PRO_59,0.0002637767803736572,257
auto-pytorch,sex_classification,Classification,F_ML_PRO_60,0.00015858125575243798,295
auto-pytorch,sex_classification,Classification,F_ML_PRO_61,8.778468456885994e-05,303
auto-pytorch,sex_classification,Classification,F_ML_PRO_62,0.00017860050935845546,285
auto-pytorch,sex_classification,Classification,F_ML_PRO_63,0.0002984527846399437,245
auto-pytorch,sex_classification,Classification,F_ML_PRO_64,0.00024253722539943346,267
auto-pytorch,sex_classification,Classification,F_ML_PRO_65,0.0008504881345840718,141
auto-pytorch,sex_classification,Classification,F_ML_PRO_66,0.00022663752314735776,270
auto-pytorch,sex_classification,Classification,F_ML_PRO_67,0.00033661734595063407,236
auto-pytorch,sex_classification,Classification,F_ML_PRO_68,0.0005584139713582524,200
auto-pytorch,sex_classification,Classification,F_ML_PRO_69,0.0012724560509349918,98
auto-pytorch,sex_classification,Classification,F_ML_PRO_70,0.000601705218420262,192
auto-pytorch,sex_classification,Classification,F_ML_PRO_71,0.0005620183974805043,198
auto-pytorch,sex_classification,Classification,F_ML_PRO_72,0.001192374799293309,106
auto-pytorch,sex_classification,Classification,F_ML_PRO_73,0.0009754065044119205,129
auto-pytorch,sex_classification,Classification,F_ML_PRO_74,0.001569317620656289,78
auto-pytorch,sex_classification,Classification,F_ML_PRO_75,0.002170570460636741,49
auto-pytorch,sex_classification,Classification,F_ML_PRO_76,0.00211489253115515,50
auto-pytorch,sex_classification,Classification,F_ML_PRO_77,0.007108512739725501,11
auto-pytorch,sex_classification,Classification,F_ML_PRO_78,0.003995233775704556,18
auto-pytorch,sex_classification,Classification,F_ML_PRO_79,0.0029194949381108476,26
auto-pytorch,sex_classification,Classification,F_ML_PRO_80,0.0015283402234305104,81
auto-pytorch,sex_classification,Classification,F_ML_PRO_81,0.001680168579540194,69
auto-pytorch,sex_classification,Classification,F_ML_PRO_82,0.0009376481778332029,134
auto-pytorch,sex_classification,Classification,F_ML_PRO_83,0.000781118429564522,152
auto-pytorch,sex_classification,Classification,F_ML_PRO_84,0.0006660937337448103,176
auto-pytorch,sex_classification,Classification,F_ML_PRO_85,0.0011847275926812617,107
auto-pytorch,sex_classification,Classification,F_ML_PRO_86,0.0011527239961650411,110
auto-pytorch,sex_classification,Classification,F_ML_PRO_87,0.0009866339388513918,126
auto-pytorch,sex_classification,Classification,F_ML_PRO_88,0.0005928970949179676,193
auto-pytorch,sex_classification,Classification,F_ML_PRO_89,0.0011341154314966268,112
auto-pytorch,sex_classification,Classification,F_ML_PRO_90,0.0008189439351715067,149
auto-pytorch,sex_classification,Classification,F_ML_PRO_91,0.000808215397422804,150
auto-pytorch,sex_classification,Classification,F_ML_PRO_92,0.0007759064881472997,155
auto-pytorch,sex_classification,Classification,F_ML_PRO_93,0.00047946177212415214,211
auto-pytorch,sex_classification,Classification,F_ML_PRO_94,0.0003468880455157817,234
auto-pytorch,sex_classification,Classification,F_ML_PRO_95,0.001576250228604507,76
auto-pytorch,sex_classification,Classification,F_ML_PRO_96,0.0022105980927214874,47
auto-pytorch,sex_classification,Classification,F_ML_PRO_97,0.0021147989146609175,51
auto-pytorch,sex_classification,Classification,F_ML_PRO_98,0.0006939457407783002,168
auto-pytorch,sex_classification,Classification,F_ML_PRO_99,0.0006061583356479809,191
auto-pytorch,sex_classification,Classification,F_ML_PRO_100,0.0024625215035677245,35
auto-pytorch,sex_classification,Classification,F_ML_PRO_101,0.00906941636477836,5
autogluon,age_regression,Anthropometric regression,F_V_PRO_1,1.1025167268117264,1
autogluon,age_regression,Anthropometric regression,F_V_PRO_2,0.012374007542928389,236
autogluon,age_regression,Anthropometric regression,F_V_PRO_3,0.04477855745951338,84
autogluon,age_regression,Anthropometric regression,F_V_PRO_4,0.05620873769124349,52
autogluon,age_regression,Anthropometric regression,F_V_PRO_5,0.044470790227254337,86
autogluon,age_regression,Anthropometric regression,F_V_PRO_6,0.07681010818481451,27
autogluon,age_regression,Anthropometric regression,F_V_PRO_7,0.1020497976938883,16
autogluon,age_regression,Anthropometric regression,F_V_PRO_8,0.133658582687378,7
autogluon,age_regression,Anthropometric regression,F_V_PRO_9,0.14793738047281887,6
autogluon,age_regression,Anthropometric regression,F_V_PRO_10,0.1314858328501384,8
autogluon,age_regression,Anthropometric regression,F_V_PRO_11,0.05269977760314936,63
autogluon,age_regression,Anthropometric regression,F_V_PRO_12,0.03024804878234869,122
autogluon,age_regression,Anthropometric regression,F_V_PRO_13,0.03538714090983053,106
autogluon,age_regression,Anthropometric regression,F_V_PRO_14,0.049959802627563416,66
autogluon,age_regression,Anthropometric regression,F_V_PRO_15,0.06757051022847496,35
autogluon,age_regression,Anthropometric regression,F_V_PRO_16,0.09953274218241397,17
autogluon,age_regression,Anthropometric regression,F_V_PRO_17,0.11662701034545873,11
autogluon,age_regression,Anthropometric regression,F_V_PRO_18,0.1091898816426595,14
autogluon,age_regression,Anthropometric regression,F_V_PRO_19,0.07940241114298481,25
autogluon,age_regression,Anthropometric regression,F_V_PRO_20,0.0731653321584064,31
autogluon,age_regression,Anthropometric regression,F_V_PRO_21,0.054091630299885965,58
autogluon,age_regression,Anthropometric regression,F_V_PRO_22,0.04759438323974603,74
autogluon,age_regression,Anthropometric regression,F_V_PRO_23,0.03607460530598943,103
autogluon,age_regression,Anthropometric regression,F_V_PRO_24,0.06758658790588393,34
autogluon,age_regression,Anthropometric regression,F_V_PRO_25,0.034587596893310806,108
autogluon,age_regression,Anthropometric regression,F_V_PRO_26,0.048442131678263264,70
autogluon,age_regression,Anthropometric regression,F_V_PRO_27,0.03438928349812827,110
autogluon,age_regression,Anthropometric regression,F_V_PRO_28,0.03983266448974613,96
autogluon,age_regression,Anthropometric regression,F_V_PRO_29,0.026961955388387023,137
autogluon,age_regression,Anthropometric regression,F_V_PRO_30,0.025156444549560557,145
autogluon,age_regression,Anthropometric regression,F_V_PRO_31,0.04550011189778657,82
autogluon,age_regression,Anthropometric regression,F_V_PRO_32,0.02781756591796866,134
autogluon,age_regression,Anthropometric regression,F_V_PRO_33,0.023829740524292,149
autogluon,age_regression,Anthropometric regression,F_V_PRO_34,0.016880299250285093,186
autogluon,age_regression,Anthropometric regression,F_V_PRO_35,0.01472692044576025,210
autogluon,age_regression,Anthropometric regression,F_V_PRO_36,0.019589790344238207,168
autogluon,age_regression,Anthropometric regression,F_V_PRO_37,0.02725512377421051,136
autogluon,age_regression,Anthropometric regression,F_V_PRO_38,0.030662902832031533,120
autogluon,age_regression,Anthropometric regression,F_V_PRO_39,0.03456356112162311,109
autogluon,age_regression,Anthropometric regression,F_V_PRO_40,0.04498001162211089,83
autogluon,age_regression,Anthropometric regression,F_V_PRO_41,0.04248904291788727,91
autogluon,age_regression,Anthropometric regression,F_V_PRO_42,0.046150396982828565,80
autogluon,age_regression,Anthropometric regression,F_V_PRO_43,0.04872147369384757,69
autogluon,age_regression,Anthropometric regression,F_V_PRO_44,0.06201848475138346,42
autogluon,age_regression,Anthropometric regression,F_V_PRO_45,0.04698571014404293,77
autogluon,age_regression,Anthropometric regression,F_V_PRO_46,0.0821630185445148,23
autogluon,age_regression,Anthropometric regression,F_V_PRO_47,0.06154259745279932,43
autogluon,age_regression,Anthropometric regression,F_V_PRO_48,0.0661392161051431,37
autogluon,age_regression,Anthropometric regression,F_V_PRO_49,0.07138613192240383,32
autogluon,age_regression,Anthropometric regression,F_V_PRO_50,0.06120819854736356,45
autogluon,age_regression,Anthropometric regression,F_V_PRO_51,0.05446802457173708,57
autogluon,age_regression,Anthropometric regression,F_V_PRO_52,0.06647288576761874,36
autogluon,age_regression,Anthropometric regression,F_V_PRO_53,0.04822924677530918,73
autogluon,age_regression,Anthropometric regression,F_V_PRO_54,0.04823582903544103,72
autogluon,age_regression,Anthropometric regression,F_V_PRO_55,0.045894707361856926,81
autogluon,age_regression,Anthropometric regression,F_V_PRO_56,0.06372264099121108,39
autogluon,age_regression,Anthropometric regression,F_V_PRO_57,0.03336989402771007,116
autogluon,age_regression,Anthropometric regression,F_V_PRO_58,0.029620352427164615,127
autogluon,age_regression,Anthropometric regression,F_V_PRO_59,0.03554427146911655,105
autogluon,age_regression,Anthropometric regression,F_V_PRO_60,0.040443056742350394,95
autogluon,age_regression,Anthropometric regression,F_V_PRO_61,0.02968600400288922,126
autogluon,age_regression,Anthropometric regression,F_V_PRO_62,0.03379182497660308,115
autogluon,age_regression,Anthropometric regression,F_V_PRO_63,0.033810152689616166,114
autogluon,age_regression,Anthropometric regression,F_V_PRO_64,0.03863554318745959,98
autogluon,age_regression,Anthropometric regression,F_V_PRO_65,0.027466981887817356,135
autogluon,age_regression,Anthropometric regression,F_V_PRO_66,0.02932057571411152,128
autogluon,age_regression,Anthropometric regression,F_V_PRO_67,0.028512178421020332,131
autogluon,age_regression,Anthropometric regression,F_V_PRO_68,0.021862507502237824,157
autogluon,age_regression,Anthropometric regression,F_V_PRO_69,0.020982409159342373,162
autogluon,age_regression,Anthropometric regression,F_V_PRO_70,0.02554456710815458,140
autogluon,age_regression,Anthropometric regression,F_V_PRO_71,0.017168185551961555,185
autogluon,age_regression,Anthropometric regression,F_V_PRO_72,0.02290880139668765,153
autogluon,age_regression,Anthropometric regression,F_V_PRO_73,0.017736979802449624,180
autogluon,age_regression,Anthropometric regression,F_V_PRO_74,0.02861202303568522,130
autogluon,age_regression,Anthropometric regression,F_V_PRO_75,0.021999897003174063,156
autogluon,age_regression,Anthropometric regression,F_V_PRO_76,0.05221673329671237,64
autogluon,age_regression,Anthropometric regression,F_V_PRO_77,0.03625269381205225,102
autogluon,age_regression,Anthropometric regression,F_V_PRO_78,0.02310707346598318,151
autogluon,age_regression,Anthropometric regression,F_V_PRO_79,0.01925348409016904,171
autogluon,age_regression,Anthropometric regression,F_V_PRO_80,0.029894847869873155,124
autogluon,age_regression,Anthropometric regression,F_V_PRO_81,0.02549593035380037,142
autogluon,age_regression,Anthropometric regression,F_V_PRO_82,0.03745527648925773,101
autogluon,age_regression,Anthropometric regression,F_V_PRO_83,0.05064523315429626,65
autogluon,age_regression,Anthropometric regression,F_V_PRO_84,0.053167549133300976,60
autogluon,age_regression,Anthropometric regression,F_V_PRO_85,0.053285160064697364,59
autogluon,age_regression,Anthropometric regression,F_V_PRO_86,0.07612300872802726,28
autogluon,age_regression,Anthropometric regression,F_V_PRO_87,0.0483999385833742,71
autogluon,age_regression,Anthropometric regression,F_V_PRO_88,0.06312544568379704,40
autogluon,age_regression,Anthropometric regression,F_V_PRO_89,0.05722638130187985,51
autogluon,age_regression,Anthropometric regression,F_V_PRO_90,0.057410302480061876,50
autogluon,age_regression,Anthropometric regression,F_V_PRO_91,0.05752027257283535,49
autogluon,age_regression,Anthropometric regression,F_V_PRO_92,0.044751986185709566,85
autogluon,age_regression,Anthropometric regression,F_V_PRO_93,0.033968632380167625,112
autogluon,age_regression,Anthropometric regression,F_V_PRO_94,0.04259136136372892,90
autogluon,age_regression,Anthropometric regression,F_V_PRO_95,0.028284793217976716,132
autogluon,age_regression,Anthropometric regression,F_V_PRO_96,0.021044457753499123,160
autogluon,age_regression,Anthropometric regression,F_V_PRO_97,0.03290310033162432,117
autogluon,age_regression,Anthropometric regression,F_V_PRO_98,0.013905295054118128,219
autogluon,age_regression,Anthropometric regression,F_V_PRO_99,0.040931669871012426,94
autogluon,age_regression,Anthropometric regression,F_V_PRO_100,0.06136107444763172,44
autogluon,age_regression,Anthropometric regression,F_V_PRO_101,0.9373546066284181,2
autogluon,age_regression,Anthropometric regression,F_AP_PRO_1,0.03240168380737322,118
autogluon,age_regression,Anthropometric regression,F_AP_PRO_2,0.015789641062418626,199
autogluon,age_regression,Anthropometric regression,F_AP_PRO_3,0.008994201024373597,267
autogluon,age_regression,Anthropometric regression,F_AP_PRO_4,0.015721158345540272,203
autogluon,age_regression,Anthropometric regression,F_AP_PRO_5,0.01797552235921233,178
autogluon,age_regression,Anthropometric regression,F_AP_PRO_6,0.02781987635294616,133
autogluon,age_regression,Anthropometric regression,F_AP_PRO_7,0.030635366439819182,121
autogluon,age_regression,Anthropometric regression,F_AP_PRO_8,0.07731895828247086,26
autogluon,age_regression,Anthropometric regression,F_AP_PRO_9,0.023243964513142798,150
autogluon,age_regression,Anthropometric regression,F_AP_PRO_10,0.046882439931233574,78
autogluon,age_regression,Anthropometric regression,F_AP_PRO_11,0.07965473874409981,24
autogluon,age_regression,Anthropometric regression,F_AP_PRO_12,0.09179576301574688,19
autogluon,age_regression,Anthropometric regression,F_AP_PRO_13,0.05548887634277359,55
autogluon,age_regression,Anthropometric regression,F_AP_PRO_14,0.06085303115844714,46
autogluon,age_regression,Anthropometric regression,F_AP_PRO_15,0.02623769632975274,138
autogluon,age_regression,Anthropometric regression,F_AP_PRO_16,0.019865497589111433,167
autogluon,age_regression,Anthropometric regression,F_AP_PRO_17,0.01885356903076154,172
autogluon,age_regression,Anthropometric regression,F_AP_PRO_18,0.011897452036539786,240
autogluon,age_regression,Anthropometric regression,F_AP_PRO_19,0.012960519790649746,230
autogluon,age_regression,Anthropometric regression,F_AP_PRO_20,0.01268489774068217,232
autogluon,age_regression,Anthropometric regression,F_AP_PRO_21,0.011946898142496743,238
autogluon,age_regression,Anthropometric regression,F_AP_PRO_22,0.014972298304239651,208
autogluon,age_regression,Anthropometric regression,F_AP_PRO_23,0.020902485529581464,164
autogluon,age_regression,Anthropometric regression,F_AP_PRO_24,0.04734624608357733,76
autogluon,age_regression,Anthropometric regression,F_AP_PRO_25,0.03745772679646813,100
autogluon,age_regression,Anthropometric regression,F_AP_PRO_26,0.03384694862365733,113
autogluon,age_regression,Anthropometric regression,F_AP_PRO_27,0.052872903188069684,61
autogluon,age_regression,Anthropometric regression,F_AP_PRO_28,0.056142587025960464,53
autogluon,age_regression,Anthropometric regression,F_AP_PRO_29,0.022915868759155404,152
autogluon,age_regression,Anthropometric regression,F_AP_PRO_30,0.01582453664143865,198
autogluon,age_regression,Anthropometric regression,F_AP_PRO_31,0.01774982706705745,179
autogluon,age_regression,Anthropometric regression,F_AP_PRO_32,0.010030179341634297,257
autogluon,age_regression,Anthropometric regression,F_AP_PRO_33,0.0073028494517007065,292
autogluon,age_regression,Anthropometric regression,F_AP_PRO_34,0.012628159840901827,233
autogluon,age_regression,Anthropometric regression,F_AP_PRO_35,0.0089291292826332,268
autogluon,age_regression,Anthropometric regression,F_AP_PRO_36,0.014475219726562294,213
autogluon,age_regression,Anthropometric regression,F_AP_PRO_37,0.028712514241536386,129
autogluon,age_regression,Anthropometric regression,F_AP_PRO_38,0.01166903686523432,244
autogluon,age_regression,Anthropometric regression,F_AP_PRO_39,0.007837179819742761,289
autogluon,age_regression,Anthropometric regression,F_AP_PRO_40,0.013093175252278695,229
autogluon,age_regression,Anthropometric regression,F_AP_PRO_41,0.013570796966552537,224
autogluon,age_regression,Anthropometric regression,F_AP_PRO_42,0.014651721954345713,211
autogluon,age_regression,Anthropometric regression,F_AP_PRO_43,0.020156794230143108,166
autogluon,age_regression,Anthropometric regression,F_AP_PRO_44,0.008560866673787497,274
autogluon,age_regression,Anthropometric regression,F_AP_PRO_45,0.0059920183817546045,303
autogluon,age_regression,Anthropometric regression,F_AP_PRO_46,0.012443525950113828,235
autogluon,age_regression,Anthropometric regression,F_AP_PRO_47,0.006899603525797223,297
autogluon,age_regression,Anthropometric regression,F_AP_PRO_48,0.007134151458740056,295
autogluon,age_regression,Anthropometric regression,F_AP_PRO_49,0.015732700983683224,201
autogluon,age_regression,Anthropometric regression,F_AP_PRO_50,0.008175270080566222,283
autogluon,age_regression,Anthropometric regression,F_AP_PRO_51,0.010660979588826437,253
autogluon,age_regression,Anthropometric regression,F_AP_PRO_52,0.008612341562906719,272
autogluon,age_regression,Anthropometric regression,F_AP_PRO_53,0.013320060729980376,228
autogluon,age_regression,Anthropometric regression,F_AP_PRO_54,0.008344600041707414,280
autogluon,age_regression,Anthropometric regression,F_AP_PRO_55,0.04633468500773071,79
autogluon,age_regression,Anthropometric regression,F_AP_PRO_56,0.024689448038737124,147
autogluon,age_regression,Anthropometric regression,F_AP_PRO_57,0.08354443486531557,22
autogluon,age_regression,Anthropometric regression,F_AP_PRO_58,0.06493277168273917,38
autogluon,age_regression,Anthropometric regression,F_AP_PRO_59,0.02443325233459467,148
autogluon,age_regression,Anthropometric regression,F_AP_PRO_60,0.06017174847920727,48
autogluon,age_regression,Anthropometric regression,F_AP_PRO_61,0.04300745010375954,89
autogluon,age_regression,Anthropometric regression,F_AP_PRO_62,0.025162127812703026,144
autogluon,age_regression,Anthropometric regression,F_AP_PRO_63,0.013577477773030762,222
autogluon,age_regression,Anthropometric regression,F_AP_PRO_64,0.021031754811604842,161
autogluon,age_regression,Anthropometric regression,F_AP_PRO_65,0.007896600723266544,288
autogluon,age_regression,Anthropometric regression,F_AP_PRO_66,0.01845970789591481,173
autogluon,age_regression,Anthropometric regression,F_AP_PRO_67,0.01833649571736669,174
autogluon,age_regression,Anthropometric regression,F_AP_PRO_68,0.013558547337849744,225
autogluon,age_regression,Anthropometric regression,F_AP_PRO_69,0.01595509338378912,195
autogluon,age_regression,Anthropometric regression,F_AP_PRO_70,0.010706920623779344,251
autogluon,age_regression,Anthropometric regression,F_AP_PRO_71,0.012763188044230192,231
autogluon,age_regression,Anthropometric regression,F_AP_PRO_72,0.007209545135497801,293
autogluon,age_regression,Anthropometric regression,F_AP_PRO_73,0.01584514172871921,197
autogluon,age_regression,Anthropometric regression,F_AP_PRO_74,0.012257392883300789,237
autogluon,age_regression,Anthropometric regression,F_AP_PRO_75,0.00616267585754399,301
autogluon,age_regression,Anthropometric regression,F_AP_PRO_76,0.016810418446858755,187
autogluon,age_regression,Anthropometric regression,F_AP_PRO_77,0.015278013229370184,205
autogluon,age_regression,Anthropometric regression,F_AP_PRO_78,0.008519275665282973,276
autogluon,age_regression,Anthropometric regression,F_AP_PRO_79,0.008734103520711401,270
autogluon,age_regression,Anthropometric regression,F_AP_PRO_80,0.011239207585652741,248
autogluon,age_regression,Anthropometric regression,F_AP_PRO_81,0.01148680686950693,246
autogluon,age_regression,Anthropometric regression,F_AP_PRO_82,0.009986754099527909,258
autogluon,age_regression,Anthropometric regression,F_AP_PRO_83,0.011795055389404455,243
autogluon,age_regression,Anthropometric regression,F_AP_PRO_84,0.01813596153259264,176
autogluon,age_regression,Anthropometric regression,F_AP_PRO_85,0.020975816090901548,163
autogluon,age_regression,Anthropometric regression,F_AP_PRO_86,0.011817162831624373,241
autogluon,age_regression,Anthropometric regression,F_AP_PRO_87,0.021636606216430227,158
autogluon,age_regression,Anthropometric regression,F_AP_PRO_88,0.03518832969665559,107
autogluon,age_regression,Anthropometric regression,F_AP_PRO_89,0.04888900184631394,68
autogluon,age_regression,Anthropometric regression,F_AP_PRO_90,0.07481040445963553,30
autogluon,age_regression,Anthropometric regression,F_AP_PRO_91,0.0841991723378498,21
autogluon,age_regression,Anthropometric regression,F_AP_PRO_92,0.20755776405334458,3
autogluon,age_regression,Anthropometric regression,F_AP_PRO_93,0.03400058174133307,111
autogluon,age_regression,Anthropometric regression,F_AP_PRO_94,0.11145208676656088,12
autogluon,age_regression,Anthropometric regression,F_AP_PRO_95,0.12738655980428065,9
autogluon,age_regression,Anthropometric regression,F_AP_PRO_96,0.15974763806660933,5
autogluon,age_regression,Anthropometric regression,F_AP_PRO_97,0.09476042429606141,18
autogluon,age_regression,Anthropometric regression,F_AP_PRO_98,0.0705834598541261,33
autogluon,age_regression,Anthropometric regression,F_AP_PRO_99,0.049407765706380204,67
autogluon,age_regression,Anthropometric regression,F_AP_PRO_100,0.06034697850545244,47
autogluon,age_regression,Anthropometric regression,F_AP_PRO_101,0.11047595914204902,13
autogluon,age_regression,Anthropometric regression,F_ML_PRO_1,0.062251036961873334,41
autogluon,age_regression,Anthropometric regression,F_ML_PRO_2,0.013490865707397088,226
autogluon,age_regression,Anthropometric regression,F_ML_PRO_3,0.010150786081949904,256
autogluon,age_regression,Anthropometric regression,F_ML_PRO_4,0.009551961263020855,262
autogluon,age_regression,Anthropometric regression,F_ML_PRO_5,0.022781211853027433,154
autogluon,age_regression,Anthropometric regression,F_ML_PRO_6,0.04335815175374324,88
autogluon,age_regression,Anthropometric regression,F_ML_PRO_7,0.029858240763346266,125
autogluon,age_regression,Anthropometric regression,F_ML_PRO_8,0.07533763376871759,29
autogluon,age_regression,Anthropometric regression,F_ML_PRO_9,0.04175190862019864,92
autogluon,age_regression,Anthropometric regression,F_ML_PRO_10,0.02596957333882628,139
autogluon,age_regression,Anthropometric regression,F_ML_PRO_11,0.04411914507548017,87
autogluon,age_regression,Anthropometric regression,F_ML_PRO_12,0.09151685269673665,20
autogluon,age_regression,Anthropometric regression,F_ML_PRO_13,0.11918735313415532,10
autogluon,age_regression,Anthropometric regression,F_ML_PRO_14,0.18989576975504566,4
autogluon,age_regression,Anthropometric regression,F_ML_PRO_15,0.10787107849121108,15
autogluon,age_regression,Anthropometric regression,F_ML_PRO_16,0.05451511065165218,56
autogluon,age_regression,Anthropometric regression,F_ML_PRO_17,0.01641344706217455,191
autogluon,age_regression,Anthropometric regression,F_ML_PRO_18,0.006819363911946693,299
autogluon,age_regression,Anthropometric regression,F_ML_PRO_19,0.008272073745727582,282
autogluon,age_regression,Anthropometric regression,F_ML_PRO_20,0.013573650360107218,223
autogluon,age_regression,Anthropometric regression,F_ML_PRO_21,0.011796361287434998,242
autogluon,age_regression,Anthropometric regression,F_ML_PRO_22,0.009680002848307308,260
autogluon,age_regression,Anthropometric regression,F_ML_PRO_23,0.008565407435099282,273
autogluon,age_regression,Anthropometric regression,F_ML_PRO_24,0.01463474655151368,212
autogluon,age_regression,Anthropometric regression,F_ML_PRO_25,0.00961116472880062,261
autogluon,age_regression,Anthropometric regression,F_ML_PRO_26,0.00839905484517433,279
autogluon,age_regression,Anthropometric regression,F_ML_PRO_27,0.011285208384195873,247
autogluon,age_regression,Anthropometric regression,F_ML_PRO_28,0.008408059438069888,278
autogluon,age_regression,Anthropometric regression,F_ML_PRO_29,0.006021772384643261,302
autogluon,age_regression,Anthropometric regression,F_ML_PRO_30,0.0560496476491292,54
autogluon,age_regression,Anthropometric regression,F_ML_PRO_31,0.017510467529296747,183
autogluon,age_regression,Anthropometric regression,F_ML_PRO_32,0.009877001444498804,259
autogluon,age_regression,Anthropometric regression,F_ML_PRO_33,0.02551620165507007,141
autogluon,age_regression,Anthropometric regression,F_ML_PRO_34,0.009168797810872082,266
autogluon,age_regression,Anthropometric regression,F_ML_PRO_35,0.008160396575927582,284
autogluon,age_regression,Anthropometric regression,F_ML_PRO_36,0.008008746465047227,286
autogluon,age_regression,Anthropometric regression,F_ML_PRO_37,0.008830037434895802,269
autogluon,age_regression,Anthropometric regression,F_ML_PRO_38,0.008341638565063232,281
autogluon,age_regression,Anthropometric regression,F_ML_PRO_39,0.007806110382080433,290
autogluon,age_regression,Anthropometric regression,F_ML_PRO_40,0.010652267456054609,254
autogluon,age_regression,Anthropometric regression,F_ML_PRO_41,0.009292848587036199,265
autogluon,age_regression,Anthropometric regression,F_ML_PRO_42,0.021140184402465737,159
autogluon,age_regression,Anthropometric regression,F_ML_PRO_43,0.017566922505696306,182
autogluon,age_regression,Anthropometric regression,F_ML_PRO_44,0.007649571100870804,291
autogluon,age_regression,Anthropometric regression,F_ML_PRO_45,0.013870532989501782,220
autogluon,age_regression,Anthropometric regression,F_ML_PRO_46,0.006732210159301743,300
autogluon,age_regression,Anthropometric regression,F_ML_PRO_47,0.01157590230305973,245
autogluon,age_regression,Anthropometric regression,F_ML_PRO_48,0.010697849273681706,252
autogluon,age_regression,Anthropometric regression,F_ML_PRO_49,0.008091466903686376,285
autogluon,age_regression,Anthropometric regression,F_ML_PRO_50,0.017391969045003168,184
autogluon,age_regression,Anthropometric regression,F_ML_PRO_51,0.020688444137573054,165
autogluon,age_regression,Anthropometric regression,F_ML_PRO_52,0.016079641977946164,192
autogluon,age_regression,Anthropometric regression,F_ML_PRO_53,0.007911502838134984,287
autogluon,age_regression,Anthropometric regression,F_ML_PRO_54,0.010406314849853555,255
autogluon,age_regression,Anthropometric regression,F_ML_PRO_55,0.01650945409138996,189
autogluon,age_regression,Anthropometric regression,F_ML_PRO_56,0.014264788945516037,216
autogluon,age_regression,Anthropometric regression,F_ML_PRO_57,0.017595616022745966,181
autogluon,age_regression,Anthropometric regression,F_ML_PRO_58,0.01573651059468606,200
autogluon,age_regression,Anthropometric regression,F_ML_PRO_59,0.019412977854410526,169
autogluon,age_regression,Anthropometric regression,F_ML_PRO_60,0.039042710622151706,97
autogluon,age_regression,Anthropometric regression,F_ML_PRO_61,0.041216992696126255,93
autogluon,age_regression,Anthropometric regression,F_ML_PRO_62,0.015727473576863698,202
autogluon,age_regression,Anthropometric regression,F_ML_PRO_63,0.013630053838093955,221
autogluon,age_regression,Anthropometric regression,F_ML_PRO_64,0.017986314773559425,177
autogluon,age_regression,Anthropometric regression,F_ML_PRO_65,0.0119392979939778,239
autogluon,age_regression,Anthropometric regression,F_ML_PRO_66,0.007176476160684864,294
autogluon,age_regression,Anthropometric regression,F_ML_PRO_67,0.014369526545206549,215
autogluon,age_regression,Anthropometric regression,F_ML_PRO_68,0.01442315228780154,214
autogluon,age_regression,Anthropometric regression,F_ML_PRO_69,0.013359477996826463,227
autogluon,age_regression,Anthropometric regression,F_ML_PRO_70,0.009541402816772642,263
autogluon,age_regression,Anthropometric regression,F_ML_PRO_71,0.015938984553019432,196
autogluon,age_regression,Anthropometric regression,F_ML_PRO_72,0.008705251693725557,271
autogluon,age_regression,Anthropometric regression,F_ML_PRO_73,0.01602630424499498,193
autogluon,age_regression,Anthropometric regression,F_ML_PRO_74,0.0183015149434409,175
autogluon,age_regression,Anthropometric regression,F_ML_PRO_75,0.025263828913370704,143
autogluon,age_regression,Anthropometric regression,F_ML_PRO_76,0.04748808670043943,75
autogluon,age_regression,Anthropometric regression,F_ML_PRO_77,0.03595983505249022,104
autogluon,age_regression,Anthropometric regression,F_ML_PRO_78,0.03002206675211608,123
autogluon,age_regression,Anthropometric regression,F_ML_PRO_79,0.024744601567586542,146
autogluon,age_regression,Anthropometric regression,F_ML_PRO_80,0.022381099065144974,155
autogluon,age_regression,Anthropometric regression,F_ML_PRO_81,0.015967605590820118,194
autogluon,age_regression,Anthropometric regression,F_ML_PRO_82,0.015020677566528326,206
autogluon,age_regression,Anthropometric regression,F_ML_PRO_83,0.012552194595336985,234
autogluon,age_regression,Anthropometric regression,F_ML_PRO_84,0.015292172749837008,204
autogluon,age_regression,Anthropometric regression,F_ML_PRO_85,0.011104299545287985,249
autogluon,age_regression,Anthropometric regression,F_ML_PRO_86,0.008541327158610024,275
autogluon,age_regression,Anthropometric regression,F_ML_PRO_87,0.00683638000488281,298
autogluon,age_regression,Anthropometric regression,F_ML_PRO_88,0.00943403244018531,264
autogluon,age_regression,Anthropometric regression,F_ML_PRO_89,0.014249846776326435,217
autogluon,age_regression,Anthropometric regression,F_ML_PRO_90,0.006962619781494084,296
autogluon,age_regression,Anthropometric regression,F_ML_PRO_91,0.015014758427937794,207
autogluon,age_regression,Anthropometric regression,F_ML_PRO_92,0.008463777542114078,277
autogluon,age_regression,Anthropometric regression,F_ML_PRO_93,0.01107767677307129,250
autogluon,age_regression,Anthropometric regression,F_ML_PRO_94,0.013988889058430883,218
autogluon,age_regression,Anthropometric regression,F_ML_PRO_95,0.01673807271321633,188
autogluon,age_regression,Anthropometric regression,F_ML_PRO_96,0.014969131469726626,209
autogluon,age_regression,Anthropometric regression,F_ML_PRO_97,0.016447399775186965,190
autogluon,age_regression,Anthropometric regression,F_ML_PRO_98,0.031511289596557766,119
autogluon,age_regression,Anthropometric regression,F_ML_PRO_99,0.019309450785319034,170
autogluon,age_regression,Anthropometric regression,F_ML_PRO_100,0.0386276346842448,99
autogluon,age_regression,Anthropometric regression,F_ML_PRO_101,0.05274695014953608,62
autogluon,height_regression,Anthropometric regression,F_V_PRO_1,2.5917559763590488,1
autogluon,height_regression,Anthropometric regression,F_V_PRO_2,0.019782735188802292,165
autogluon,height_regression,Anthropometric regression,F_V_PRO_3,0.10082268778483013,23
autogluon,height_regression,Anthropometric regression,F_V_PRO_4,0.17416362508137836,9
autogluon,height_regression,Anthropometric regression,F_V_PRO_5,0.03843401590983433,93
autogluon,height_regression,Anthropometric regression,F_V_PRO_6,0.08170947774251308,32
autogluon,height_regression,Anthropometric regression,F_V_PRO_7,0.07667049153645801,39
autogluon,height_regression,Anthropometric regression,F_V_PRO_8,0.08013835144042881,34
autogluon,height_regression,Anthropometric regression,F_V_PRO_9,0.12338881429036377,12
autogluon,height_regression,Anthropometric regression,F_V_PRO_10,0.07895346069336047,37
autogluon,height_regression,Anthropometric regression,F_V_PRO_11,0.03986475118000925,88
autogluon,height_regression,Anthropometric regression,F_V_PRO_12,0.025523559570312198,144
autogluon,height_regression,Anthropometric regression,F_V_PRO_13,0.02712221781412817,134
autogluon,height_regression,Anthropometric regression,F_V_PRO_14,0.042720876057941365,86
autogluon,height_regression,Anthropometric regression,F_V_PRO_15,0.10323135884603024,22
autogluon,height_regression,Anthropometric regression,F_V_PRO_16,0.11466590372721251,18
autogluon,height_regression,Anthropometric regression,F_V_PRO_17,0.20427495320638087,7
autogluon,height_regression,Anthropometric regression,F_V_PRO_18,0.12171207173665076,13
autogluon,height_regression,Anthropometric regression,F_V_PRO_19,0.12086201985677245,14
autogluon,height_regression,Anthropometric regression,F_V_PRO_20,0.22868053690592519,5
autogluon,height_regression,Anthropometric regression,F_V_PRO_21,0.0685079905192064,47
autogluon,height_regression,Anthropometric regression,F_V_PRO_22,0.10413795979817735,21
autogluon,height_regression,Anthropometric regression,F_V_PRO_23,0.04959724426269314,71
autogluon,height_regression,Anthropometric regression,F_V_PRO_24,0.038840510050456585,92
autogluon,height_regression,Anthropometric regression,F_V_PRO_25,0.032269719441732056,110
autogluon,height_regression,Anthropometric regression,F_V_PRO_26,0.02466529846191416,149
autogluon,height_regression,Anthropometric regression,F_V_PRO_27,0.05487574259440038,61
autogluon,height_regression,Anthropometric regression,F_V_PRO_28,0.062822560628256,51
autogluon,height_regression,Anthropometric regression,F_V_PRO_29,0.052677266438801953,63
autogluon,height_regression,Anthropometric regression,F_V_PRO_30,0.09111329650878967,28
autogluon,height_regression,Anthropometric regression,F_V_PRO_31,0.0750305938720686,42
autogluon,height_regression,Anthropometric regression,F_V_PRO_32,0.05765554300943876,54
autogluon,height_regression,Anthropometric regression,F_V_PRO_33,0.02963451639811012,123
autogluon,height_regression,Anthropometric regression,F_V_PRO_34,0.01390574645996073,198
autogluon,height_regression,Anthropometric regression,F_V_PRO_35,0.011664042154948125,216
autogluon,height_regression,Anthropometric regression,F_V_PRO_36,0.012416508992510936,213
autogluon,height_regression,Anthropometric regression,F_V_PRO_37,0.013080276489259765,209
autogluon,height_regression,Anthropometric regression,F_V_PRO_38,0.014378621419268711,196
autogluon,height_regression,Anthropometric regression,F_V_PRO_39,0.03026412455241001,122
autogluon,height_regression,Anthropometric regression,F_V_PRO_40,0.018524795532226315,173
autogluon,height_regression,Anthropometric regression,F_V_PRO_41,0.01785183207194052,178
autogluon,height_regression,Anthropometric regression,F_V_PRO_42,0.021986445109050123,158
autogluon,height_regression,Anthropometric regression,F_V_PRO_43,0.021429484049479204,160
autogluon,height_regression,Anthropometric regression,F_V_PRO_44,0.0350043487548831,103
autogluon,height_regression,Anthropometric regression,F_V_PRO_45,0.021072235107422916,161
autogluon,height_regression,Anthropometric regression,F_V_PRO_46,0.03113339233398733,114
autogluon,height_regression,Anthropometric regression,F_V_PRO_47,0.018339014689127946,176
autogluon,height_regression,Anthropometric regression,F_V_PRO_48,0.03260693359374898,109
autogluon,height_regression,Anthropometric regression,F_V_PRO_49,0.015565338134766666,186
autogluon,height_regression,Anthropometric regression,F_V_PRO_50,0.0262136332194018,142
autogluon,height_regression,Anthropometric regression,F_V_PRO_51,0.07976989237467412,36
autogluon,height_regression,Anthropometric regression,F_V_PRO_52,0.04516636657714817,80
autogluon,height_regression,Anthropometric regression,F_V_PRO_53,0.04647154235839537,76
autogluon,height_regression,Anthropometric regression,F_V_PRO_54,0.045437784830730736,79
autogluon,height_regression,Anthropometric regression,F_V_PRO_55,0.049798390706380265,69
autogluon,height_regression,Anthropometric regression,F_V_PRO_56,0.042728042602540955,85
autogluon,height_regression,Anthropometric regression,F_V_PRO_57,0.03356603495280031,105
autogluon,height_regression,Anthropometric regression,F_V_PRO_58,0.02758838399251052,133
autogluon,height_regression,Anthropometric regression,F_V_PRO_59,0.039705434163410304,89
autogluon,height_regression,Anthropometric regression,F_V_PRO_60,0.020505442301432215,163
autogluon,height_regression,Anthropometric regression,F_V_PRO_61,0.027085433959961828,135
autogluon,height_regression,Anthropometric regression,F_V_PRO_62,0.03604209391275788,99
autogluon,height_regression,Anthropometric regression,F_V_PRO_63,0.02317409769694005,152
autogluon,height_regression,Anthropometric regression,F_V_PRO_64,0.02520132954915321,146
autogluon,height_regression,Anthropometric regression,F_V_PRO_65,0.036338027954102375,98
autogluon,height_regression,Anthropometric regression,F_V_PRO_66,0.02561187744140625,143
autogluon,height_regression,Anthropometric regression,F_V_PRO_67,0.024765487670895918,148
autogluon,height_regression,Anthropometric regression,F_V_PRO_68,0.031013000488281744,117
autogluon,height_regression,Anthropometric regression,F_V_PRO_69,0.013191268920898835,207
autogluon,height_regression,Anthropometric regression,F_V_PRO_70,0.009447977701822671,239
autogluon,height_regression,Anthropometric regression,F_V_PRO_71,0.013670486450195085,202
autogluon,height_regression,Anthropometric regression,F_V_PRO_72,0.009263178507489063,242
autogluon,height_regression,Anthropometric regression,F_V_PRO_73,0.0072497914632156345,268
autogluon,height_regression,Anthropometric regression,F_V_PRO_74,0.008873830159504336,247
autogluon,height_regression,Anthropometric regression,F_V_PRO_75,0.007152709960937405,269
autogluon,height_regression,Anthropometric regression,F_V_PRO_76,0.007564707438150719,264
autogluon,height_regression,Anthropometric regression,F_V_PRO_77,0.016437688191733458,184
autogluon,height_regression,Anthropometric regression,F_V_PRO_78,0.01923015340169343,169
autogluon,height_regression,Anthropometric regression,F_V_PRO_79,0.01370463562011679,200
autogluon,height_regression,Anthropometric regression,F_V_PRO_80,0.031080174763997093,116
autogluon,height_regression,Anthropometric regression,F_V_PRO_81,0.03752345784505404,97
autogluon,height_regression,Anthropometric regression,F_V_PRO_82,0.031081710815430104,115
autogluon,height_regression,Anthropometric regression,F_V_PRO_83,0.09233017985025876,27
autogluon,height_regression,Anthropometric regression,F_V_PRO_84,0.03424077860514293,104
autogluon,height_regression,Anthropometric regression,F_V_PRO_85,0.05081376139322439,68
autogluon,height_regression,Anthropometric regression,F_V_PRO_86,0.10963645935058679,20
autogluon,height_regression,Anthropometric regression,F_V_PRO_87,0.02689234924316395,136
autogluon,height_regression,Anthropometric regression,F_V_PRO_88,0.02147251892089533,159
autogluon,height_regression,Anthropometric regression,F_V_PRO_89,0.028268208821614373,127
autogluon,height_regression,Anthropometric regression,F_V_PRO_90,0.02342417907714586,151
autogluon,height_regression,Anthropometric regression,F_V_PRO_91,0.0226419016520173,157
autogluon,height_regression,Anthropometric regression,F_V_PRO_92,0.02805881245930948,130
autogluon,height_regression,Anthropometric regression,F_V_PRO_93,0.04662738037109288,75
autogluon,height_regression,Anthropometric regression,F_V_PRO_94,0.044508015950520036,82
autogluon,height_regression,Anthropometric regression,F_V_PRO_95,0.03199775695800895,111
autogluon,height_regression,Anthropometric regression,F_V_PRO_96,0.048519719441735276,72
autogluon,height_regression,Anthropometric regression,F_V_PRO_97,0.03948355102539267,90
autogluon,height_regression,Anthropometric regression,F_V_PRO_98,0.014575576782226563,194
autogluon,height_regression,Anthropometric regression,F_V_PRO_99,0.022783426920571514,154
autogluon,height_regression,Anthropometric regression,F_V_PRO_100,0.03084798177083267,119
autogluon,height_regression,Anthropometric regression,F_V_PRO_101,1.3446244557698581,2
autogluon,height_regression,Anthropometric regression,F_AP_PRO_1,0.04553439331054297,78
autogluon,height_regression,Anthropometric regression,F_AP_PRO_2,0.01792716471354131,177
autogluon,height_regression,Anthropometric regression,F_AP_PRO_3,0.046814300537107084,74
autogluon,height_regression,Anthropometric regression,F_AP_PRO_4,0.055453109741213306,60
autogluon,height_regression,Anthropometric regression,F_AP_PRO_5,0.0381080474853538,94
autogluon,height_regression,Anthropometric regression,F_AP_PRO_6,0.05203581237792984,66
autogluon,height_regression,Anthropometric regression,F_AP_PRO_7,0.04468016052246071,81
autogluon,height_regression,Anthropometric regression,F_AP_PRO_8,0.03166753641764378,112
autogluon,height_regression,Anthropometric regression,F_AP_PRO_9,0.02781300862630142,131
autogluon,height_regression,Anthropometric regression,F_AP_PRO_10,0.11163399759928154,19
autogluon,height_regression,Anthropometric regression,F_AP_PRO_11,0.029340128580727765,124
autogluon,height_regression,Anthropometric regression,F_AP_PRO_12,0.015026524861653456,188
autogluon,height_regression,Anthropometric regression,F_AP_PRO_13,0.022662612915038474,156
autogluon,height_regression,Anthropometric regression,F_AP_PRO_14,0.04089818318684924,87
autogluon,height_regression,Anthropometric regression,F_AP_PRO_15,0.03582732645670935,100
autogluon,height_regression,Anthropometric regression,F_AP_PRO_16,0.022788472493490513,153
autogluon,height_regression,Anthropometric regression,F_AP_PRO_17,0.026238784790039917,141
autogluon,height_regression,Anthropometric regression,F_AP_PRO_18,0.0799010264078755,35
autogluon,height_regression,Anthropometric regression,F_AP_PRO_19,0.08104111735026057,33
autogluon,height_regression,Anthropometric regression,F_AP_PRO_20,0.052323720296224015,65
autogluon,height_regression,Anthropometric regression,F_AP_PRO_21,0.1001169942220083,24
autogluon,height_regression,Anthropometric regression,F_AP_PRO_22,0.07534171549479064,41
autogluon,height_regression,Anthropometric regression,F_AP_PRO_23,0.05756577555338491,56
autogluon,height_regression,Anthropometric regression,F_AP_PRO_24,0.03572358194987023,102
autogluon,height_regression,Anthropometric regression,F_AP_PRO_25,0.014899556477864924,190
autogluon,height_regression,Anthropometric regression,F_AP_PRO_26,0.014749186197916231,192
autogluon,height_regression,Anthropometric regression,F_AP_PRO_27,0.011541498819985918,218
autogluon,height_regression,Anthropometric regression,F_AP_PRO_28,0.017182357788086713,181
autogluon,height_regression,Anthropometric regression,F_AP_PRO_29,0.032828776041665245,108
autogluon,height_regression,Anthropometric regression,F_AP_PRO_30,0.025096288045247186,147
autogluon,height_regression,Anthropometric regression,F_AP_PRO_31,0.013093139648438524,208
autogluon,height_regression,Anthropometric regression,F_AP_PRO_32,0.008153467814129556,257
autogluon,height_regression,Anthropometric regression,F_AP_PRO_33,0.008663884480791731,251
autogluon,height_regression,Anthropometric regression,F_AP_PRO_34,0.01149535624185963,219
autogluon,height_regression,Anthropometric regression,F_AP_PRO_35,0.014567276000974516,195
autogluon,height_regression,Anthropometric regression,F_AP_PRO_36,0.008897043863932197,246
autogluon,height_regression,Anthropometric regression,F_AP_PRO_37,0.010415120442709735,229
autogluon,height_regression,Anthropometric regression,F_AP_PRO_38,0.005534006754557671,290
autogluon,height_regression,Anthropometric regression,F_AP_PRO_39,0.0066576283772784945,277
autogluon,height_regression,Anthropometric regression,F_AP_PRO_40,0.004416437784831354,301
autogluon,height_regression,Anthropometric regression,F_AP_PRO_41,0.0050485127766933145,297
autogluon,height_regression,Anthropometric regression,F_AP_PRO_42,0.009245534261069584,243
autogluon,height_regression,Anthropometric regression,F_AP_PRO_43,0.006729644775389924,274
autogluon,height_regression,Anthropometric regression,F_AP_PRO_44,0.006489624023438504,278
autogluon,height_regression,Anthropometric regression,F_AP_PRO_45,0.006015675862628692,283
autogluon,height_regression,Anthropometric regression,F_AP_PRO_46,0.0038534495035823586,302
autogluon,height_regression,Anthropometric regression,F_AP_PRO_47,0.005927805582678995,286
autogluon,height_regression,Anthropometric regression,F_AP_PRO_48,0.004744649251301306,299
autogluon,height_regression,Anthropometric regression,F_AP_PRO_49,0.006461537679034753,280
autogluon,height_regression,Anthropometric regression,F_AP_PRO_50,0.004543370564775747,300
autogluon,height_regression,Anthropometric regression,F_AP_PRO_51,0.005433181762695938,293
autogluon,height_regression,Anthropometric regression,F_AP_PRO_52,0.010478322347003181,228
autogluon,height_regression,Anthropometric regression,F_AP_PRO_53,0.013673283894855122,201
autogluon,height_regression,Anthropometric regression,F_AP_PRO_54,0.00564977518717645,288
autogluon,height_regression,Anthropometric regression,F_AP_PRO_55,0.011658126831053058,217
autogluon,height_regression,Anthropometric regression,F_AP_PRO_56,0.020675949096679365,162
autogluon,height_regression,Anthropometric regression,F_AP_PRO_57,0.011438222249347992,221
autogluon,height_regression,Anthropometric regression,F_AP_PRO_58,0.03780750528971547,95
autogluon,height_regression,Anthropometric regression,F_AP_PRO_59,0.007392425537107765,267
autogluon,height_regression,Anthropometric regression,F_AP_PRO_60,0.05832355244954452,53
autogluon,height_regression,Anthropometric regression,F_AP_PRO_61,0.005998535156250758,284
autogluon,height_regression,Anthropometric regression,F_AP_PRO_62,0.009650441487629753,235
autogluon,height_regression,Anthropometric regression,F_AP_PRO_63,0.01626240030924464,185
autogluon,height_regression,Anthropometric regression,F_AP_PRO_64,0.006459823608396201,281
autogluon,height_regression,Anthropometric regression,F_AP_PRO_65,0.009949117024741837,232
autogluon,height_regression,Anthropometric regression,F_AP_PRO_66,0.006842203776039923,272
autogluon,height_regression,Anthropometric regression,F_AP_PRO_67,0.008602635701493947,253
autogluon,height_regression,Anthropometric regression,F_AP_PRO_68,0.005476191202799422,292
autogluon,height_regression,Anthropometric regression,F_AP_PRO_69,0.006674489339192746,276
autogluon,height_regression,Anthropometric regression,F_AP_PRO_70,0.01737316894531394,179
autogluon,height_regression,Anthropometric regression,F_AP_PRO_71,0.007481170654294071,265
autogluon,height_regression,Anthropometric regression,F_AP_PRO_72,0.013814081827798929,199
autogluon,height_regression,Anthropometric regression,F_AP_PRO_73,0.01949820963541621,166
autogluon,height_regression,Anthropometric regression,F_AP_PRO_74,0.028456944783527168,125
autogluon,height_regression,Anthropometric regression,F_AP_PRO_75,0.008072875976562937,259
autogluon,height_regression,Anthropometric regression,F_AP_PRO_76,0.03322537740071709,107
autogluon,height_regression,Anthropometric regression,F_AP_PRO_77,0.045956227620444184,77
autogluon,height_regression,Anthropometric regression,F_AP_PRO_78,0.04961565144856858,70
autogluon,height_regression,Anthropometric regression,F_AP_PRO_79,0.05582429504394545,58
autogluon,height_regression,Anthropometric regression,F_AP_PRO_80,0.055677154541013844,59
autogluon,height_regression,Anthropometric regression,F_AP_PRO_81,0.05974054463704401,52
autogluon,height_regression,Anthropometric regression,F_AP_PRO_82,0.07876671854654944,38
autogluon,height_regression,Anthropometric regression,F_AP_PRO_83,0.07082150777180847,43
autogluon,height_regression,Anthropometric regression,F_AP_PRO_84,0.030434819539388515,120
autogluon,height_regression,Anthropometric regression,F_AP_PRO_85,0.04278777567545925,84
autogluon,height_regression,Anthropometric regression,F_AP_PRO_86,0.06886703491210776,45
autogluon,height_regression,Anthropometric regression,F_AP_PRO_87,0.1814816945393891,8
autogluon,height_regression,Anthropometric regression,F_AP_PRO_88,0.2142814585367854,6
autogluon,height_regression,Anthropometric regression,F_AP_PRO_89,0.11536963399251286,16
autogluon,height_regression,Anthropometric regression,F_AP_PRO_90,0.08183663431803344,31
autogluon,height_regression,Anthropometric regression,F_AP_PRO_91,0.09742813110351704,25
autogluon,height_regression,Anthropometric regression,F_AP_PRO_92,0.3863377380371096,3
autogluon,height_regression,Anthropometric regression,F_AP_PRO_93,0.3320866292317731,4
autogluon,height_regression,Anthropometric regression,F_AP_PRO_94,0.06737471516927135,48
autogluon,height_regression,Anthropometric regression,F_AP_PRO_95,0.06494123331705642,50
autogluon,height_regression,Anthropometric regression,F_AP_PRO_96,0.089490025838217,29
autogluon,height_regression,Anthropometric regression,F_AP_PRO_97,0.06861803690592438,46
autogluon,height_regression,Anthropometric regression,F_AP_PRO_98,0.03767956542968705,96
autogluon,height_regression,Anthropometric regression,F_AP_PRO_99,0.030386413574220228,121
autogluon,height_regression,Anthropometric regression,F_AP_PRO_100,0.015328969319659318,187
autogluon,height_regression,Anthropometric regression,F_AP_PRO_101,0.06997681681314702,44
autogluon,height_regression,Anthropometric regression,F_ML_PRO_1,0.05620903523762972,57
autogluon,height_regression,Anthropometric regression,F_ML_PRO_2,0.01247164916992271,212
autogluon,height_regression,Anthropometric regression,F_ML_PRO_3,0.0084883168538416,254
autogluon,height_regression,Anthropometric regression,F_ML_PRO_4,0.05759052022298003,55
autogluon,height_regression,Anthropometric regression,F_ML_PRO_5,0.11682416280110507,15
autogluon,height_regression,Anthropometric regression,F_ML_PRO_6,0.1603556518554721,10
autogluon,height_regression,Anthropometric regression,F_ML_PRO_7,0.11489347330729202,17
autogluon,height_regression,Anthropometric regression,F_ML_PRO_8,0.09332704671224026,26
autogluon,height_regression,Anthropometric regression,F_ML_PRO_9,0.05480028279622644,62
autogluon,height_regression,Anthropometric regression,F_ML_PRO_10,0.08675946553547931,30
autogluon,height_regression,Anthropometric regression,F_ML_PRO_11,0.0757571767171233,40
autogluon,height_regression,Anthropometric regression,F_ML_PRO_12,0.0243009796142573,150
autogluon,height_regression,Anthropometric regression,F_ML_PRO_13,0.009728123982746695,233
autogluon,height_regression,Anthropometric regression,F_ML_PRO_14,0.019212336222333686,170
autogluon,height_regression,Anthropometric regression,F_ML_PRO_15,0.05098991394042969,67
autogluon,height_regression,Anthropometric regression,F_ML_PRO_16,0.028122314453124395,129
autogluon,height_regression,Anthropometric regression,F_ML_PRO_17,0.013523066202797907,204
autogluon,height_regression,Anthropometric regression,F_ML_PRO_18,0.010062006632488381,231
autogluon,height_regression,Anthropometric regression,F_ML_PRO_19,0.006684295654297993,275
autogluon,height_regression,Anthropometric regression,F_ML_PRO_20,0.006890904744467245,271
autogluon,height_regression,Anthropometric regression,F_ML_PRO_21,0.005751805623371809,287
autogluon,height_regression,Anthropometric regression,F_ML_PRO_22,0.0067409769694033155,273
autogluon,height_regression,Anthropometric regression,F_ML_PRO_23,0.018719980875653165,171
autogluon,height_regression,Anthropometric regression,F_ML_PRO_24,0.025372304280598713,145
autogluon,height_regression,Anthropometric regression,F_ML_PRO_25,0.007821406046546523,260
autogluon,height_regression,Anthropometric regression,F_ML_PRO_26,0.009391398111979754,240
autogluon,height_regression,Anthropometric regression,F_ML_PRO_27,0.009350626627604204,241
autogluon,height_regression,Anthropometric regression,F_ML_PRO_28,0.008998051961261903,245
autogluon,height_regression,Anthropometric regression,F_ML_PRO_29,0.010894983927408456,223
autogluon,height_regression,Anthropometric regression,F_ML_PRO_30,0.018712341308594678,172
autogluon,height_regression,Anthropometric regression,F_ML_PRO_31,0.00777456156412768,262
autogluon,height_regression,Anthropometric regression,F_ML_PRO_32,0.033434270222982336,106
autogluon,height_regression,Anthropometric regression,F_ML_PRO_33,0.013592320760090123,203
autogluon,height_regression,Anthropometric regression,F_ML_PRO_34,0.01848442077636463,174
autogluon,height_regression,Anthropometric regression,F_ML_PRO_35,0.0200706431070941,164
autogluon,height_regression,Anthropometric regression,F_ML_PRO_36,0.03136894734700633,113
autogluon,height_regression,Anthropometric regression,F_ML_PRO_37,0.022766179402667792,155
autogluon,height_regression,Anthropometric regression,F_ML_PRO_38,0.04833859252929737,73
autogluon,height_regression,Anthropometric regression,F_ML_PRO_39,0.026884933471681905,137
autogluon,height_regression,Anthropometric regression,F_ML_PRO_40,0.006219431559245928,282
autogluon,height_regression,Anthropometric regression,F_ML_PRO_41,0.008674484252931809,250
autogluon,height_regression,Anthropometric regression,F_ML_PRO_42,0.008629058837888693,252
autogluon,height_regression,Anthropometric regression,F_ML_PRO_43,0.005164896647137122,295
autogluon,height_regression,Anthropometric regression,F_ML_PRO_44,0.005987355550130265,285
autogluon,height_regression,Anthropometric regression,F_ML_PRO_45,0.005052261352537831,296
autogluon,height_regression,Anthropometric regression,F_ML_PRO_46,0.007664922078449858,263
autogluon,height_regression,Anthropometric regression,F_ML_PRO_47,0.009206929524737954,244
autogluon,height_regression,Anthropometric regression,F_ML_PRO_48,0.007148213704428012,270
autogluon,height_regression,Anthropometric regression,F_ML_PRO_49,0.011824722290040295,215
autogluon,height_regression,Anthropometric regression,F_ML_PRO_50,0.0036726684570339784,303
autogluon,height_regression,Anthropometric regression,F_ML_PRO_51,0.018344965616862417,175
autogluon,height_regression,Anthropometric regression,F_ML_PRO_52,0.02638512166341466,140
autogluon,height_regression,Anthropometric regression,F_ML_PRO_53,0.008787638346353314,249
autogluon,height_regression,Anthropometric regression,F_ML_PRO_54,0.030979395548501525,118
autogluon,height_regression,Anthropometric regression,F_ML_PRO_55,0.016471277872721166,183
autogluon,height_regression,Anthropometric regression,F_ML_PRO_56,0.01401018778482997,197
autogluon,height_regression,Anthropometric regression,F_ML_PRO_57,0.014652949015297642,193
autogluon,height_regression,Anthropometric regression,F_ML_PRO_58,0.007439371744789488,266
autogluon,height_regression,Anthropometric regression,F_ML_PRO_59,0.009662841796876383,234
autogluon,height_regression,Anthropometric regression,F_ML_PRO_60,0.012735453287758011,210
autogluon,height_regression,Anthropometric regression,F_ML_PRO_61,0.009538024902343048,237
autogluon,height_regression,Anthropometric regression,F_ML_PRO_62,0.007800837198891486,261
autogluon,height_regression,Anthropometric regression,F_ML_PRO_63,0.019348785400390037,168
autogluon,height_regression,Anthropometric regression,F_ML_PRO_64,0.009544631958008646,236
autogluon,height_regression,Anthropometric regression,F_ML_PRO_65,0.006466415405273551,279
autogluon,height_regression,Anthropometric regression,F_ML_PRO_66,0.005518803914386202,291
autogluon,height_regression,Anthropometric regression,F_ML_PRO_67,0.01197111511230465,214
autogluon,height_regression,Anthropometric regression,F_ML_PRO_68,0.016893992106119526,182
autogluon,height_regression,Anthropometric regression,F_ML_PRO_69,0.013314030965167945,206
autogluon,height_regression,Anthropometric regression,F_ML_PRO_70,0.008125544230144045,258
autogluon,height_regression,Anthropometric regression,F_ML_PRO_71,0.014993927001953958,189
autogluon,height_regression,Anthropometric regression,F_ML_PRO_72,0.011345911661782775,222
autogluon,height_regression,Anthropometric regression,F_ML_PRO_73,0.010507949829102851,227
autogluon,height_regression,Anthropometric regression,F_ML_PRO_74,0.014813873291013142,191
autogluon,height_regression,Anthropometric regression,F_ML_PRO_75,0.01032546488444126,230
autogluon,height_regression,Anthropometric regression,F_ML_PRO_76,0.0056382954915396985,289
autogluon,height_regression,Anthropometric regression,F_ML_PRO_77,0.011454640706379849,220
autogluon,height_regression,Anthropometric regression,F_ML_PRO_78,0.017222930908202254,180
autogluon,height_regression,Anthropometric regression,F_ML_PRO_79,0.028357869466145758,126
autogluon,height_regression,Anthropometric regression,F_ML_PRO_80,0.04342184956868635,83
autogluon,height_regression,Anthropometric regression,F_ML_PRO_81,0.039296417236331156,91
autogluon,height_regression,Anthropometric regression,F_ML_PRO_82,0.052399866739908894,64
autogluon,height_regression,Anthropometric regression,F_ML_PRO_83,0.010720250447591203,225
autogluon,height_regression,Anthropometric regression,F_ML_PRO_84,0.009480819702145975,238
autogluon,height_regression,Anthropometric regression,F_ML_PRO_85,0.012619125366209023,211
autogluon,height_regression,Anthropometric regression,F_ML_PRO_86,0.004786443074544877,298
autogluon,height_regression,Anthropometric regression,F_ML_PRO_87,0.008270192464193353,256
autogluon,height_regression,Anthropometric regression,F_ML_PRO_88,0.00840287272135356,255
autogluon,height_regression,Anthropometric regression,F_ML_PRO_89,0.010600850423176666,226
autogluon,height_regression,Anthropometric regression,F_ML_PRO_90,0.02672212219238238,138
autogluon,height_regression,Anthropometric regression,F_ML_PRO_91,0.06541944885254007,49
autogluon,height_regression,Anthropometric regression,F_ML_PRO_92,0.035754018147786344,101
autogluon,height_regression,Anthropometric regression,F_ML_PRO_93,0.02771440633138269,132
autogluon,height_regression,Anthropometric regression,F_ML_PRO_94,0.01937302652994788,167
autogluon,height_regression,Anthropometric regression,F_ML_PRO_95,0.005276148478192037,294
autogluon,height_regression,Anthropometric regression,F_ML_PRO_96,0.010813690185546438,224
autogluon,height_regression,Anthropometric regression,F_ML_PRO_97,0.00884154256185165,248
autogluon,height_regression,Anthropometric regression,F_ML_PRO_98,0.01345741271972732,205
autogluon,height_regression,Anthropometric regression,F_ML_PRO_99,0.028209091186523,128
autogluon,height_regression,Anthropometric regression,F_ML_PRO_100,0.026452479044597983,139
autogluon,height_regression,Anthropometric regression,F_ML_PRO_101,0.1363086446126265,11
autogluon,predict_F_AP_PRO_20pct_F_AP_PRO_21,Force regression,F_AP_PRO_1,0.0003625404900974688,39
autogluon,predict_F_AP_PRO_20pct_F_AP_PRO_21,Force regression,F_AP_PRO_2,0.0008079688962962882,20
autogluon,predict_F_AP_PRO_20pct_F_AP_PRO_21,Force regression,F_AP_PRO_3,0.0006315991944736907,26
autogluon,predict_F_AP_PRO_20pct_F_AP_PRO_21,Force regression,F_AP_PRO_4,0.00035072820882002287,40
autogluon,predict_F_AP_PRO_20pct_F_AP_PRO_21,Force regression,F_AP_PRO_5,0.00018961826629108948,59
autogluon,predict_F_AP_PRO_20pct_F_AP_PRO_21,Force regression,F_AP_PRO_6,0.000220028281211852,53
autogluon,predict_F_AP_PRO_20pct_F_AP_PRO_21,Force regression,F_AP_PRO_7,0.0006031047329306597,27
autogluon,predict_F_AP_PRO_20pct_F_AP_PRO_21,Force regression,F_AP_PRO_8,0.0007432218872838553,24
autogluon,predict_F_AP_PRO_20pct_F_AP_PRO_21,Force regression,F_AP_PRO_9,0.000813198527528181,19
autogluon,predict_F_AP_PRO_20pct_F_AP_PRO_21,Force regression,F_AP_PRO_10,0.009837012143598665,2
autogluon,predict_F_AP_PRO_20pct_F_AP_PRO_21,Force regression,F_AP_PRO_32,0.01902092029071516,1
autogluon,predict_F_AP_PRO_20pct_F_AP_PRO_21,Force regression,F_AP_PRO_33,0.0015551033541560176,11
autogluon,predict_F_AP_PRO_20pct_F_AP_PRO_21,Force regression,F_AP_PRO_34,0.0010913400989439755,17
autogluon,predict_F_AP_PRO_20pct_F_AP_PRO_21,Force regression,F_AP_PRO_35,0.0015963734396629852,9
autogluon,predict_F_AP_PRO_20pct_F_AP_PRO_21,Force regression,F_AP_PRO_36,0.0019982536608974134,6
autogluon,predict_F_AP_PRO_20pct_F_AP_PRO_21,Force regression,F_AP_PRO_37,0.0015951784393853608,10
autogluon,predict_F_AP_PRO_20pct_F_AP_PRO_21,Force regression,F_AP_PRO_38,0.0016350245897968603,8
autogluon,predict_F_AP_PRO_20pct_F_AP_PRO_21,Force regression,F_AP_PRO_39,0.001019982370237509,18
autogluon,predict_F_AP_PRO_20pct_F_AP_PRO_21,Force regression,F_AP_PRO_40,0.0013982092887163153,13
autogluon,predict_F_AP_PRO_20pct_F_AP_PRO_21,Force regression,F_AP_PRO_41,0.00123847668700748,15
autogluon,predict_F_AP_PRO_20pct_F_AP_PRO_21,Force regression,F_AP_PRO_42,0.0002758594238095802,44
autogluon,predict_F_AP_PRO_20pct_F_AP_PRO_21,Force regression,F_AP_PRO_43,0.0004808031759328319,32
autogluon,predict_F_AP_PRO_20pct_F_AP_PRO_21,Force regression,F_AP_PRO_44,0.0002829399266176773,43
autogluon,predict_F_AP_PRO_20pct_F_AP_PRO_21,Force regression,F_AP_PRO_45,0.0003975954014394015,35
autogluon,predict_F_AP_PRO_20pct_F_AP_PRO_21,Force regression,F_AP_PRO_46,0.00037993304845359617,38
autogluon,predict_F_AP_PRO_20pct_F_AP_PRO_21,Force regression,F_AP_PRO_47,0.00023797975232203727,47
autogluon,predict_F_AP_PRO_20pct_F_AP_PRO_21,Force regression,F_AP_PRO_48,0.0001908654347062109,57
autogluon,predict_F_AP_PRO_20pct_F_AP_PRO_21,Force regression,F_AP_PRO_49,0.0005596379546655556,29
autogluon,predict_F_AP_PRO_20pct_F_AP_PRO_21,Force regression,F_AP_PRO_50,0.0005606366594632473,28
autogluon,predict_F_AP_PRO_20pct_F_AP_PRO_21,Force regression,F_AP_PRO_51,0.0007967840714587101,21
autogluon,predict_F_AP_PRO_20pct_F_AP_PRO_21,Force regression,F_AP_PRO_52,0.00010497335592905661,73
autogluon,predict_F_AP_PRO_20pct_F_AP_PRO_21,Force regression,F_AP_PRO_53,7.382879571782111e-05,80
autogluon,predict_F_AP_PRO_20pct_F_AP_PRO_21,Force regression,F_AP_PRO_54,0.00017585455212328226,61
autogluon,predict_F_AP_PRO_20pct_F_AP_PRO_21,Force regression,F_AP_PRO_55,8.867248727215762e-05,78
autogluon,predict_F_AP_PRO_20pct_F_AP_PRO_21,Force regression,F_AP_PRO_56,9.096276677317208e-05,77
autogluon,predict_F_AP_PRO_20pct_F_AP_PRO_21,Force regression,F_AP_PRO_57,0.00013092727296882346,67
autogluon,predict_F_AP_PRO_20pct_F_AP_PRO_21,Force regression,F_AP_PRO_58,0.00014482779469755019,65
autogluon,predict_F_AP_PRO_20pct_F_AP_PRO_21,Force regression,F_AP_PRO_59,0.00011420408470763256,70
autogluon,predict_F_AP_PRO_20pct_F_AP_PRO_21,Force regression,F_AP_PRO_60,0.00010998656021224206,71
autogluon,predict_F_AP_PRO_20pct_F_AP_PRO_21,Force regression,F_AP_PRO_61,0.00031473658813370615,41
autogluon,predict_F_AP_PRO_20pct_F_AP_PRO_21,Force regression,F_AP_PRO_62,0.0004549619075324805,33
autogluon,predict_F_AP_PRO_20pct_F_AP_PRO_21,Force regression,F_AP_PRO_63,0.00017347701638937126,62
autogluon,predict_F_AP_PRO_20pct_F_AP_PRO_21,Force regression,F_AP_PRO_64,0.00016827011853456382,63
autogluon,predict_F_AP_PRO_20pct_F_AP_PRO_21,Force regression,F_AP_PRO_65,0.0004415118760532791,34
autogluon,predict_F_AP_PRO_20pct_F_AP_PRO_21,Force regression,F_AP_PRO_66,0.0003087614716755022,42
autogluon,predict_F_AP_PRO_20pct_F_AP_PRO_21,Force regression,F_AP_PRO_67,9.75657179951651e-05,76
autogluon,predict_F_AP_PRO_20pct_F_AP_PRO_21,Force regression,F_AP_PRO_68,0.00010204836560620098,74
autogluon,predict_F_AP_PRO_20pct_F_AP_PRO_21,Force regression,F_AP_PRO_69,0.00011714434540934176,69
autogluon,predict_F_AP_PRO_20pct_F_AP_PRO_21,Force regression,F_AP_PRO_70,9.845903433031587e-05,75
autogluon,predict_F_AP_PRO_20pct_F_AP_PRO_21,Force regression,F_AP_PRO_71,0.00019588490409983624,56
autogluon,predict_F_AP_PRO_20pct_F_AP_PRO_21,Force regression,F_AP_PRO_72,7.628700385491042e-05,79
autogluon,predict_F_AP_PRO_20pct_F_AP_PRO_21,Force regression,F_AP_PRO_73,0.00010684469093879177,72
autogluon,predict_F_AP_PRO_20pct_F_AP_PRO_21,Force regression,F_AP_PRO_74,0.0001832088165813033,60
autogluon,predict_F_AP_PRO_20pct_F_AP_PRO_21,Force regression,F_AP_PRO_75,0.00014857159886095403,64
autogluon,predict_F_AP_PRO_20pct_F_AP_PRO_21,Force regression,F_AP_PRO_76,0.00013480316681994243,66
autogluon,predict_F_AP_PRO_20pct_F_AP_PRO_21,Force regression,F_AP_PRO_77,0.0001237105437450945,68
autogluon,predict_F_AP_PRO_20pct_F_AP_PRO_21,Force regression,F_AP_PRO_78,0.00023064104467630285,50
autogluon,predict_F_AP_PRO_20pct_F_AP_PRO_21,Force regression,F_AP_PRO_79,0.00025493421736690714,45
autogluon,predict_F_AP_PRO_20pct_F_AP_PRO_21,Force regression,F_AP_PRO_80,0.00020592359039518562,55
autogluon,predict_F_AP_PRO_20pct_F_AP_PRO_21,Force regression,F_AP_PRO_81,0.00023289741575717958,49
autogluon,predict_F_AP_PRO_20pct_F_AP_PRO_21,Force regression,F_AP_PRO_82,0.00020645638803640988,54
autogluon,predict_F_AP_PRO_20pct_F_AP_PRO_21,Force regression,F_AP_PRO_83,0.00019054512596792636,58
autogluon,predict_F_AP_PRO_20pct_F_AP_PRO_21,Force regression,F_AP_PRO_84,0.00022833664218584646,51
autogluon,predict_F_AP_PRO_20pct_F_AP_PRO_21,Force regression,F_AP_PRO_85,0.0003881539685858627,37
autogluon,predict_F_AP_PRO_20pct_F_AP_PRO_21,Force regression,F_AP_PRO_86,0.0007678353000018334,23
autogluon,predict_F_AP_PRO_20pct_F_AP_PRO_21,Force regression,F_AP_PRO_87,0.0011758363188968776,16
autogluon,predict_F_AP_PRO_20pct_F_AP_PRO_21,Force regression,F_AP_PRO_88,0.0019334514414270708,7
autogluon,predict_F_AP_PRO_20pct_F_AP_PRO_21,Force regression,F_AP_PRO_89,0.0027265423660476993,3
autogluon,predict_F_AP_PRO_20pct_F_AP_PRO_21,Force regression,F_AP_PRO_90,0.002363863113025825,5
autogluon,predict_F_AP_PRO_20pct_F_AP_PRO_21,Force regression,F_AP_PRO_91,0.001402120899822979,12
autogluon,predict_F_AP_PRO_20pct_F_AP_PRO_21,Force regression,F_AP_PRO_92,0.00023781973868608244,48
autogluon,predict_F_AP_PRO_20pct_F_AP_PRO_21,Force regression,F_AP_PRO_93,0.0004915004372596753,31
autogluon,predict_F_AP_PRO_20pct_F_AP_PRO_21,Force regression,F_AP_PRO_94,0.0003941028068463022,36
autogluon,predict_F_AP_PRO_20pct_F_AP_PRO_21,Force regression,F_AP_PRO_95,0.0006334579106834211,25
autogluon,predict_F_AP_PRO_20pct_F_AP_PRO_21,Force regression,F_AP_PRO_96,0.0002539760950538858,46
autogluon,predict_F_AP_PRO_20pct_F_AP_PRO_21,Force regression,F_AP_PRO_97,0.0012540072186125657,14
autogluon,predict_F_AP_PRO_20pct_F_AP_PRO_21,Force regression,F_AP_PRO_98,0.0007778958429892854,22
autogluon,predict_F_AP_PRO_20pct_F_AP_PRO_21,Force regression,F_AP_PRO_99,0.0005303943744964047,30
autogluon,predict_F_AP_PRO_20pct_F_AP_PRO_21,Force regression,F_AP_PRO_100,0.00022386369936995958,52
autogluon,predict_F_AP_PRO_20pct_F_AP_PRO_21,Force regression,F_AP_PRO_101,0.0026887862376040903,4
autogluon,predict_F_AP_PRO_40pct_F_AP_PRO_41,Force regression,F_AP_PRO_1,0.00023583108673079137,52
autogluon,predict_F_AP_PRO_40pct_F_AP_PRO_41,Force regression,F_AP_PRO_2,0.00028485795938306427,45
autogluon,predict_F_AP_PRO_40pct_F_AP_PRO_41,Force regression,F_AP_PRO_3,0.00010975898315923077,72
autogluon,predict_F_AP_PRO_40pct_F_AP_PRO_41,Force regression,F_AP_PRO_4,5.7428382130132746e-05,78
autogluon,predict_F_AP_PRO_40pct_F_AP_PRO_41,Force regression,F_AP_PRO_5,0.0004371039148213134,31
autogluon,predict_F_AP_PRO_40pct_F_AP_PRO_41,Force regression,F_AP_PRO_6,0.0001754833882571093,61
autogluon,predict_F_AP_PRO_40pct_F_AP_PRO_41,Force regression,F_AP_PRO_7,0.00023189533470819402,54
autogluon,predict_F_AP_PRO_40pct_F_AP_PRO_41,Force regression,F_AP_PRO_8,0.0010948769403621554,11
autogluon,predict_F_AP_PRO_40pct_F_AP_PRO_41,Force regression,F_AP_PRO_9,0.0004342774987324247,33
autogluon,predict_F_AP_PRO_40pct_F_AP_PRO_41,Force regression,F_AP_PRO_10,0.000605636180481977,19
autogluon,predict_F_AP_PRO_40pct_F_AP_PRO_41,Force regression,F_AP_PRO_11,0.0006029774337593057,20
autogluon,predict_F_AP_PRO_40pct_F_AP_PRO_41,Force regression,F_AP_PRO_12,0.0001989234147800339,57
autogluon,predict_F_AP_PRO_40pct_F_AP_PRO_41,Force regression,F_AP_PRO_13,0.00013275587424221958,67
autogluon,predict_F_AP_PRO_40pct_F_AP_PRO_41,Force regression,F_AP_PRO_14,0.0003651831770936649,37
autogluon,predict_F_AP_PRO_40pct_F_AP_PRO_41,Force regression,F_AP_PRO_15,0.00019826661490110866,58
autogluon,predict_F_AP_PRO_40pct_F_AP_PRO_41,Force regression,F_AP_PRO_16,0.00010326286596763454,74
autogluon,predict_F_AP_PRO_40pct_F_AP_PRO_41,Force regression,F_AP_PRO_17,0.0001453668376844792,65
autogluon,predict_F_AP_PRO_40pct_F_AP_PRO_41,Force regression,F_AP_PRO_18,0.0005994037964070835,21
autogluon,predict_F_AP_PRO_40pct_F_AP_PRO_41,Force regression,F_AP_PRO_19,0.000291456463177585,44
autogluon,predict_F_AP_PRO_40pct_F_AP_PRO_41,Force regression,F_AP_PRO_20,0.0004969160243247944,26
autogluon,predict_F_AP_PRO_40pct_F_AP_PRO_41,Force regression,F_AP_PRO_21,0.00044237123698824,30
autogluon,predict_F_AP_PRO_40pct_F_AP_PRO_41,Force regression,F_AP_PRO_22,0.00042973248526040044,34
autogluon,predict_F_AP_PRO_40pct_F_AP_PRO_41,Force regression,F_AP_PRO_23,0.00046629437602435566,27
autogluon,predict_F_AP_PRO_40pct_F_AP_PRO_41,Force regression,F_AP_PRO_24,0.000572575294619633,22
autogluon,predict_F_AP_PRO_40pct_F_AP_PRO_41,Force regression,F_AP_PRO_25,0.0011901610629219143,10
autogluon,predict_F_AP_PRO_40pct_F_AP_PRO_41,Force regression,F_AP_PRO_26,0.0015981320633759928,7
autogluon,predict_F_AP_PRO_40pct_F_AP_PRO_41,Force regression,F_AP_PRO_27,0.002487375606834474,3
autogluon,predict_F_AP_PRO_40pct_F_AP_PRO_41,Force regression,F_AP_PRO_28,0.0017135809793447458,6
autogluon,predict_F_AP_PRO_40pct_F_AP_PRO_41,Force regression,F_AP_PRO_29,0.0013079789378680287,8
autogluon,predict_F_AP_PRO_40pct_F_AP_PRO_41,Force regression,F_AP_PRO_30,0.009766730675370327,1
autogluon,predict_F_AP_PRO_40pct_F_AP_PRO_41,Force regression,F_AP_PRO_52,0.007041265045396156,2
autogluon,predict_F_AP_PRO_40pct_F_AP_PRO_41,Force regression,F_AP_PRO_53,0.0004349832896971039,32
autogluon,predict_F_AP_PRO_40pct_F_AP_PRO_41,Force regression,F_AP_PRO_54,0.0019272237977840832,5
autogluon,predict_F_AP_PRO_40pct_F_AP_PRO_41,Force regression,F_AP_PRO_55,0.0020954522074510657,4
autogluon,predict_F_AP_PRO_40pct_F_AP_PRO_41,Force regression,F_AP_PRO_56,0.0012994644162762495,9
autogluon,predict_F_AP_PRO_40pct_F_AP_PRO_41,Force regression,F_AP_PRO_57,0.00028050338689030905,46
autogluon,predict_F_AP_PRO_40pct_F_AP_PRO_41,Force regression,F_AP_PRO_58,0.0002960318671022023,42
autogluon,predict_F_AP_PRO_40pct_F_AP_PRO_41,Force regression,F_AP_PRO_59,0.00023678042987982455,51
autogluon,predict_F_AP_PRO_40pct_F_AP_PRO_41,Force regression,F_AP_PRO_60,0.0007003790276745955,16
autogluon,predict_F_AP_PRO_40pct_F_AP_PRO_41,Force regression,F_AP_PRO_61,0.00044244540700068096,29
autogluon,predict_F_AP_PRO_40pct_F_AP_PRO_41,Force regression,F_AP_PRO_62,0.0003233881948722734,39
autogluon,predict_F_AP_PRO_40pct_F_AP_PRO_41,Force regression,F_AP_PRO_63,0.0003300914747847451,38
autogluon,predict_F_AP_PRO_40pct_F_AP_PRO_41,Force regression,F_AP_PRO_64,5.721513342319285e-05,79
autogluon,predict_F_AP_PRO_40pct_F_AP_PRO_41,Force regression,F_AP_PRO_65,0.0006726927775889638,17
autogluon,predict_F_AP_PRO_40pct_F_AP_PRO_41,Force regression,F_AP_PRO_66,0.0005381079021220403,23
autogluon,predict_F_AP_PRO_40pct_F_AP_PRO_41,Force regression,F_AP_PRO_67,4.669726401981393e-05,80
autogluon,predict_F_AP_PRO_40pct_F_AP_PRO_41,Force regression,F_AP_PRO_68,0.0002922122900167271,43
autogluon,predict_F_AP_PRO_40pct_F_AP_PRO_41,Force regression,F_AP_PRO_69,0.000186188777546502,60
autogluon,predict_F_AP_PRO_40pct_F_AP_PRO_41,Force regression,F_AP_PRO_70,0.00010207688554914479,75
autogluon,predict_F_AP_PRO_40pct_F_AP_PRO_41,Force regression,F_AP_PRO_71,0.00010550226333240672,73
autogluon,predict_F_AP_PRO_40pct_F_AP_PRO_41,Force regression,F_AP_PRO_72,0.00023202014404038587,53
autogluon,predict_F_AP_PRO_40pct_F_AP_PRO_41,Force regression,F_AP_PRO_73,0.0003185713490367755,40
autogluon,predict_F_AP_PRO_40pct_F_AP_PRO_41,Force regression,F_AP_PRO_74,0.00019941945870717383,56
autogluon,predict_F_AP_PRO_40pct_F_AP_PRO_41,Force regression,F_AP_PRO_75,9.022921147859755e-05,76
autogluon,predict_F_AP_PRO_40pct_F_AP_PRO_41,Force regression,F_AP_PRO_76,0.0001718145382280149,62
autogluon,predict_F_AP_PRO_40pct_F_AP_PRO_41,Force regression,F_AP_PRO_77,0.00012878495920449524,69
autogluon,predict_F_AP_PRO_40pct_F_AP_PRO_41,Force regression,F_AP_PRO_78,0.00019145468839754654,59
autogluon,predict_F_AP_PRO_40pct_F_AP_PRO_41,Force regression,F_AP_PRO_79,0.00017004697604311862,63
autogluon,predict_F_AP_PRO_40pct_F_AP_PRO_41,Force regression,F_AP_PRO_80,0.00030950534959427157,41
autogluon,predict_F_AP_PRO_40pct_F_AP_PRO_41,Force regression,F_AP_PRO_81,0.00027686419027546984,47
autogluon,predict_F_AP_PRO_40pct_F_AP_PRO_41,Force regression,F_AP_PRO_82,0.0002498267118094697,50
autogluon,predict_F_AP_PRO_40pct_F_AP_PRO_41,Force regression,F_AP_PRO_83,0.0002559548988938331,49
autogluon,predict_F_AP_PRO_40pct_F_AP_PRO_41,Force regression,F_AP_PRO_84,7.89101958895725e-05,77
autogluon,predict_F_AP_PRO_40pct_F_AP_PRO_41,Force regression,F_AP_PRO_85,0.0006154016041610804,18
autogluon,predict_F_AP_PRO_40pct_F_AP_PRO_41,Force regression,F_AP_PRO_86,0.0001303716237242856,68
autogluon,predict_F_AP_PRO_40pct_F_AP_PRO_41,Force regression,F_AP_PRO_87,0.0007216205258543291,15
autogluon,predict_F_AP_PRO_40pct_F_AP_PRO_41,Force regression,F_AP_PRO_88,0.000140317477958484,66
autogluon,predict_F_AP_PRO_40pct_F_AP_PRO_41,Force regression,F_AP_PRO_89,0.0010121087330496972,12
autogluon,predict_F_AP_PRO_40pct_F_AP_PRO_41,Force regression,F_AP_PRO_90,0.0009064899852706323,13
autogluon,predict_F_AP_PRO_40pct_F_AP_PRO_41,Force regression,F_AP_PRO_91,0.00037022977917351685,36
autogluon,predict_F_AP_PRO_40pct_F_AP_PRO_41,Force regression,F_AP_PRO_92,0.00011614621596203899,70
autogluon,predict_F_AP_PRO_40pct_F_AP_PRO_41,Force regression,F_AP_PRO_93,0.0008277390432647534,14
autogluon,predict_F_AP_PRO_40pct_F_AP_PRO_41,Force regression,F_AP_PRO_94,0.0004177628904581067,35
autogluon,predict_F_AP_PRO_40pct_F_AP_PRO_41,Force regression,F_AP_PRO_95,0.00011216130593998546,71
autogluon,predict_F_AP_PRO_40pct_F_AP_PRO_41,Force regression,F_AP_PRO_96,0.0005160686656211818,25
autogluon,predict_F_AP_PRO_40pct_F_AP_PRO_41,Force regression,F_AP_PRO_97,0.00022933279857453398,55
autogluon,predict_F_AP_PRO_40pct_F_AP_PRO_41,Force regression,F_AP_PRO_98,0.0002727339484004516,48
autogluon,predict_F_AP_PRO_40pct_F_AP_PRO_41,Force regression,F_AP_PRO_99,0.00016671502559135342,64
autogluon,predict_F_AP_PRO_40pct_F_AP_PRO_41,Force regression,F_AP_PRO_100,0.000447439152023031,28
autogluon,predict_F_AP_PRO_40pct_F_AP_PRO_41,Force regression,F_AP_PRO_101,0.0005245292539087437,24
autogluon,predict_F_AP_PRO_60pct_F_AP_PRO_61,Force regression,F_AP_PRO_1,0.00037249935105986286,38
autogluon,predict_F_AP_PRO_60pct_F_AP_PRO_61,Force regression,F_AP_PRO_2,0.00015271639787210414,62
autogluon,predict_F_AP_PRO_60pct_F_AP_PRO_61,Force regression,F_AP_PRO_3,0.00021624212404438165,52
autogluon,predict_F_AP_PRO_60pct_F_AP_PRO_61,Force regression,F_AP_PRO_4,0.00015811774039442154,60
autogluon,predict_F_AP_PRO_60pct_F_AP_PRO_61,Force regression,F_AP_PRO_5,8.896906284765793e-05,77
autogluon,predict_F_AP_PRO_60pct_F_AP_PRO_61,Force regression,F_AP_PRO_6,0.0001856517357155097,56
autogluon,predict_F_AP_PRO_60pct_F_AP_PRO_61,Force regression,F_AP_PRO_7,9.986209968014405e-05,74
autogluon,predict_F_AP_PRO_60pct_F_AP_PRO_61,Force regression,F_AP_PRO_8,0.0006809141730223521,19
autogluon,predict_F_AP_PRO_60pct_F_AP_PRO_61,Force regression,F_AP_PRO_9,0.00042458338083896613,34
autogluon,predict_F_AP_PRO_60pct_F_AP_PRO_61,Force regression,F_AP_PRO_10,0.00022987869057841532,48
autogluon,predict_F_AP_PRO_60pct_F_AP_PRO_61,Force regression,F_AP_PRO_11,0.0005200073853516692,27
autogluon,predict_F_AP_PRO_60pct_F_AP_PRO_61,Force regression,F_AP_PRO_12,0.0001141771266597466,70
autogluon,predict_F_AP_PRO_60pct_F_AP_PRO_61,Force regression,F_AP_PRO_13,9.68880402053605e-05,75
autogluon,predict_F_AP_PRO_60pct_F_AP_PRO_61,Force regression,F_AP_PRO_14,0.000515585903877056,28
autogluon,predict_F_AP_PRO_60pct_F_AP_PRO_61,Force regression,F_AP_PRO_15,0.00033684116235074,39
autogluon,predict_F_AP_PRO_60pct_F_AP_PRO_61,Force regression,F_AP_PRO_16,0.0001030843549694204,72
autogluon,predict_F_AP_PRO_60pct_F_AP_PRO_61,Force regression,F_AP_PRO_17,0.0002969003372119107,45
autogluon,predict_F_AP_PRO_60pct_F_AP_PRO_61,Force regression,F_AP_PRO_18,0.000633089615422553,20
autogluon,predict_F_AP_PRO_60pct_F_AP_PRO_61,Force regression,F_AP_PRO_19,0.0005457352562661985,25
autogluon,predict_F_AP_PRO_60pct_F_AP_PRO_61,Force regression,F_AP_PRO_20,0.00015802871837513515,61
autogluon,predict_F_AP_PRO_60pct_F_AP_PRO_61,Force regression,F_AP_PRO_21,0.0007312751100042886,17
autogluon,predict_F_AP_PRO_60pct_F_AP_PRO_61,Force regression,F_AP_PRO_22,0.0002168466963121319,51
autogluon,predict_F_AP_PRO_60pct_F_AP_PRO_61,Force regression,F_AP_PRO_23,0.0004273603170663086,33
autogluon,predict_F_AP_PRO_60pct_F_AP_PRO_61,Force regression,F_AP_PRO_24,0.00021136217693371417,53
autogluon,predict_F_AP_PRO_60pct_F_AP_PRO_61,Force regression,F_AP_PRO_25,0.0003166117504762141,43
autogluon,predict_F_AP_PRO_60pct_F_AP_PRO_61,Force regression,F_AP_PRO_26,0.0004622041348460092,31
autogluon,predict_F_AP_PRO_60pct_F_AP_PRO_61,Force regression,F_AP_PRO_27,0.00016903269677499749,59
autogluon,predict_F_AP_PRO_60pct_F_AP_PRO_61,Force regression,F_AP_PRO_28,0.00014815158823572953,63
autogluon,predict_F_AP_PRO_60pct_F_AP_PRO_61,Force regression,F_AP_PRO_29,0.0005423798761961126,26
autogluon,predict_F_AP_PRO_60pct_F_AP_PRO_61,Force regression,F_AP_PRO_30,0.00011477589540138273,69
autogluon,predict_F_AP_PRO_60pct_F_AP_PRO_61,Force regression,F_AP_PRO_31,0.00032228127976850367,42
autogluon,predict_F_AP_PRO_60pct_F_AP_PRO_61,Force regression,F_AP_PRO_32,9.5598698093252e-05,76
autogluon,predict_F_AP_PRO_60pct_F_AP_PRO_61,Force regression,F_AP_PRO_33,0.0002270973907062498,49
autogluon,predict_F_AP_PRO_60pct_F_AP_PRO_61,Force regression,F_AP_PRO_34,0.00013563364696124664,67
autogluon,predict_F_AP_PRO_60pct_F_AP_PRO_61,Force regression,F_AP_PRO_35,0.0001422385555577218,64
autogluon,predict_F_AP_PRO_60pct_F_AP_PRO_61,Force regression,F_AP_PRO_36,6.926837315647084e-05,78
autogluon,predict_F_AP_PRO_60pct_F_AP_PRO_61,Force regression,F_AP_PRO_37,5.968362117548356e-05,80
autogluon,predict_F_AP_PRO_60pct_F_AP_PRO_61,Force regression,F_AP_PRO_38,0.00010165039749942166,73
autogluon,predict_F_AP_PRO_60pct_F_AP_PRO_61,Force regression,F_AP_PRO_39,0.00010770766588878658,71
autogluon,predict_F_AP_PRO_60pct_F_AP_PRO_61,Force regression,F_AP_PRO_40,0.0002571209355034321,46
autogluon,predict_F_AP_PRO_60pct_F_AP_PRO_61,Force regression,F_AP_PRO_41,0.00032833819256282193,40
autogluon,predict_F_AP_PRO_60pct_F_AP_PRO_61,Force regression,F_AP_PRO_42,0.0004381911268420583,32
autogluon,predict_F_AP_PRO_60pct_F_AP_PRO_61,Force regression,F_AP_PRO_43,0.0003961624528221565,36
autogluon,predict_F_AP_PRO_60pct_F_AP_PRO_61,Force regression,F_AP_PRO_44,0.0008441741065463349,14
autogluon,predict_F_AP_PRO_60pct_F_AP_PRO_61,Force regression,F_AP_PRO_45,0.0008931917911484361,12
autogluon,predict_F_AP_PRO_60pct_F_AP_PRO_61,Force regression,F_AP_PRO_46,0.002054014007893986,5
autogluon,predict_F_AP_PRO_60pct_F_AP_PRO_61,Force regression,F_AP_PRO_47,0.0029267591638425885,3
autogluon,predict_F_AP_PRO_60pct_F_AP_PRO_61,Force regression,F_AP_PRO_48,0.002091513492163762,4
autogluon,predict_F_AP_PRO_60pct_F_AP_PRO_61,Force regression,F_AP_PRO_49,0.0004644788443280655,30
autogluon,predict_F_AP_PRO_60pct_F_AP_PRO_61,Force regression,F_AP_PRO_50,0.0076687504305211615,1
autogluon,predict_F_AP_PRO_60pct_F_AP_PRO_61,Force regression,F_AP_PRO_72,0.004324577330567182,2
autogluon,predict_F_AP_PRO_60pct_F_AP_PRO_61,Force regression,F_AP_PRO_73,0.0005566737318028268,23
autogluon,predict_F_AP_PRO_60pct_F_AP_PRO_61,Force regression,F_AP_PRO_74,0.0008163196318896046,16
autogluon,predict_F_AP_PRO_60pct_F_AP_PRO_61,Force regression,F_AP_PRO_75,0.0012991946164547699,8
autogluon,predict_F_AP_PRO_60pct_F_AP_PRO_61,Force regression,F_AP_PRO_76,0.0013965529199194864,6
autogluon,predict_F_AP_PRO_60pct_F_AP_PRO_61,Force regression,F_AP_PRO_77,0.0010223768150794462,10
autogluon,predict_F_AP_PRO_60pct_F_AP_PRO_61,Force regression,F_AP_PRO_78,0.0007267678333818266,18
autogluon,predict_F_AP_PRO_60pct_F_AP_PRO_61,Force regression,F_AP_PRO_79,6.733991764506059e-05,79
autogluon,predict_F_AP_PRO_60pct_F_AP_PRO_61,Force regression,F_AP_PRO_80,0.00030909481024638007,44
autogluon,predict_F_AP_PRO_60pct_F_AP_PRO_61,Force regression,F_AP_PRO_81,0.0004779919489794537,29
autogluon,predict_F_AP_PRO_60pct_F_AP_PRO_61,Force regression,F_AP_PRO_82,0.0008750858207252649,13
autogluon,predict_F_AP_PRO_60pct_F_AP_PRO_61,Force regression,F_AP_PRO_83,0.0002404847124772559,47
autogluon,predict_F_AP_PRO_60pct_F_AP_PRO_61,Force regression,F_AP_PRO_84,0.0006189708596325038,21
autogluon,predict_F_AP_PRO_60pct_F_AP_PRO_61,Force regression,F_AP_PRO_85,0.00038180907349710146,37
autogluon,predict_F_AP_PRO_60pct_F_AP_PRO_61,Force regression,F_AP_PRO_86,0.0005907339559327942,22
autogluon,predict_F_AP_PRO_60pct_F_AP_PRO_61,Force regression,F_AP_PRO_87,0.0010307968401773707,9
autogluon,predict_F_AP_PRO_60pct_F_AP_PRO_61,Force regression,F_AP_PRO_88,0.00018815927459218091,55
autogluon,predict_F_AP_PRO_60pct_F_AP_PRO_61,Force regression,F_AP_PRO_89,0.000173370311496304,58
autogluon,predict_F_AP_PRO_60pct_F_AP_PRO_61,Force regression,F_AP_PRO_90,0.0013273638295573217,7
autogluon,predict_F_AP_PRO_60pct_F_AP_PRO_61,Force regression,F_AP_PRO_91,0.0002215055236843507,50
autogluon,predict_F_AP_PRO_60pct_F_AP_PRO_61,Force regression,F_AP_PRO_92,0.00019540056203711892,54
autogluon,predict_F_AP_PRO_60pct_F_AP_PRO_61,Force regression,F_AP_PRO_93,0.0005505121405561416,24
autogluon,predict_F_AP_PRO_60pct_F_AP_PRO_61,Force regression,F_AP_PRO_94,0.000133416240924109,68
autogluon,predict_F_AP_PRO_60pct_F_AP_PRO_61,Force regression,F_AP_PRO_95,0.00017464077431537174,57
autogluon,predict_F_AP_PRO_60pct_F_AP_PRO_61,Force regression,F_AP_PRO_96,0.00013618491598026602,66
autogluon,predict_F_AP_PRO_60pct_F_AP_PRO_61,Force regression,F_AP_PRO_97,0.00014201882744560451,65
autogluon,predict_F_AP_PRO_60pct_F_AP_PRO_61,Force regression,F_AP_PRO_98,0.0003241095098411381,41
autogluon,predict_F_AP_PRO_60pct_F_AP_PRO_61,Force regression,F_AP_PRO_99,0.00041247247703884375,35
autogluon,predict_F_AP_PRO_60pct_F_AP_PRO_61,Force regression,F_AP_PRO_100,0.0008330746102631866,15
autogluon,predict_F_AP_PRO_60pct_F_AP_PRO_61,Force regression,F_AP_PRO_101,0.0009059190248905602,11
autogluon,predict_F_AP_PRO_80pct_F_AP_PRO_81,Force regression,F_AP_PRO_1,0.0005881888825032453,38
autogluon,predict_F_AP_PRO_80pct_F_AP_PRO_81,Force regression,F_AP_PRO_2,0.0002796955257654208,64
autogluon,predict_F_AP_PRO_80pct_F_AP_PRO_81,Force regression,F_AP_PRO_3,0.00046474483940336464,47
autogluon,predict_F_AP_PRO_80pct_F_AP_PRO_81,Force regression,F_AP_PRO_4,0.000459430362615318,48
autogluon,predict_F_AP_PRO_80pct_F_AP_PRO_81,Force regression,F_AP_PRO_5,0.0009511332793368232,26
autogluon,predict_F_AP_PRO_80pct_F_AP_PRO_81,Force regression,F_AP_PRO_6,0.0003611773219373495,57
autogluon,predict_F_AP_PRO_80pct_F_AP_PRO_81,Force regression,F_AP_PRO_7,0.0004142446700069659,53
autogluon,predict_F_AP_PRO_80pct_F_AP_PRO_81,Force regression,F_AP_PRO_8,0.0004714483370383589,46
autogluon,predict_F_AP_PRO_80pct_F_AP_PRO_81,Force regression,F_AP_PRO_9,0.0007885602944427059,31
autogluon,predict_F_AP_PRO_80pct_F_AP_PRO_81,Force regression,F_AP_PRO_10,0.00028135125173462934,63
autogluon,predict_F_AP_PRO_80pct_F_AP_PRO_81,Force regression,F_AP_PRO_11,0.00022396607117520256,68
autogluon,predict_F_AP_PRO_80pct_F_AP_PRO_81,Force regression,F_AP_PRO_12,0.0002075545464952803,69
autogluon,predict_F_AP_PRO_80pct_F_AP_PRO_81,Force regression,F_AP_PRO_13,0.0005636693164706225,39
autogluon,predict_F_AP_PRO_80pct_F_AP_PRO_81,Force regression,F_AP_PRO_14,0.0006321115882860279,36
autogluon,predict_F_AP_PRO_80pct_F_AP_PRO_81,Force regression,F_AP_PRO_15,0.0003104704030685954,61
autogluon,predict_F_AP_PRO_80pct_F_AP_PRO_81,Force regression,F_AP_PRO_16,0.0006635605891545622,35
autogluon,predict_F_AP_PRO_80pct_F_AP_PRO_81,Force regression,F_AP_PRO_17,0.00020192601035038562,71
autogluon,predict_F_AP_PRO_80pct_F_AP_PRO_81,Force regression,F_AP_PRO_18,0.00025217545777559384,66
autogluon,predict_F_AP_PRO_80pct_F_AP_PRO_81,Force regression,F_AP_PRO_19,0.0005321286593874304,42
autogluon,predict_F_AP_PRO_80pct_F_AP_PRO_81,Force regression,F_AP_PRO_20,0.0009105459261271689,27
autogluon,predict_F_AP_PRO_80pct_F_AP_PRO_81,Force regression,F_AP_PRO_21,0.0005119755872421826,44
autogluon,predict_F_AP_PRO_80pct_F_AP_PRO_81,Force regression,F_AP_PRO_22,0.0006236076719231077,37
autogluon,predict_F_AP_PRO_80pct_F_AP_PRO_81,Force regression,F_AP_PRO_23,0.0014918438030613783,19
autogluon,predict_F_AP_PRO_80pct_F_AP_PRO_81,Force regression,F_AP_PRO_24,0.0005517754016651043,40
autogluon,predict_F_AP_PRO_80pct_F_AP_PRO_81,Force regression,F_AP_PRO_25,0.0011031805963979831,23
autogluon,predict_F_AP_PRO_80pct_F_AP_PRO_81,Force regression,F_AP_PRO_26,0.0020622533543242366,17
autogluon,predict_F_AP_PRO_80pct_F_AP_PRO_81,Force regression,F_AP_PRO_27,0.0007452513906690826,32
autogluon,predict_F_AP_PRO_80pct_F_AP_PRO_81,Force regression,F_AP_PRO_28,0.0010856942368878246,24
autogluon,predict_F_AP_PRO_80pct_F_AP_PRO_81,Force regression,F_AP_PRO_29,0.0003723178572124923,56
autogluon,predict_F_AP_PRO_80pct_F_AP_PRO_81,Force regression,F_AP_PRO_30,0.0005384043306112287,41
autogluon,predict_F_AP_PRO_80pct_F_AP_PRO_81,Force regression,F_AP_PRO_31,0.0004167957446641371,52
autogluon,predict_F_AP_PRO_80pct_F_AP_PRO_81,Force regression,F_AP_PRO_32,0.000508349428574245,45
autogluon,predict_F_AP_PRO_80pct_F_AP_PRO_81,Force regression,F_AP_PRO_33,0.00041391885032256425,54
autogluon,predict_F_AP_PRO_80pct_F_AP_PRO_81,Force regression,F_AP_PRO_34,0.0002065951567557118,70
autogluon,predict_F_AP_PRO_80pct_F_AP_PRO_81,Force regression,F_AP_PRO_35,0.00044944300254185946,49
autogluon,predict_F_AP_PRO_80pct_F_AP_PRO_81,Force regression,F_AP_PRO_36,0.00011163248866796393,78
autogluon,predict_F_AP_PRO_80pct_F_AP_PRO_81,Force regression,F_AP_PRO_37,5.870884739690348e-05,80
autogluon,predict_F_AP_PRO_80pct_F_AP_PRO_81,Force regression,F_AP_PRO_38,0.00043388864480786666,50
autogluon,predict_F_AP_PRO_80pct_F_AP_PRO_81,Force regression,F_AP_PRO_39,0.00033607838633987547,59
autogluon,predict_F_AP_PRO_80pct_F_AP_PRO_81,Force regression,F_AP_PRO_40,0.00012375914388232644,77
autogluon,predict_F_AP_PRO_80pct_F_AP_PRO_81,Force regression,F_AP_PRO_41,0.00015152494029866602,76
autogluon,predict_F_AP_PRO_80pct_F_AP_PRO_81,Force regression,F_AP_PRO_42,0.00019705386708180028,72
autogluon,predict_F_AP_PRO_80pct_F_AP_PRO_81,Force regression,F_AP_PRO_43,0.0003158389122949718,60
autogluon,predict_F_AP_PRO_80pct_F_AP_PRO_81,Force regression,F_AP_PRO_44,0.0007354609651698036,33
autogluon,predict_F_AP_PRO_80pct_F_AP_PRO_81,Force regression,F_AP_PRO_45,0.00010578624986940172,79
autogluon,predict_F_AP_PRO_80pct_F_AP_PRO_81,Force regression,F_AP_PRO_46,0.0002833552882075297,62
autogluon,predict_F_AP_PRO_80pct_F_AP_PRO_81,Force regression,F_AP_PRO_47,0.00026164570119645877,65
autogluon,predict_F_AP_PRO_80pct_F_AP_PRO_81,Force regression,F_AP_PRO_48,0.00041160235967901173,55
autogluon,predict_F_AP_PRO_80pct_F_AP_PRO_81,Force regression,F_AP_PRO_49,0.0008461997732520096,30
autogluon,predict_F_AP_PRO_80pct_F_AP_PRO_81,Force regression,F_AP_PRO_50,0.0005312807700700234,43
autogluon,predict_F_AP_PRO_80pct_F_AP_PRO_81,Force regression,F_AP_PRO_51,0.0009561011385586546,25
autogluon,predict_F_AP_PRO_80pct_F_AP_PRO_81,Force regression,F_AP_PRO_52,0.0007329055931833083,34
autogluon,predict_F_AP_PRO_80pct_F_AP_PRO_81,Force regression,F_AP_PRO_53,0.000907150903509726,28
autogluon,predict_F_AP_PRO_80pct_F_AP_PRO_81,Force regression,F_AP_PRO_54,0.0001872261116902014,73
autogluon,predict_F_AP_PRO_80pct_F_AP_PRO_81,Force regression,F_AP_PRO_55,0.0002326237849063339,67
autogluon,predict_F_AP_PRO_80pct_F_AP_PRO_81,Force regression,F_AP_PRO_56,0.00034664687679873565,58
autogluon,predict_F_AP_PRO_80pct_F_AP_PRO_81,Force regression,F_AP_PRO_57,0.0011657484587695847,22
autogluon,predict_F_AP_PRO_80pct_F_AP_PRO_81,Force regression,F_AP_PRO_58,0.0004316958031720582,51
autogluon,predict_F_AP_PRO_80pct_F_AP_PRO_81,Force regression,F_AP_PRO_59,0.0001602187438143642,75
autogluon,predict_F_AP_PRO_80pct_F_AP_PRO_81,Force regression,F_AP_PRO_60,0.00018564012398322407,74
autogluon,predict_F_AP_PRO_80pct_F_AP_PRO_81,Force regression,F_AP_PRO_61,0.00269343452817864,12
autogluon,predict_F_AP_PRO_80pct_F_AP_PRO_81,Force regression,F_AP_PRO_62,0.0024799812361598014,14
autogluon,predict_F_AP_PRO_80pct_F_AP_PRO_81,Force regression,F_AP_PRO_63,0.0024948230708638826,13
autogluon,predict_F_AP_PRO_80pct_F_AP_PRO_81,Force regression,F_AP_PRO_64,0.0012648708721001954,21
autogluon,predict_F_AP_PRO_80pct_F_AP_PRO_81,Force regression,F_AP_PRO_65,0.0022327592099706333,16
autogluon,predict_F_AP_PRO_80pct_F_AP_PRO_81,Force regression,F_AP_PRO_66,0.007153521035280494,5
autogluon,predict_F_AP_PRO_80pct_F_AP_PRO_81,Force regression,F_AP_PRO_67,0.006432246087325941,6
autogluon,predict_F_AP_PRO_80pct_F_AP_PRO_81,Force regression,F_AP_PRO_68,0.0028388376434644058,11
autogluon,predict_F_AP_PRO_80pct_F_AP_PRO_81,Force regression,F_AP_PRO_69,0.0018055272657010303,18
autogluon,predict_F_AP_PRO_80pct_F_AP_PRO_81,Force regression,F_AP_PRO_70,0.011266608197655943,3
autogluon,predict_F_AP_PRO_80pct_F_AP_PRO_81,Force regression,F_AP_PRO_92,0.04128143501612875,1
autogluon,predict_F_AP_PRO_80pct_F_AP_PRO_81,Force regression,F_AP_PRO_93,0.0008802313821183327,29
autogluon,predict_F_AP_PRO_80pct_F_AP_PRO_81,Force regression,F_AP_PRO_94,0.014161562356683945,2
autogluon,predict_F_AP_PRO_80pct_F_AP_PRO_81,Force regression,F_AP_PRO_95,0.009391473097933664,4
autogluon,predict_F_AP_PRO_80pct_F_AP_PRO_81,Force regression,F_AP_PRO_96,0.0031082797572016723,10
autogluon,predict_F_AP_PRO_80pct_F_AP_PRO_81,Force regression,F_AP_PRO_97,0.001353090657128228,20
autogluon,predict_F_AP_PRO_80pct_F_AP_PRO_81,Force regression,F_AP_PRO_98,0.0038224840843015242,9
autogluon,predict_F_AP_PRO_80pct_F_AP_PRO_81,Force regression,F_AP_PRO_99,0.005013046298589969,8
autogluon,predict_F_AP_PRO_80pct_F_AP_PRO_81,Force regression,F_AP_PRO_100,0.0023792274254891606,15
autogluon,predict_F_AP_PRO_80pct_F_AP_PRO_81,Force regression,F_AP_PRO_101,0.005098412273658648,7
autogluon,predict_F_ML_PRO_20pct_F_ML_PRO_21,Force regression,F_ML_PRO_1,0.0014413050215322685,17
autogluon,predict_F_ML_PRO_20pct_F_ML_PRO_21,Force regression,F_ML_PRO_2,0.0013726351789583632,18
autogluon,predict_F_ML_PRO_20pct_F_ML_PRO_21,Force regression,F_ML_PRO_3,0.0033961858412690665,6
autogluon,predict_F_ML_PRO_20pct_F_ML_PRO_21,Force regression,F_ML_PRO_4,0.0018784809524917767,13
autogluon,predict_F_ML_PRO_20pct_F_ML_PRO_21,Force regression,F_ML_PRO_5,0.0006371811022723302,33
autogluon,predict_F_ML_PRO_20pct_F_ML_PRO_21,Force regression,F_ML_PRO_6,0.0034901648063233653,5
autogluon,predict_F_ML_PRO_20pct_F_ML_PRO_21,Force regression,F_ML_PRO_7,0.004581100761935685,3
autogluon,predict_F_ML_PRO_20pct_F_ML_PRO_21,Force regression,F_ML_PRO_8,0.0030870166823798264,8
autogluon,predict_F_ML_PRO_20pct_F_ML_PRO_21,Force regression,F_ML_PRO_9,0.002355326957586739,10
autogluon,predict_F_ML_PRO_20pct_F_ML_PRO_21,Force regression,F_ML_PRO_10,0.0066598852146934305,2
autogluon,predict_F_ML_PRO_20pct_F_ML_PRO_21,Force regression,F_ML_PRO_32,0.007146086570147116,1
autogluon,predict_F_ML_PRO_20pct_F_ML_PRO_21,Force regression,F_ML_PRO_33,0.00017400131655934557,75
autogluon,predict_F_ML_PRO_20pct_F_ML_PRO_21,Force regression,F_ML_PRO_34,0.003058486059384045,9
autogluon,predict_F_ML_PRO_20pct_F_ML_PRO_21,Force regression,F_ML_PRO_35,0.0031182195296730946,7
autogluon,predict_F_ML_PRO_20pct_F_ML_PRO_21,Force regression,F_ML_PRO_36,0.0021594812118823437,11
autogluon,predict_F_ML_PRO_20pct_F_ML_PRO_21,Force regression,F_ML_PRO_37,0.0002557868464824021,56
autogluon,predict_F_ML_PRO_20pct_F_ML_PRO_21,Force regression,F_ML_PRO_38,0.001001321037584502,26
autogluon,predict_F_ML_PRO_20pct_F_ML_PRO_21,Force regression,F_ML_PRO_39,0.0012287193836463197,20
autogluon,predict_F_ML_PRO_20pct_F_ML_PRO_21,Force regression,F_ML_PRO_40,0.0015665562431483213,16
autogluon,predict_F_ML_PRO_20pct_F_ML_PRO_21,Force regression,F_ML_PRO_41,0.0013452552396241416,19
autogluon,predict_F_ML_PRO_20pct_F_ML_PRO_21,Force regression,F_ML_PRO_42,0.0009438089819159358,28
autogluon,predict_F_ML_PRO_20pct_F_ML_PRO_21,Force regression,F_ML_PRO_43,0.00033210292105407727,49
autogluon,predict_F_ML_PRO_20pct_F_ML_PRO_21,Force regression,F_ML_PRO_44,0.00019615244331200462,68
autogluon,predict_F_ML_PRO_20pct_F_ML_PRO_21,Force regression,F_ML_PRO_45,0.00043345193730136885,40
autogluon,predict_F_ML_PRO_20pct_F_ML_PRO_21,Force regression,F_ML_PRO_46,0.0002903154976795332,54
autogluon,predict_F_ML_PRO_20pct_F_ML_PRO_21,Force regression,F_ML_PRO_47,0.0004269107334677955,41
autogluon,predict_F_ML_PRO_20pct_F_ML_PRO_21,Force regression,F_ML_PRO_48,0.00022741742018843097,64
autogluon,predict_F_ML_PRO_20pct_F_ML_PRO_21,Force regression,F_ML_PRO_49,0.0001927734904974288,69
autogluon,predict_F_ML_PRO_20pct_F_ML_PRO_21,Force regression,F_ML_PRO_50,0.0001735673637530354,76
autogluon,predict_F_ML_PRO_20pct_F_ML_PRO_21,Force regression,F_ML_PRO_51,0.00018772470162043166,72
autogluon,predict_F_ML_PRO_20pct_F_ML_PRO_21,Force regression,F_ML_PRO_52,0.000256051180948917,55
autogluon,predict_F_ML_PRO_20pct_F_ML_PRO_21,Force regression,F_ML_PRO_53,0.00023452195656459922,61
autogluon,predict_F_ML_PRO_20pct_F_ML_PRO_21,Force regression,F_ML_PRO_54,0.00036000478109862234,46
autogluon,predict_F_ML_PRO_20pct_F_ML_PRO_21,Force regression,F_ML_PRO_55,0.00038963260878032666,45
autogluon,predict_F_ML_PRO_20pct_F_ML_PRO_21,Force regression,F_ML_PRO_56,0.00046365169107189587,39
autogluon,predict_F_ML_PRO_20pct_F_ML_PRO_21,Force regression,F_ML_PRO_57,0.00019805273618031755,67
autogluon,predict_F_ML_PRO_20pct_F_ML_PRO_21,Force regression,F_ML_PRO_58,0.0010097816322878418,25
autogluon,predict_F_ML_PRO_20pct_F_ML_PRO_21,Force regression,F_ML_PRO_59,0.00022970087835306473,63
autogluon,predict_F_ML_PRO_20pct_F_ML_PRO_21,Force regression,F_ML_PRO_60,0.0003071928240792156,52
autogluon,predict_F_ML_PRO_20pct_F_ML_PRO_21,Force regression,F_ML_PRO_61,0.00031965347453175773,50
autogluon,predict_F_ML_PRO_20pct_F_ML_PRO_21,Force regression,F_ML_PRO_62,0.00023991599178407327,60
autogluon,predict_F_ML_PRO_20pct_F_ML_PRO_21,Force regression,F_ML_PRO_63,0.00020590270396011638,66
autogluon,predict_F_ML_PRO_20pct_F_ML_PRO_21,Force regression,F_ML_PRO_64,0.00033291178090601327,48
autogluon,predict_F_ML_PRO_20pct_F_ML_PRO_21,Force regression,F_ML_PRO_65,0.0005796886287215679,36
autogluon,predict_F_ML_PRO_20pct_F_ML_PRO_21,Force regression,F_ML_PRO_66,0.0006741006673546508,31
autogluon,predict_F_ML_PRO_20pct_F_ML_PRO_21,Force regression,F_ML_PRO_67,0.0005517814355229749,37
autogluon,predict_F_ML_PRO_20pct_F_ML_PRO_21,Force regression,F_ML_PRO_68,0.0010631008013863006,23
autogluon,predict_F_ML_PRO_20pct_F_ML_PRO_21,Force regression,F_ML_PRO_69,0.000965621024603024,27
autogluon,predict_F_ML_PRO_20pct_F_ML_PRO_21,Force regression,F_ML_PRO_70,0.00112418633118634,22
autogluon,predict_F_ML_PRO_20pct_F_ML_PRO_21,Force regression,F_ML_PRO_71,0.000623538509114749,34
autogluon,predict_F_ML_PRO_20pct_F_ML_PRO_21,Force regression,F_ML_PRO_72,0.0004147236394282011,42
autogluon,predict_F_ML_PRO_20pct_F_ML_PRO_21,Force regression,F_ML_PRO_73,0.00016276385875001688,78
autogluon,predict_F_ML_PRO_20pct_F_ML_PRO_21,Force regression,F_ML_PRO_74,0.00010683479341160924,80
autogluon,predict_F_ML_PRO_20pct_F_ML_PRO_21,Force regression,F_ML_PRO_75,0.00023047698846979388,62
autogluon,predict_F_ML_PRO_20pct_F_ML_PRO_21,Force regression,F_ML_PRO_76,0.00024040786862476848,59
autogluon,predict_F_ML_PRO_20pct_F_ML_PRO_21,Force regression,F_ML_PRO_77,0.00013267958641517927,79
autogluon,predict_F_ML_PRO_20pct_F_ML_PRO_21,Force regression,F_ML_PRO_78,0.00018803620594230302,71
autogluon,predict_F_ML_PRO_20pct_F_ML_PRO_21,Force regression,F_ML_PRO_79,0.00016287742186492943,77
autogluon,predict_F_ML_PRO_20pct_F_ML_PRO_21,Force regression,F_ML_PRO_80,0.0003499290387327267,47
autogluon,predict_F_ML_PRO_20pct_F_ML_PRO_21,Force regression,F_ML_PRO_81,0.0006512372820515233,32
autogluon,predict_F_ML_PRO_20pct_F_ML_PRO_21,Force regression,F_ML_PRO_82,0.0011304615643198807,21
autogluon,predict_F_ML_PRO_20pct_F_ML_PRO_21,Force regression,F_ML_PRO_83,0.00025385267152968407,57
autogluon,predict_F_ML_PRO_20pct_F_ML_PRO_21,Force regression,F_ML_PRO_84,0.00019138517318707384,70
autogluon,predict_F_ML_PRO_20pct_F_ML_PRO_21,Force regression,F_ML_PRO_85,0.0003928349613431941,44
autogluon,predict_F_ML_PRO_20pct_F_ML_PRO_21,Force regression,F_ML_PRO_86,0.00024533587114678476,58
autogluon,predict_F_ML_PRO_20pct_F_ML_PRO_21,Force regression,F_ML_PRO_87,0.00022313494576762125,65
autogluon,predict_F_ML_PRO_20pct_F_ML_PRO_21,Force regression,F_ML_PRO_88,0.0002990019360052737,53
autogluon,predict_F_ML_PRO_20pct_F_ML_PRO_21,Force regression,F_ML_PRO_89,0.00031756642873450696,51
autogluon,predict_F_ML_PRO_20pct_F_ML_PRO_21,Force regression,F_ML_PRO_90,0.00039996964881558824,43
autogluon,predict_F_ML_PRO_20pct_F_ML_PRO_21,Force regression,F_ML_PRO_91,0.00017975463788025072,73
autogluon,predict_F_ML_PRO_20pct_F_ML_PRO_21,Force regression,F_ML_PRO_92,0.00017727195249042573,74
autogluon,predict_F_ML_PRO_20pct_F_ML_PRO_21,Force regression,F_ML_PRO_93,0.0007880488699431429,30
autogluon,predict_F_ML_PRO_20pct_F_ML_PRO_21,Force regression,F_ML_PRO_94,0.001601244397409675,15
autogluon,predict_F_ML_PRO_20pct_F_ML_PRO_21,Force regression,F_ML_PRO_95,0.0020910016824232627,12
autogluon,predict_F_ML_PRO_20pct_F_ML_PRO_21,Force regression,F_ML_PRO_96,0.0017438853120483038,14
autogluon,predict_F_ML_PRO_20pct_F_ML_PRO_21,Force regression,F_ML_PRO_97,0.0004654687805773896,38
autogluon,predict_F_ML_PRO_20pct_F_ML_PRO_21,Force regression,F_ML_PRO_98,0.0005962395433000186,35
autogluon,predict_F_ML_PRO_20pct_F_ML_PRO_21,Force regression,F_ML_PRO_99,0.0010115601587684878,24
autogluon,predict_F_ML_PRO_20pct_F_ML_PRO_21,Force regression,F_ML_PRO_100,0.0008876257261532979,29
autogluon,predict_F_ML_PRO_20pct_F_ML_PRO_21,Force regression,F_ML_PRO_101,0.004216062154918393,4
autogluon,predict_F_ML_PRO_40pct_F_ML_PRO_41,Force regression,F_ML_PRO_1,0.00011647058644383726,71
autogluon,predict_F_ML_PRO_40pct_F_ML_PRO_41,Force regression,F_ML_PRO_2,0.00015824706521299148,57
autogluon,predict_F_ML_PRO_40pct_F_ML_PRO_41,Force regression,F_ML_PRO_3,0.0009345597518194051,16
autogluon,predict_F_ML_PRO_40pct_F_ML_PRO_41,Force regression,F_ML_PRO_4,0.0011119689154956073,13
autogluon,predict_F_ML_PRO_40pct_F_ML_PRO_41,Force regression,F_ML_PRO_5,0.0005859227193286645,26
autogluon,predict_F_ML_PRO_40pct_F_ML_PRO_41,Force regression,F_ML_PRO_6,0.0022596874643738074,4
autogluon,predict_F_ML_PRO_40pct_F_ML_PRO_41,Force regression,F_ML_PRO_7,0.0026095863815603984,3
autogluon,predict_F_ML_PRO_40pct_F_ML_PRO_41,Force regression,F_ML_PRO_8,0.0013532101796008644,9
autogluon,predict_F_ML_PRO_40pct_F_ML_PRO_41,Force regression,F_ML_PRO_9,0.001419755652650363,7
autogluon,predict_F_ML_PRO_40pct_F_ML_PRO_41,Force regression,F_ML_PRO_10,0.0008755118402445478,17
autogluon,predict_F_ML_PRO_40pct_F_ML_PRO_41,Force regression,F_ML_PRO_11,0.0001897293509811991,50
autogluon,predict_F_ML_PRO_40pct_F_ML_PRO_41,Force regression,F_ML_PRO_12,0.001165912896187769,12
autogluon,predict_F_ML_PRO_40pct_F_ML_PRO_41,Force regression,F_ML_PRO_13,0.0007533987270564666,19
autogluon,predict_F_ML_PRO_40pct_F_ML_PRO_41,Force regression,F_ML_PRO_14,0.0003859314845564464,34
autogluon,predict_F_ML_PRO_40pct_F_ML_PRO_41,Force regression,F_ML_PRO_15,0.00022483305498543712,46
autogluon,predict_F_ML_PRO_40pct_F_ML_PRO_41,Force regression,F_ML_PRO_16,0.0005264893296148834,28
autogluon,predict_F_ML_PRO_40pct_F_ML_PRO_41,Force regression,F_ML_PRO_17,0.0005044377213861376,29
autogluon,predict_F_ML_PRO_40pct_F_ML_PRO_41,Force regression,F_ML_PRO_18,0.00023322427603933554,45
autogluon,predict_F_ML_PRO_40pct_F_ML_PRO_41,Force regression,F_ML_PRO_19,0.00017036658279701226,52
autogluon,predict_F_ML_PRO_40pct_F_ML_PRO_41,Force regression,F_ML_PRO_20,0.0001620171116147603,55
autogluon,predict_F_ML_PRO_40pct_F_ML_PRO_41,Force regression,F_ML_PRO_21,9.404185332823585e-05,76
autogluon,predict_F_ML_PRO_40pct_F_ML_PRO_41,Force regression,F_ML_PRO_22,0.00036289227743529633,35
autogluon,predict_F_ML_PRO_40pct_F_ML_PRO_41,Force regression,F_ML_PRO_23,0.0007326991206241977,20
autogluon,predict_F_ML_PRO_40pct_F_ML_PRO_41,Force regression,F_ML_PRO_24,0.0010659398051599664,14
autogluon,predict_F_ML_PRO_40pct_F_ML_PRO_41,Force regression,F_ML_PRO_25,0.00016819996826557672,53
autogluon,predict_F_ML_PRO_40pct_F_ML_PRO_41,Force regression,F_ML_PRO_26,0.0005661920626751255,27
autogluon,predict_F_ML_PRO_40pct_F_ML_PRO_41,Force regression,F_ML_PRO_27,0.0014936312503284882,6
autogluon,predict_F_ML_PRO_40pct_F_ML_PRO_41,Force regression,F_ML_PRO_28,0.0015943665297106942,5
autogluon,predict_F_ML_PRO_40pct_F_ML_PRO_41,Force regression,F_ML_PRO_29,0.0002942342992044158,38
autogluon,predict_F_ML_PRO_40pct_F_ML_PRO_41,Force regression,F_ML_PRO_30,0.003547596288819073,1
autogluon,predict_F_ML_PRO_40pct_F_ML_PRO_41,Force regression,F_ML_PRO_52,0.0032244430354589396,2
autogluon,predict_F_ML_PRO_40pct_F_ML_PRO_41,Force regression,F_ML_PRO_53,0.0003300131056975155,37
autogluon,predict_F_ML_PRO_40pct_F_ML_PRO_41,Force regression,F_ML_PRO_54,0.0009634971365125644,15
autogluon,predict_F_ML_PRO_40pct_F_ML_PRO_41,Force regression,F_ML_PRO_55,0.0013768622546146314,8
autogluon,predict_F_ML_PRO_40pct_F_ML_PRO_41,Force regression,F_ML_PRO_56,0.0006416855787651408,21
autogluon,predict_F_ML_PRO_40pct_F_ML_PRO_41,Force regression,F_ML_PRO_57,0.0002852525468398301,40
autogluon,predict_F_ML_PRO_40pct_F_ML_PRO_41,Force regression,F_ML_PRO_58,0.0006241757724589357,22
autogluon,predict_F_ML_PRO_40pct_F_ML_PRO_41,Force regression,F_ML_PRO_59,0.0006144535687959029,23
autogluon,predict_F_ML_PRO_40pct_F_ML_PRO_41,Force regression,F_ML_PRO_60,0.0005869535117720568,25
autogluon,predict_F_ML_PRO_40pct_F_ML_PRO_41,Force regression,F_ML_PRO_61,0.0003965077552323542,33
autogluon,predict_F_ML_PRO_40pct_F_ML_PRO_41,Force regression,F_ML_PRO_62,0.0002004941159134935,48
autogluon,predict_F_ML_PRO_40pct_F_ML_PRO_41,Force regression,F_ML_PRO_63,0.00012301688098038244,64
autogluon,predict_F_ML_PRO_40pct_F_ML_PRO_41,Force regression,F_ML_PRO_64,0.00013597729433483178,62
autogluon,predict_F_ML_PRO_40pct_F_ML_PRO_41,Force regression,F_ML_PRO_65,0.00042256518246399033,31
autogluon,predict_F_ML_PRO_40pct_F_ML_PRO_41,Force regression,F_ML_PRO_66,0.00016071759624820635,56
autogluon,predict_F_ML_PRO_40pct_F_ML_PRO_41,Force regression,F_ML_PRO_67,0.0002514553965172835,43
autogluon,predict_F_ML_PRO_40pct_F_ML_PRO_41,Force regression,F_ML_PRO_68,0.00018458266188907957,51
autogluon,predict_F_ML_PRO_40pct_F_ML_PRO_41,Force regression,F_ML_PRO_69,0.00011871366676253566,69
autogluon,predict_F_ML_PRO_40pct_F_ML_PRO_41,Force regression,F_ML_PRO_70,0.00011886292988330958,68
autogluon,predict_F_ML_PRO_40pct_F_ML_PRO_41,Force regression,F_ML_PRO_71,0.0004157597325587027,32
autogluon,predict_F_ML_PRO_40pct_F_ML_PRO_41,Force regression,F_ML_PRO_72,0.00014354153205123248,60
autogluon,predict_F_ML_PRO_40pct_F_ML_PRO_41,Force regression,F_ML_PRO_73,0.00011724357327653315,70
autogluon,predict_F_ML_PRO_40pct_F_ML_PRO_41,Force regression,F_ML_PRO_74,0.00011997232099788062,67
autogluon,predict_F_ML_PRO_40pct_F_ML_PRO_41,Force regression,F_ML_PRO_75,0.00015230266625682536,59
autogluon,predict_F_ML_PRO_40pct_F_ML_PRO_41,Force regression,F_ML_PRO_76,9.909776649955249e-05,75
autogluon,predict_F_ML_PRO_40pct_F_ML_PRO_41,Force regression,F_ML_PRO_77,0.00024699046717594457,44
autogluon,predict_F_ML_PRO_40pct_F_ML_PRO_41,Force regression,F_ML_PRO_78,0.00010476975142955768,74
autogluon,predict_F_ML_PRO_40pct_F_ML_PRO_41,Force regression,F_ML_PRO_79,0.0001967032053507865,49
autogluon,predict_F_ML_PRO_40pct_F_ML_PRO_41,Force regression,F_ML_PRO_80,0.00042979563741634265,30
autogluon,predict_F_ML_PRO_40pct_F_ML_PRO_41,Force regression,F_ML_PRO_81,8.067503327038136e-05,77
autogluon,predict_F_ML_PRO_40pct_F_ML_PRO_41,Force regression,F_ML_PRO_82,0.0002621237052501079,41
autogluon,predict_F_ML_PRO_40pct_F_ML_PRO_41,Force regression,F_ML_PRO_83,0.0001120412243116228,72
autogluon,predict_F_ML_PRO_40pct_F_ML_PRO_41,Force regression,F_ML_PRO_84,6.95945215411486e-05,80
autogluon,predict_F_ML_PRO_40pct_F_ML_PRO_41,Force regression,F_ML_PRO_85,0.00012416283962213338,63
autogluon,predict_F_ML_PRO_40pct_F_ML_PRO_41,Force regression,F_ML_PRO_86,7.31416891535951e-05,79
autogluon,predict_F_ML_PRO_40pct_F_ML_PRO_41,Force regression,F_ML_PRO_87,0.00012279458492735594,65
autogluon,predict_F_ML_PRO_40pct_F_ML_PRO_41,Force regression,F_ML_PRO_88,7.654463445457284e-05,78
autogluon,predict_F_ML_PRO_40pct_F_ML_PRO_41,Force regression,F_ML_PRO_89,0.00011098971587812717,73
autogluon,predict_F_ML_PRO_40pct_F_ML_PRO_41,Force regression,F_ML_PRO_90,0.00012230887776240677,66
autogluon,predict_F_ML_PRO_40pct_F_ML_PRO_41,Force regression,F_ML_PRO_91,0.00013782452094730798,61
autogluon,predict_F_ML_PRO_40pct_F_ML_PRO_41,Force regression,F_ML_PRO_92,0.00016544225889568543,54
autogluon,predict_F_ML_PRO_40pct_F_ML_PRO_41,Force regression,F_ML_PRO_93,0.00015366714991008228,58
autogluon,predict_F_ML_PRO_40pct_F_ML_PRO_41,Force regression,F_ML_PRO_94,0.000288017287488199,39
autogluon,predict_F_ML_PRO_40pct_F_ML_PRO_41,Force regression,F_ML_PRO_95,0.0006017564553767441,24
autogluon,predict_F_ML_PRO_40pct_F_ML_PRO_41,Force regression,F_ML_PRO_96,0.0008054957279107637,18
autogluon,predict_F_ML_PRO_40pct_F_ML_PRO_41,Force regression,F_ML_PRO_97,0.0003483967996305891,36
autogluon,predict_F_ML_PRO_40pct_F_ML_PRO_41,Force regression,F_ML_PRO_98,0.00025589028016353657,42
autogluon,predict_F_ML_PRO_40pct_F_ML_PRO_41,Force regression,F_ML_PRO_99,0.00022416507452726394,47
autogluon,predict_F_ML_PRO_40pct_F_ML_PRO_41,Force regression,F_ML_PRO_100,0.001241917373146862,10
autogluon,predict_F_ML_PRO_40pct_F_ML_PRO_41,Force regression,F_ML_PRO_101,0.0012390943571614723,11
autogluon,predict_F_ML_PRO_60pct_F_ML_PRO_61,Force regression,F_ML_PRO_1,0.00011134493828285512,68
autogluon,predict_F_ML_PRO_60pct_F_ML_PRO_61,Force regression,F_ML_PRO_2,7.984421376022494e-05,78
autogluon,predict_F_ML_PRO_60pct_F_ML_PRO_61,Force regression,F_ML_PRO_3,0.0001264314969933669,63
autogluon,predict_F_ML_PRO_60pct_F_ML_PRO_61,Force regression,F_ML_PRO_4,0.0005539989234206992,21
autogluon,predict_F_ML_PRO_60pct_F_ML_PRO_61,Force regression,F_ML_PRO_5,0.00013183438869438953,61
autogluon,predict_F_ML_PRO_60pct_F_ML_PRO_61,Force regression,F_ML_PRO_6,0.00018226747405747652,46
autogluon,predict_F_ML_PRO_60pct_F_ML_PRO_61,Force regression,F_ML_PRO_7,0.00016614876629642415,51
autogluon,predict_F_ML_PRO_60pct_F_ML_PRO_61,Force regression,F_ML_PRO_8,0.0006272785643571603,18
autogluon,predict_F_ML_PRO_60pct_F_ML_PRO_61,Force regression,F_ML_PRO_9,0.00021917003563754023,40
autogluon,predict_F_ML_PRO_60pct_F_ML_PRO_61,Force regression,F_ML_PRO_10,0.00042378752830296004,25
autogluon,predict_F_ML_PRO_60pct_F_ML_PRO_61,Force regression,F_ML_PRO_11,0.00019802851644473997,43
autogluon,predict_F_ML_PRO_60pct_F_ML_PRO_61,Force regression,F_ML_PRO_12,0.0005183258263310157,22
autogluon,predict_F_ML_PRO_60pct_F_ML_PRO_61,Force regression,F_ML_PRO_13,0.00037329380466447537,27
autogluon,predict_F_ML_PRO_60pct_F_ML_PRO_61,Force regression,F_ML_PRO_14,0.0005001849151546291,23
autogluon,predict_F_ML_PRO_60pct_F_ML_PRO_61,Force regression,F_ML_PRO_15,0.00011005681831415551,70
autogluon,predict_F_ML_PRO_60pct_F_ML_PRO_61,Force regression,F_ML_PRO_16,0.00013629106944426872,58
autogluon,predict_F_ML_PRO_60pct_F_ML_PRO_61,Force regression,F_ML_PRO_17,0.00013357876454311832,60
autogluon,predict_F_ML_PRO_60pct_F_ML_PRO_61,Force regression,F_ML_PRO_18,0.0002704173511738191,33
autogluon,predict_F_ML_PRO_60pct_F_ML_PRO_61,Force regression,F_ML_PRO_19,0.00017400884422628818,50
autogluon,predict_F_ML_PRO_60pct_F_ML_PRO_61,Force regression,F_ML_PRO_20,0.00017449949206719677,49
autogluon,predict_F_ML_PRO_60pct_F_ML_PRO_61,Force regression,F_ML_PRO_21,0.00013762704595703495,57
autogluon,predict_F_ML_PRO_60pct_F_ML_PRO_61,Force regression,F_ML_PRO_22,0.00022685221096293794,38
autogluon,predict_F_ML_PRO_60pct_F_ML_PRO_61,Force regression,F_ML_PRO_23,0.00015994911209822436,52
autogluon,predict_F_ML_PRO_60pct_F_ML_PRO_61,Force regression,F_ML_PRO_24,0.00025184740574655336,35
autogluon,predict_F_ML_PRO_60pct_F_ML_PRO_61,Force regression,F_ML_PRO_25,0.0001064484367056542,73
autogluon,predict_F_ML_PRO_60pct_F_ML_PRO_61,Force regression,F_ML_PRO_26,9.035205802582733e-05,76
autogluon,predict_F_ML_PRO_60pct_F_ML_PRO_61,Force regression,F_ML_PRO_27,9.288267775102416e-05,74
autogluon,predict_F_ML_PRO_60pct_F_ML_PRO_61,Force regression,F_ML_PRO_28,0.00021167682195017621,41
autogluon,predict_F_ML_PRO_60pct_F_ML_PRO_61,Force regression,F_ML_PRO_29,0.00011193815023580097,67
autogluon,predict_F_ML_PRO_60pct_F_ML_PRO_61,Force regression,F_ML_PRO_30,8.819068676287597e-05,77
autogluon,predict_F_ML_PRO_60pct_F_ML_PRO_61,Force regression,F_ML_PRO_31,0.0001906935736882993,44
autogluon,predict_F_ML_PRO_60pct_F_ML_PRO_61,Force regression,F_ML_PRO_32,6.39159391640636e-05,80
autogluon,predict_F_ML_PRO_60pct_F_ML_PRO_61,Force regression,F_ML_PRO_33,0.00017895681655823457,47
autogluon,predict_F_ML_PRO_60pct_F_ML_PRO_61,Force regression,F_ML_PRO_34,0.00012114318195381221,64
autogluon,predict_F_ML_PRO_60pct_F_ML_PRO_61,Force regression,F_ML_PRO_35,0.0002081253209034913,42
autogluon,predict_F_ML_PRO_60pct_F_ML_PRO_61,Force regression,F_ML_PRO_36,0.00010861321458489544,71
autogluon,predict_F_ML_PRO_60pct_F_ML_PRO_61,Force regression,F_ML_PRO_37,0.00025757213141898504,34
autogluon,predict_F_ML_PRO_60pct_F_ML_PRO_61,Force regression,F_ML_PRO_38,0.00024677142595303154,36
autogluon,predict_F_ML_PRO_60pct_F_ML_PRO_61,Force regression,F_ML_PRO_39,0.0003078296367926264,29
autogluon,predict_F_ML_PRO_60pct_F_ML_PRO_61,Force regression,F_ML_PRO_40,7.425496166170977e-05,79
autogluon,predict_F_ML_PRO_60pct_F_ML_PRO_61,Force regression,F_ML_PRO_41,0.00011961201302539033,65
autogluon,predict_F_ML_PRO_60pct_F_ML_PRO_61,Force regression,F_ML_PRO_42,0.0010087507451664553,13
autogluon,predict_F_ML_PRO_60pct_F_ML_PRO_61,Force regression,F_ML_PRO_43,0.0010627852330249473,12
autogluon,predict_F_ML_PRO_60pct_F_ML_PRO_61,Force regression,F_ML_PRO_44,0.0006042755883115911,19
autogluon,predict_F_ML_PRO_60pct_F_ML_PRO_61,Force regression,F_ML_PRO_45,0.00017607586945006125,48
autogluon,predict_F_ML_PRO_60pct_F_ML_PRO_61,Force regression,F_ML_PRO_46,0.0007936283490659359,14
autogluon,predict_F_ML_PRO_60pct_F_ML_PRO_61,Force regression,F_ML_PRO_47,0.0016480468158341763,6
autogluon,predict_F_ML_PRO_60pct_F_ML_PRO_61,Force regression,F_ML_PRO_48,0.0015915339538445958,7
autogluon,predict_F_ML_PRO_60pct_F_ML_PRO_61,Force regression,F_ML_PRO_49,0.00015010370780590979,54
autogluon,predict_F_ML_PRO_60pct_F_ML_PRO_61,Force regression,F_ML_PRO_50,0.0047332974285689295,2
autogluon,predict_F_ML_PRO_60pct_F_ML_PRO_61,Force regression,F_ML_PRO_72,0.006146317558731729,1
autogluon,predict_F_ML_PRO_60pct_F_ML_PRO_61,Force regression,F_ML_PRO_73,0.00022316935667186005,39
autogluon,predict_F_ML_PRO_60pct_F_ML_PRO_61,Force regression,F_ML_PRO_74,0.001099086320929928,11
autogluon,predict_F_ML_PRO_60pct_F_ML_PRO_61,Force regression,F_ML_PRO_75,0.0016893478024867362,5
autogluon,predict_F_ML_PRO_60pct_F_ML_PRO_61,Force regression,F_ML_PRO_76,0.0018286598504734378,3
autogluon,predict_F_ML_PRO_60pct_F_ML_PRO_61,Force regression,F_ML_PRO_77,0.001283246001422715,10
autogluon,predict_F_ML_PRO_60pct_F_ML_PRO_61,Force regression,F_ML_PRO_78,0.0006382172638970792,17
autogluon,predict_F_ML_PRO_60pct_F_ML_PRO_61,Force regression,F_ML_PRO_79,0.0005627731441636571,20
autogluon,predict_F_ML_PRO_60pct_F_ML_PRO_61,Force regression,F_ML_PRO_80,0.0014413333777548458,9
autogluon,predict_F_ML_PRO_60pct_F_ML_PRO_61,Force regression,F_ML_PRO_81,0.0015108506457246322,8
autogluon,predict_F_ML_PRO_60pct_F_ML_PRO_61,Force regression,F_ML_PRO_82,0.0017842523186942948,4
autogluon,predict_F_ML_PRO_60pct_F_ML_PRO_61,Force regression,F_ML_PRO_83,0.000773567934792178,15
autogluon,predict_F_ML_PRO_60pct_F_ML_PRO_61,Force regression,F_ML_PRO_84,0.0006799589175789152,16
autogluon,predict_F_ML_PRO_60pct_F_ML_PRO_61,Force regression,F_ML_PRO_85,0.0003247681714549092,28
autogluon,predict_F_ML_PRO_60pct_F_ML_PRO_61,Force regression,F_ML_PRO_86,0.00010849780892021971,72
autogluon,predict_F_ML_PRO_60pct_F_ML_PRO_61,Force regression,F_ML_PRO_87,0.00011919764552375328,66
autogluon,predict_F_ML_PRO_60pct_F_ML_PRO_61,Force regression,F_ML_PRO_88,0.00014946832956371073,55
autogluon,predict_F_ML_PRO_60pct_F_ML_PRO_61,Force regression,F_ML_PRO_89,0.00018935371834636006,45
autogluon,predict_F_ML_PRO_60pct_F_ML_PRO_61,Force regression,F_ML_PRO_90,0.00023425592359692233,37
autogluon,predict_F_ML_PRO_60pct_F_ML_PRO_61,Force regression,F_ML_PRO_91,0.000139591782990869,56
autogluon,predict_F_ML_PRO_60pct_F_ML_PRO_61,Force regression,F_ML_PRO_92,0.00012868141464100034,62
autogluon,predict_F_ML_PRO_60pct_F_ML_PRO_61,Force regression,F_ML_PRO_93,0.0002935455757122124,30
autogluon,predict_F_ML_PRO_60pct_F_ML_PRO_61,Force regression,F_ML_PRO_94,0.00015062118231758687,53
autogluon,predict_F_ML_PRO_60pct_F_ML_PRO_61,Force regression,F_ML_PRO_95,0.00041435134763499564,26
autogluon,predict_F_ML_PRO_60pct_F_ML_PRO_61,Force regression,F_ML_PRO_96,0.0004328217419258887,24
autogluon,predict_F_ML_PRO_60pct_F_ML_PRO_61,Force regression,F_ML_PRO_97,0.00013614549796329815,59
autogluon,predict_F_ML_PRO_60pct_F_ML_PRO_61,Force regression,F_ML_PRO_98,9.173240135229814e-05,75
autogluon,predict_F_ML_PRO_60pct_F_ML_PRO_61,Force regression,F_ML_PRO_99,0.0001112149004087163,69
autogluon,predict_F_ML_PRO_60pct_F_ML_PRO_61,Force regression,F_ML_PRO_100,0.0002794151435987765,32
autogluon,predict_F_ML_PRO_60pct_F_ML_PRO_61,Force regression,F_ML_PRO_101,0.0002882819277987844,31
autogluon,predict_F_ML_PRO_80pct_F_ML_PRO_81,Force regression,F_ML_PRO_1,0.00022074598249698994,48
autogluon,predict_F_ML_PRO_80pct_F_ML_PRO_81,Force regression,F_ML_PRO_2,0.000641797455663133,25
autogluon,predict_F_ML_PRO_80pct_F_ML_PRO_81,Force regression,F_ML_PRO_3,0.00023579482848274186,46
autogluon,predict_F_ML_PRO_80pct_F_ML_PRO_81,Force regression,F_ML_PRO_4,0.00014498024013624266,55
autogluon,predict_F_ML_PRO_80pct_F_ML_PRO_81,Force regression,F_ML_PRO_5,0.00022582845028147023,47
autogluon,predict_F_ML_PRO_80pct_F_ML_PRO_81,Force regression,F_ML_PRO_6,0.0005221817855264012,27
autogluon,predict_F_ML_PRO_80pct_F_ML_PRO_81,Force regression,F_ML_PRO_7,0.0011991982040490253,16
autogluon,predict_F_ML_PRO_80pct_F_ML_PRO_81,Force regression,F_ML_PRO_8,0.002003293778713973,10
autogluon,predict_F_ML_PRO_80pct_F_ML_PRO_81,Force regression,F_ML_PRO_9,0.00024858994675802627,42
autogluon,predict_F_ML_PRO_80pct_F_ML_PRO_81,Force regression,F_ML_PRO_10,0.0011813554952629294,17
autogluon,predict_F_ML_PRO_80pct_F_ML_PRO_81,Force regression,F_ML_PRO_11,0.0002828999645466356,39
autogluon,predict_F_ML_PRO_80pct_F_ML_PRO_81,Force regression,F_ML_PRO_12,0.0007199944515935693,19
autogluon,predict_F_ML_PRO_80pct_F_ML_PRO_81,Force regression,F_ML_PRO_13,0.00023695190222659023,45
autogluon,predict_F_ML_PRO_80pct_F_ML_PRO_81,Force regression,F_ML_PRO_14,0.00019261775719415798,51
autogluon,predict_F_ML_PRO_80pct_F_ML_PRO_81,Force regression,F_ML_PRO_15,0.00010407086081249856,69
autogluon,predict_F_ML_PRO_80pct_F_ML_PRO_81,Force regression,F_ML_PRO_16,0.0003319679021822392,34
autogluon,predict_F_ML_PRO_80pct_F_ML_PRO_81,Force regression,F_ML_PRO_17,0.00010845700647445877,68
autogluon,predict_F_ML_PRO_80pct_F_ML_PRO_81,Force regression,F_ML_PRO_18,0.00043248443551743176,31
autogluon,predict_F_ML_PRO_80pct_F_ML_PRO_81,Force regression,F_ML_PRO_19,0.0006497800315377792,24
autogluon,predict_F_ML_PRO_80pct_F_ML_PRO_81,Force regression,F_ML_PRO_20,0.00029448368657904184,37
autogluon,predict_F_ML_PRO_80pct_F_ML_PRO_81,Force regression,F_ML_PRO_21,7.725303013770203e-05,75
autogluon,predict_F_ML_PRO_80pct_F_ML_PRO_81,Force regression,F_ML_PRO_22,0.0006667813876647416,23
autogluon,predict_F_ML_PRO_80pct_F_ML_PRO_81,Force regression,F_ML_PRO_23,0.0002622413634898194,40
autogluon,predict_F_ML_PRO_80pct_F_ML_PRO_81,Force regression,F_ML_PRO_24,0.0006196484975452119,26
autogluon,predict_F_ML_PRO_80pct_F_ML_PRO_81,Force regression,F_ML_PRO_25,6.522617404536723e-05,77
autogluon,predict_F_ML_PRO_80pct_F_ML_PRO_81,Force regression,F_ML_PRO_26,0.00032047418126926995,35
autogluon,predict_F_ML_PRO_80pct_F_ML_PRO_81,Force regression,F_ML_PRO_27,0.0005068377176863175,29
autogluon,predict_F_ML_PRO_80pct_F_ML_PRO_81,Force regression,F_ML_PRO_28,0.00030572212746725834,36
autogluon,predict_F_ML_PRO_80pct_F_ML_PRO_81,Force regression,F_ML_PRO_29,0.0001363567818641765,60
autogluon,predict_F_ML_PRO_80pct_F_ML_PRO_81,Force regression,F_ML_PRO_30,0.00019951380822991852,50
autogluon,predict_F_ML_PRO_80pct_F_ML_PRO_81,Force regression,F_ML_PRO_31,0.0002485339760112562,43
autogluon,predict_F_ML_PRO_80pct_F_ML_PRO_81,Force regression,F_ML_PRO_32,0.0001384720184796604,58
autogluon,predict_F_ML_PRO_80pct_F_ML_PRO_81,Force regression,F_ML_PRO_33,0.00013399993990444482,61
autogluon,predict_F_ML_PRO_80pct_F_ML_PRO_81,Force regression,F_ML_PRO_34,0.00019254259034076114,52
autogluon,predict_F_ML_PRO_80pct_F_ML_PRO_81,Force regression,F_ML_PRO_35,0.0001239279673948963,65
autogluon,predict_F_ML_PRO_80pct_F_ML_PRO_81,Force regression,F_ML_PRO_36,9.431846407258306e-05,71
autogluon,predict_F_ML_PRO_80pct_F_ML_PRO_81,Force regression,F_ML_PRO_37,5.7529788208841076e-05,79
autogluon,predict_F_ML_PRO_80pct_F_ML_PRO_81,Force regression,F_ML_PRO_38,0.00013048586233425254,63
autogluon,predict_F_ML_PRO_80pct_F_ML_PRO_81,Force regression,F_ML_PRO_39,0.00012083686106780066,67
autogluon,predict_F_ML_PRO_80pct_F_ML_PRO_81,Force regression,F_ML_PRO_40,0.0002472421941735469,44
autogluon,predict_F_ML_PRO_80pct_F_ML_PRO_81,Force regression,F_ML_PRO_41,7.749628647676858e-05,74
autogluon,predict_F_ML_PRO_80pct_F_ML_PRO_81,Force regression,F_ML_PRO_42,8.728649136901366e-05,73
autogluon,predict_F_ML_PRO_80pct_F_ML_PRO_81,Force regression,F_ML_PRO_43,0.00029361225293195653,38
autogluon,predict_F_ML_PRO_80pct_F_ML_PRO_81,Force regression,F_ML_PRO_44,9.92225581348469e-05,70
autogluon,predict_F_ML_PRO_80pct_F_ML_PRO_81,Force regression,F_ML_PRO_45,0.0002022243726274205,49
autogluon,predict_F_ML_PRO_80pct_F_ML_PRO_81,Force regression,F_ML_PRO_46,0.00018340149342515764,53
autogluon,predict_F_ML_PRO_80pct_F_ML_PRO_81,Force regression,F_ML_PRO_47,6.838428610596253e-05,76
autogluon,predict_F_ML_PRO_80pct_F_ML_PRO_81,Force regression,F_ML_PRO_48,5.8103440042840554e-05,78
autogluon,predict_F_ML_PRO_80pct_F_ML_PRO_81,Force regression,F_ML_PRO_49,9.18279968253855e-05,72
autogluon,predict_F_ML_PRO_80pct_F_ML_PRO_81,Force regression,F_ML_PRO_50,0.0001758818876761425,54
autogluon,predict_F_ML_PRO_80pct_F_ML_PRO_81,Force regression,F_ML_PRO_51,0.00012636727878513417,64
autogluon,predict_F_ML_PRO_80pct_F_ML_PRO_81,Force regression,F_ML_PRO_52,5.0299783439388105e-05,80
autogluon,predict_F_ML_PRO_80pct_F_ML_PRO_81,Force regression,F_ML_PRO_53,0.00025343955448220684,41
autogluon,predict_F_ML_PRO_80pct_F_ML_PRO_81,Force regression,F_ML_PRO_54,0.00013142400001702782,62
autogluon,predict_F_ML_PRO_80pct_F_ML_PRO_81,Force regression,F_ML_PRO_55,0.00043062902497753287,32
autogluon,predict_F_ML_PRO_80pct_F_ML_PRO_81,Force regression,F_ML_PRO_56,0.00014470776212611934,57
autogluon,predict_F_ML_PRO_80pct_F_ML_PRO_81,Force regression,F_ML_PRO_57,0.00034655828098443115,33
autogluon,predict_F_ML_PRO_80pct_F_ML_PRO_81,Force regression,F_ML_PRO_58,0.00014484412306289094,56
autogluon,predict_F_ML_PRO_80pct_F_ML_PRO_81,Force regression,F_ML_PRO_59,0.00012233917404996122,66
autogluon,predict_F_ML_PRO_80pct_F_ML_PRO_81,Force regression,F_ML_PRO_60,0.00067809893278152,21
autogluon,predict_F_ML_PRO_80pct_F_ML_PRO_81,Force regression,F_ML_PRO_61,0.0014046436984531789,13
autogluon,predict_F_ML_PRO_80pct_F_ML_PRO_81,Force regression,F_ML_PRO_62,0.0014197538063922867,12
autogluon,predict_F_ML_PRO_80pct_F_ML_PRO_81,Force regression,F_ML_PRO_63,0.002137635467937798,9
autogluon,predict_F_ML_PRO_80pct_F_ML_PRO_81,Force regression,F_ML_PRO_64,0.001938096643629251,11
autogluon,predict_F_ML_PRO_80pct_F_ML_PRO_81,Force regression,F_ML_PRO_65,0.0009369940824310308,18
autogluon,predict_F_ML_PRO_80pct_F_ML_PRO_81,Force regression,F_ML_PRO_66,0.004919594347447855,6
autogluon,predict_F_ML_PRO_80pct_F_ML_PRO_81,Force regression,F_ML_PRO_67,0.008241944899488266,4
autogluon,predict_F_ML_PRO_80pct_F_ML_PRO_81,Force regression,F_ML_PRO_68,0.0066094167743803054,5
autogluon,predict_F_ML_PRO_80pct_F_ML_PRO_81,Force regression,F_ML_PRO_69,0.0005130925459703172,28
autogluon,predict_F_ML_PRO_80pct_F_ML_PRO_81,Force regression,F_ML_PRO_70,0.015513951082944311,1
autogluon,predict_F_ML_PRO_80pct_F_ML_PRO_81,Force regression,F_ML_PRO_92,0.010716799281071065,2
autogluon,predict_F_ML_PRO_80pct_F_ML_PRO_81,Force regression,F_ML_PRO_93,0.002195957106079732,8
autogluon,predict_F_ML_PRO_80pct_F_ML_PRO_81,Force regression,F_ML_PRO_94,0.008950478254295983,3
autogluon,predict_F_ML_PRO_80pct_F_ML_PRO_81,Force regression,F_ML_PRO_95,0.004572759322435659,7
autogluon,predict_F_ML_PRO_80pct_F_ML_PRO_81,Force regression,F_ML_PRO_96,0.00013773102432444113,59
autogluon,predict_F_ML_PRO_80pct_F_ML_PRO_81,Force regression,F_ML_PRO_97,0.0012944267043086355,15
autogluon,predict_F_ML_PRO_80pct_F_ML_PRO_81,Force regression,F_ML_PRO_98,0.0007051933943722463,20
autogluon,predict_F_ML_PRO_80pct_F_ML_PRO_81,Force regression,F_ML_PRO_99,0.000440963024724624,30
autogluon,predict_F_ML_PRO_80pct_F_ML_PRO_81,Force regression,F_ML_PRO_100,0.0006732995940025528,22
autogluon,predict_F_ML_PRO_80pct_F_ML_PRO_81,Force regression,F_ML_PRO_101,0.001347416630828067,14
autogluon,predict_F_V_PRO_20pct_F_V_PRO_21,Force regression,F_V_PRO_1,0.0037213318347931045,33
autogluon,predict_F_V_PRO_20pct_F_V_PRO_21,Force regression,F_V_PRO_2,0.004666713217894244,27
autogluon,predict_F_V_PRO_20pct_F_V_PRO_21,Force regression,F_V_PRO_3,0.002341507110330786,45
autogluon,predict_F_V_PRO_20pct_F_V_PRO_21,Force regression,F_V_PRO_4,0.008684894038571254,13
autogluon,predict_F_V_PRO_20pct_F_V_PRO_21,Force regression,F_V_PRO_5,0.02181788824664222,3
autogluon,predict_F_V_PRO_20pct_F_V_PRO_21,Force regression,F_V_PRO_6,0.006627518534660333,16
autogluon,predict_F_V_PRO_20pct_F_V_PRO_21,Force regression,F_V_PRO_7,0.004251234829425808,31
autogluon,predict_F_V_PRO_20pct_F_V_PRO_21,Force regression,F_V_PRO_8,0.020539701739946997,5
autogluon,predict_F_V_PRO_20pct_F_V_PRO_21,Force regression,F_V_PRO_9,0.012422300226158554,8
autogluon,predict_F_V_PRO_20pct_F_V_PRO_21,Force regression,F_V_PRO_10,0.02476850955353844,2
autogluon,predict_F_V_PRO_20pct_F_V_PRO_21,Force regression,F_V_PRO_32,0.035565113928582935,1
autogluon,predict_F_V_PRO_20pct_F_V_PRO_21,Force regression,F_V_PRO_33,0.004843608730369143,26
autogluon,predict_F_V_PRO_20pct_F_V_PRO_21,Force regression,F_V_PRO_34,0.005566714147726688,22
autogluon,predict_F_V_PRO_20pct_F_V_PRO_21,Force regression,F_V_PRO_35,0.010680355310440072,9
autogluon,predict_F_V_PRO_20pct_F_V_PRO_21,Force regression,F_V_PRO_36,0.021226076377762686,4
autogluon,predict_F_V_PRO_20pct_F_V_PRO_21,Force regression,F_V_PRO_37,0.01581304685274761,6
autogluon,predict_F_V_PRO_20pct_F_V_PRO_21,Force regression,F_V_PRO_38,0.015594352258576276,7
autogluon,predict_F_V_PRO_20pct_F_V_PRO_21,Force regression,F_V_PRO_39,0.00926955697933832,10
autogluon,predict_F_V_PRO_20pct_F_V_PRO_21,Force regression,F_V_PRO_40,0.003726203759511307,32
autogluon,predict_F_V_PRO_20pct_F_V_PRO_21,Force regression,F_V_PRO_41,0.003155663867791489,38
autogluon,predict_F_V_PRO_20pct_F_V_PRO_21,Force regression,F_V_PRO_42,0.006119009759691033,18
autogluon,predict_F_V_PRO_20pct_F_V_PRO_21,Force regression,F_V_PRO_43,0.0027960346672269987,40
autogluon,predict_F_V_PRO_20pct_F_V_PRO_21,Force regression,F_V_PRO_44,0.0022104438675774473,50
autogluon,predict_F_V_PRO_20pct_F_V_PRO_21,Force regression,F_V_PRO_45,0.006235103878709999,17
autogluon,predict_F_V_PRO_20pct_F_V_PRO_21,Force regression,F_V_PRO_46,0.001349765168295963,57
autogluon,predict_F_V_PRO_20pct_F_V_PRO_21,Force regression,F_V_PRO_47,0.0029846964279810614,39
autogluon,predict_F_V_PRO_20pct_F_V_PRO_21,Force regression,F_V_PRO_48,0.009137524240546755,11
autogluon,predict_F_V_PRO_20pct_F_V_PRO_21,Force regression,F_V_PRO_49,0.007999493499596912,14
autogluon,predict_F_V_PRO_20pct_F_V_PRO_21,Force regression,F_V_PRO_50,0.008938087013032694,12
autogluon,predict_F_V_PRO_20pct_F_V_PRO_21,Force regression,F_V_PRO_51,0.0053221558133761,23
autogluon,predict_F_V_PRO_20pct_F_V_PRO_21,Force regression,F_V_PRO_52,0.0008643620544009654,66
autogluon,predict_F_V_PRO_20pct_F_V_PRO_21,Force regression,F_V_PRO_53,0.005887412885824852,20
autogluon,predict_F_V_PRO_20pct_F_V_PRO_21,Force regression,F_V_PRO_54,0.005316392256153944,24
autogluon,predict_F_V_PRO_20pct_F_V_PRO_21,Force regression,F_V_PRO_55,0.004340700507164014,30
autogluon,predict_F_V_PRO_20pct_F_V_PRO_21,Force regression,F_V_PRO_56,0.0010817598435613896,61
autogluon,predict_F_V_PRO_20pct_F_V_PRO_21,Force regression,F_V_PRO_57,0.0013243052363395714,58
autogluon,predict_F_V_PRO_20pct_F_V_PRO_21,Force regression,F_V_PRO_58,0.005651321027013979,21
autogluon,predict_F_V_PRO_20pct_F_V_PRO_21,Force regression,F_V_PRO_59,0.0007356005708376506,69
autogluon,predict_F_V_PRO_20pct_F_V_PRO_21,Force regression,F_V_PRO_60,0.0011868725948863531,59
autogluon,predict_F_V_PRO_20pct_F_V_PRO_21,Force regression,F_V_PRO_61,0.0023383825288878523,46
autogluon,predict_F_V_PRO_20pct_F_V_PRO_21,Force regression,F_V_PRO_62,0.002271966967317805,48
autogluon,predict_F_V_PRO_20pct_F_V_PRO_21,Force regression,F_V_PRO_63,0.004576347437169811,29
autogluon,predict_F_V_PRO_20pct_F_V_PRO_21,Force regression,F_V_PRO_64,0.0005740363332960315,72
autogluon,predict_F_V_PRO_20pct_F_V_PRO_21,Force regression,F_V_PRO_65,0.0018968881964683576,53
autogluon,predict_F_V_PRO_20pct_F_V_PRO_21,Force regression,F_V_PRO_66,0.0003503934741020053,79
autogluon,predict_F_V_PRO_20pct_F_V_PRO_21,Force regression,F_V_PRO_67,0.0005652100708749575,73
autogluon,predict_F_V_PRO_20pct_F_V_PRO_21,Force regression,F_V_PRO_68,0.0008086161878373964,67
autogluon,predict_F_V_PRO_20pct_F_V_PRO_21,Force regression,F_V_PRO_69,0.00031580266025331205,80
autogluon,predict_F_V_PRO_20pct_F_V_PRO_21,Force regression,F_V_PRO_70,0.0006302099095450566,70
autogluon,predict_F_V_PRO_20pct_F_V_PRO_21,Force regression,F_V_PRO_71,0.000934899085097839,64
autogluon,predict_F_V_PRO_20pct_F_V_PRO_21,Force regression,F_V_PRO_72,0.0008894121911790677,65
autogluon,predict_F_V_PRO_20pct_F_V_PRO_21,Force regression,F_V_PRO_73,0.0013976078563266347,55
autogluon,predict_F_V_PRO_20pct_F_V_PRO_21,Force regression,F_V_PRO_74,0.0003826174537340737,78
autogluon,predict_F_V_PRO_20pct_F_V_PRO_21,Force regression,F_V_PRO_75,0.000498626516924969,75
autogluon,predict_F_V_PRO_20pct_F_V_PRO_21,Force regression,F_V_PRO_76,0.00209847374757132,51
autogluon,predict_F_V_PRO_20pct_F_V_PRO_21,Force regression,F_V_PRO_77,0.0019994497365421683,52
autogluon,predict_F_V_PRO_20pct_F_V_PRO_21,Force regression,F_V_PRO_78,0.0025323815544446345,42
autogluon,predict_F_V_PRO_20pct_F_V_PRO_21,Force regression,F_V_PRO_79,0.0010211107598410794,62
autogluon,predict_F_V_PRO_20pct_F_V_PRO_21,Force regression,F_V_PRO_80,0.0011683419015672395,60
autogluon,predict_F_V_PRO_20pct_F_V_PRO_21,Force regression,F_V_PRO_81,0.0009502672685517275,63
autogluon,predict_F_V_PRO_20pct_F_V_PRO_21,Force regression,F_V_PRO_82,0.007822572012742359,15
autogluon,predict_F_V_PRO_20pct_F_V_PRO_21,Force regression,F_V_PRO_83,0.0022916605538791986,47
autogluon,predict_F_V_PRO_20pct_F_V_PRO_21,Force regression,F_V_PRO_84,0.0023858498136202426,43
autogluon,predict_F_V_PRO_20pct_F_V_PRO_21,Force regression,F_V_PRO_85,0.003547400295734413,34
autogluon,predict_F_V_PRO_20pct_F_V_PRO_21,Force regression,F_V_PRO_86,0.0034859872923956913,35
autogluon,predict_F_V_PRO_20pct_F_V_PRO_21,Force regression,F_V_PRO_87,0.0005442185733053329,74
autogluon,predict_F_V_PRO_20pct_F_V_PRO_21,Force regression,F_V_PRO_88,0.0027462255093786436,41
autogluon,predict_F_V_PRO_20pct_F_V_PRO_21,Force regression,F_V_PRO_89,0.006095061924722468,19
autogluon,predict_F_V_PRO_20pct_F_V_PRO_21,Force regression,F_V_PRO_90,0.0034182147979736374,36
autogluon,predict_F_V_PRO_20pct_F_V_PRO_21,Force regression,F_V_PRO_91,0.005003362158934274,25
autogluon,predict_F_V_PRO_20pct_F_V_PRO_21,Force regression,F_V_PRO_92,0.0004405897325939581,77
autogluon,predict_F_V_PRO_20pct_F_V_PRO_21,Force regression,F_V_PRO_93,0.0005987266103426568,71
autogluon,predict_F_V_PRO_20pct_F_V_PRO_21,Force regression,F_V_PRO_94,0.0022482200596067605,49
autogluon,predict_F_V_PRO_20pct_F_V_PRO_21,Force regression,F_V_PRO_95,0.0007609891891479474,68
autogluon,predict_F_V_PRO_20pct_F_V_PRO_21,Force regression,F_V_PRO_96,0.0017521320581436197,54
autogluon,predict_F_V_PRO_20pct_F_V_PRO_21,Force regression,F_V_PRO_97,0.002367069582144414,44
autogluon,predict_F_V_PRO_20pct_F_V_PRO_21,Force regression,F_V_PRO_98,0.0033164159854253135,37
autogluon,predict_F_V_PRO_20pct_F_V_PRO_21,Force regression,F_V_PRO_99,0.0004918481442663367,76
autogluon,predict_F_V_PRO_20pct_F_V_PRO_21,Force regression,F_V_PRO_100,0.0013801207343737336,56
autogluon,predict_F_V_PRO_20pct_F_V_PRO_21,Force regression,F_V_PRO_101,0.00466196706559924,28
autogluon,predict_F_V_PRO_40pct_F_V_PRO_41,Force regression,F_V_PRO_1,0.004108747230635752,17
autogluon,predict_F_V_PRO_40pct_F_V_PRO_41,Force regression,F_V_PRO_2,0.0020777250462108215,28
autogluon,predict_F_V_PRO_40pct_F_V_PRO_41,Force regression,F_V_PRO_3,0.000568015787336564,63
autogluon,predict_F_V_PRO_40pct_F_V_PRO_41,Force regression,F_V_PRO_4,0.002012902127371895,30
autogluon,predict_F_V_PRO_40pct_F_V_PRO_41,Force regression,F_V_PRO_5,0.0007937880357106548,57
autogluon,predict_F_V_PRO_40pct_F_V_PRO_41,Force regression,F_V_PRO_6,0.002099537286493511,27
autogluon,predict_F_V_PRO_40pct_F_V_PRO_41,Force regression,F_V_PRO_7,0.0007330793473455629,58
autogluon,predict_F_V_PRO_40pct_F_V_PRO_41,Force regression,F_V_PRO_8,0.0010520775053236224,49
autogluon,predict_F_V_PRO_40pct_F_V_PRO_41,Force regression,F_V_PRO_9,0.0008044687509536736,56
autogluon,predict_F_V_PRO_40pct_F_V_PRO_41,Force regression,F_V_PRO_10,0.0016719465984238512,34
autogluon,predict_F_V_PRO_40pct_F_V_PRO_41,Force regression,F_V_PRO_11,0.000974695059988232,53
autogluon,predict_F_V_PRO_40pct_F_V_PRO_41,Force regression,F_V_PRO_12,0.0005163713561163988,67
autogluon,predict_F_V_PRO_40pct_F_V_PRO_41,Force regression,F_V_PRO_13,0.0020518126620186717,29
autogluon,predict_F_V_PRO_40pct_F_V_PRO_41,Force regression,F_V_PRO_14,0.0024692580302556376,21
autogluon,predict_F_V_PRO_40pct_F_V_PRO_41,Force regression,F_V_PRO_15,0.0010345626937018552,50
autogluon,predict_F_V_PRO_40pct_F_V_PRO_41,Force regression,F_V_PRO_16,0.002170975559287594,25
autogluon,predict_F_V_PRO_40pct_F_V_PRO_41,Force regression,F_V_PRO_17,0.0006093284289042137,60
autogluon,predict_F_V_PRO_40pct_F_V_PRO_41,Force regression,F_V_PRO_18,0.0016155265569686857,35
autogluon,predict_F_V_PRO_40pct_F_V_PRO_41,Force regression,F_V_PRO_19,0.0004983556866645873,68
autogluon,predict_F_V_PRO_40pct_F_V_PRO_41,Force regression,F_V_PRO_20,0.0005961509545644154,62
autogluon,predict_F_V_PRO_40pct_F_V_PRO_41,Force regression,F_V_PRO_21,0.001436064104239147,38
autogluon,predict_F_V_PRO_40pct_F_V_PRO_41,Force regression,F_V_PRO_22,0.0011386131114429915,45
autogluon,predict_F_V_PRO_40pct_F_V_PRO_41,Force regression,F_V_PRO_23,0.006687901496887211,13
autogluon,predict_F_V_PRO_40pct_F_V_PRO_41,Force regression,F_V_PRO_24,0.0057981458769904215,14
autogluon,predict_F_V_PRO_40pct_F_V_PRO_41,Force regression,F_V_PRO_25,0.013877938210964197,10
autogluon,predict_F_V_PRO_40pct_F_V_PRO_41,Force regression,F_V_PRO_26,0.01858219603035186,6
autogluon,predict_F_V_PRO_40pct_F_V_PRO_41,Force regression,F_V_PRO_27,0.014124309665626951,9
autogluon,predict_F_V_PRO_40pct_F_V_PRO_41,Force regression,F_V_PRO_28,0.004971394578615823,16
autogluon,predict_F_V_PRO_40pct_F_V_PRO_41,Force regression,F_V_PRO_29,0.00809917189677556,12
autogluon,predict_F_V_PRO_40pct_F_V_PRO_41,Force regression,F_V_PRO_30,0.03287259589963489,2
autogluon,predict_F_V_PRO_40pct_F_V_PRO_41,Force regression,F_V_PRO_52,0.11089018879334134,1
autogluon,predict_F_V_PRO_40pct_F_V_PRO_41,Force regression,F_V_PRO_53,0.031214233318964633,3
autogluon,predict_F_V_PRO_40pct_F_V_PRO_41,Force regression,F_V_PRO_54,0.004015868677033315,19
autogluon,predict_F_V_PRO_40pct_F_V_PRO_41,Force regression,F_V_PRO_55,0.012392228133148614,11
autogluon,predict_F_V_PRO_40pct_F_V_PRO_41,Force regression,F_V_PRO_56,0.020152526007758242,5
autogluon,predict_F_V_PRO_40pct_F_V_PRO_41,Force regression,F_V_PRO_57,0.02070484289195803,4
autogluon,predict_F_V_PRO_40pct_F_V_PRO_41,Force regression,F_V_PRO_58,0.014437098628944819,8
autogluon,predict_F_V_PRO_40pct_F_V_PRO_41,Force regression,F_V_PRO_59,0.016021783106856886,7
autogluon,predict_F_V_PRO_40pct_F_V_PRO_41,Force regression,F_V_PRO_60,0.005074650618765085,15
autogluon,predict_F_V_PRO_40pct_F_V_PRO_41,Force regression,F_V_PRO_61,0.0022478133307562934,23
autogluon,predict_F_V_PRO_40pct_F_V_PRO_41,Force regression,F_V_PRO_62,0.0014523910416497112,37
autogluon,predict_F_V_PRO_40pct_F_V_PRO_41,Force regression,F_V_PRO_63,0.0013154363036155714,40
autogluon,predict_F_V_PRO_40pct_F_V_PRO_41,Force regression,F_V_PRO_64,0.0029471648203002105,20
autogluon,predict_F_V_PRO_40pct_F_V_PRO_41,Force regression,F_V_PRO_65,0.0002948480910725064,76
autogluon,predict_F_V_PRO_40pct_F_V_PRO_41,Force regression,F_V_PRO_66,0.0016742738684018483,33
autogluon,predict_F_V_PRO_40pct_F_V_PRO_41,Force regression,F_V_PRO_67,0.001121775468190511,46
autogluon,predict_F_V_PRO_40pct_F_V_PRO_41,Force regression,F_V_PRO_68,0.0012825119164254902,41
autogluon,predict_F_V_PRO_40pct_F_V_PRO_41,Force regression,F_V_PRO_69,0.00015398467249340013,80
autogluon,predict_F_V_PRO_40pct_F_V_PRO_41,Force regression,F_V_PRO_70,0.00022276794910430585,79
autogluon,predict_F_V_PRO_40pct_F_V_PRO_41,Force regression,F_V_PRO_71,0.0004290895395808754,69
autogluon,predict_F_V_PRO_40pct_F_V_PRO_41,Force regression,F_V_PRO_72,0.0010907565487755617,47
autogluon,predict_F_V_PRO_40pct_F_V_PRO_41,Force regression,F_V_PRO_73,0.00027784273359510235,78
autogluon,predict_F_V_PRO_40pct_F_V_PRO_41,Force regression,F_V_PRO_74,0.0021727323995696162,24
autogluon,predict_F_V_PRO_40pct_F_V_PRO_41,Force regression,F_V_PRO_75,0.0009784312049547837,52
autogluon,predict_F_V_PRO_40pct_F_V_PRO_41,Force regression,F_V_PRO_76,0.0010749508208698691,48
autogluon,predict_F_V_PRO_40pct_F_V_PRO_41,Force regression,F_V_PRO_77,0.0006019541819890301,61
autogluon,predict_F_V_PRO_40pct_F_V_PRO_41,Force regression,F_V_PRO_78,0.0005641563733418803,64
autogluon,predict_F_V_PRO_40pct_F_V_PRO_41,Force regression,F_V_PRO_79,0.0003204667170842464,75
autogluon,predict_F_V_PRO_40pct_F_V_PRO_41,Force regression,F_V_PRO_80,0.0012374560766749872,44
autogluon,predict_F_V_PRO_40pct_F_V_PRO_41,Force regression,F_V_PRO_81,0.0012474776638878714,42
autogluon,predict_F_V_PRO_40pct_F_V_PRO_41,Force regression,F_V_PRO_82,0.00041452499892976854,71
autogluon,predict_F_V_PRO_40pct_F_V_PRO_41,Force regression,F_V_PRO_83,0.0003230044047037768,74
autogluon,predict_F_V_PRO_40pct_F_V_PRO_41,Force regression,F_V_PRO_84,0.0005258182750807904,66
autogluon,predict_F_V_PRO_40pct_F_V_PRO_41,Force regression,F_V_PRO_85,0.001024448957708148,51
autogluon,predict_F_V_PRO_40pct_F_V_PRO_41,Force regression,F_V_PRO_86,0.001844947324858774,31
autogluon,predict_F_V_PRO_40pct_F_V_PRO_41,Force regression,F_V_PRO_87,0.002112068222628699,26
autogluon,predict_F_V_PRO_40pct_F_V_PRO_41,Force regression,F_V_PRO_88,0.0013195181753900332,39
autogluon,predict_F_V_PRO_40pct_F_V_PRO_41,Force regression,F_V_PRO_89,0.0012389393647511788,43
autogluon,predict_F_V_PRO_40pct_F_V_PRO_41,Force regression,F_V_PRO_90,0.0023066720035341062,22
autogluon,predict_F_V_PRO_40pct_F_V_PRO_41,Force regression,F_V_PRO_91,0.001754628015889058,32
autogluon,predict_F_V_PRO_40pct_F_V_PRO_41,Force regression,F_V_PRO_92,0.0005300220979584571,65
autogluon,predict_F_V_PRO_40pct_F_V_PRO_41,Force regression,F_V_PRO_93,0.00032712970839606474,73
autogluon,predict_F_V_PRO_40pct_F_V_PRO_41,Force regression,F_V_PRO_94,0.0009503334230846841,54
autogluon,predict_F_V_PRO_40pct_F_V_PRO_41,Force regression,F_V_PRO_95,0.00029027995136048426,77
autogluon,predict_F_V_PRO_40pct_F_V_PRO_41,Force regression,F_V_PRO_96,0.0015530892345640395,36
autogluon,predict_F_V_PRO_40pct_F_V_PRO_41,Force regression,F_V_PRO_97,0.0006695140666431875,59
autogluon,predict_F_V_PRO_40pct_F_V_PRO_41,Force regression,F_V_PRO_98,0.00034022563033634084,72
autogluon,predict_F_V_PRO_40pct_F_V_PRO_41,Force regression,F_V_PRO_99,0.0009482464194297775,55
autogluon,predict_F_V_PRO_40pct_F_V_PRO_41,Force regression,F_V_PRO_100,0.0004163826174206248,70
autogluon,predict_F_V_PRO_40pct_F_V_PRO_41,Force regression,F_V_PRO_101,0.004083373844623562,18
autogluon,predict_F_V_PRO_60pct_F_V_PRO_61,Force regression,F_V_PRO_1,0.004492984172370703,14
autogluon,predict_F_V_PRO_60pct_F_V_PRO_61,Force regression,F_V_PRO_2,0.00089412209722731,54
autogluon,predict_F_V_PRO_60pct_F_V_PRO_61,Force regression,F_V_PRO_3,0.0009811219043201862,51
autogluon,predict_F_V_PRO_60pct_F_V_PRO_61,Force regression,F_V_PRO_4,0.0003857259551684027,72
autogluon,predict_F_V_PRO_60pct_F_V_PRO_61,Force regression,F_V_PRO_5,0.0019076229068967997,32
autogluon,predict_F_V_PRO_60pct_F_V_PRO_61,Force regression,F_V_PRO_6,0.0013111621472570647,43
autogluon,predict_F_V_PRO_60pct_F_V_PRO_61,Force regression,F_V_PRO_7,0.000806145028935542,58
autogluon,predict_F_V_PRO_60pct_F_V_PRO_61,Force regression,F_V_PRO_8,0.0006383238103654691,62
autogluon,predict_F_V_PRO_60pct_F_V_PRO_61,Force regression,F_V_PRO_9,0.0015888367229037839,40
autogluon,predict_F_V_PRO_60pct_F_V_PRO_61,Force regression,F_V_PRO_10,0.0006409208443429669,61
autogluon,predict_F_V_PRO_60pct_F_V_PRO_61,Force regression,F_V_PRO_11,0.00042933013704088787,71
autogluon,predict_F_V_PRO_60pct_F_V_PRO_61,Force regression,F_V_PRO_12,0.00022956265343560426,78
autogluon,predict_F_V_PRO_60pct_F_V_PRO_61,Force regression,F_V_PRO_13,0.0015157528850767322,42
autogluon,predict_F_V_PRO_60pct_F_V_PRO_61,Force regression,F_V_PRO_14,0.0005156661272048989,66
autogluon,predict_F_V_PRO_60pct_F_V_PRO_61,Force regression,F_V_PRO_15,0.0008633185492621509,55
autogluon,predict_F_V_PRO_60pct_F_V_PRO_61,Force regression,F_V_PRO_16,0.0023339676658312514,26
autogluon,predict_F_V_PRO_60pct_F_V_PRO_61,Force regression,F_V_PRO_17,0.0015891729129685296,39
autogluon,predict_F_V_PRO_60pct_F_V_PRO_61,Force regression,F_V_PRO_18,0.0010996756553649858,49
autogluon,predict_F_V_PRO_60pct_F_V_PRO_61,Force regression,F_V_PRO_19,0.0018625715176264462,34
autogluon,predict_F_V_PRO_60pct_F_V_PRO_61,Force regression,F_V_PRO_20,0.0007329654362466636,60
autogluon,predict_F_V_PRO_60pct_F_V_PRO_61,Force regression,F_V_PRO_21,0.0027739279270172145,22
autogluon,predict_F_V_PRO_60pct_F_V_PRO_61,Force regression,F_V_PRO_22,0.0021734262406826054,27
autogluon,predict_F_V_PRO_60pct_F_V_PRO_61,Force regression,F_V_PRO_23,0.0005182457864284568,65
autogluon,predict_F_V_PRO_60pct_F_V_PRO_61,Force regression,F_V_PRO_24,0.00048125733931859326,68
autogluon,predict_F_V_PRO_60pct_F_V_PRO_61,Force regression,F_V_PRO_25,0.001628836856948008,38
autogluon,predict_F_V_PRO_60pct_F_V_PRO_61,Force regression,F_V_PRO_26,0.003910392267836465,17
autogluon,predict_F_V_PRO_60pct_F_V_PRO_61,Force regression,F_V_PRO_27,0.003262998183568316,21
autogluon,predict_F_V_PRO_60pct_F_V_PRO_61,Force regression,F_V_PRO_28,0.0005735559794637912,64
autogluon,predict_F_V_PRO_60pct_F_V_PRO_61,Force regression,F_V_PRO_29,0.0026130885415607034,23
autogluon,predict_F_V_PRO_60pct_F_V_PRO_61,Force regression,F_V_PRO_30,0.0003109639154540199,75
autogluon,predict_F_V_PRO_60pct_F_V_PRO_61,Force regression,F_V_PRO_31,0.0007381303177939515,59
autogluon,predict_F_V_PRO_60pct_F_V_PRO_61,Force regression,F_V_PRO_32,0.0011204953524801445,48
autogluon,predict_F_V_PRO_60pct_F_V_PRO_61,Force regression,F_V_PRO_33,0.00013965768284268163,80
autogluon,predict_F_V_PRO_60pct_F_V_PRO_61,Force regression,F_V_PRO_34,0.0001827378537919755,79
autogluon,predict_F_V_PRO_60pct_F_V_PRO_61,Force regression,F_V_PRO_35,0.00025157370169957193,77
autogluon,predict_F_V_PRO_60pct_F_V_PRO_61,Force regression,F_V_PRO_36,0.000503982328706323,67
autogluon,predict_F_V_PRO_60pct_F_V_PRO_61,Force regression,F_V_PRO_37,0.00208086888657676,28
autogluon,predict_F_V_PRO_60pct_F_V_PRO_61,Force regression,F_V_PRO_38,0.001307411157422598,44
autogluon,predict_F_V_PRO_60pct_F_V_PRO_61,Force regression,F_V_PRO_39,0.0018784571554925713,33
autogluon,predict_F_V_PRO_60pct_F_V_PRO_61,Force regression,F_V_PRO_40,0.0018140947553846583,36
autogluon,predict_F_V_PRO_60pct_F_V_PRO_61,Force regression,F_V_PRO_41,0.0023856197330686794,24
autogluon,predict_F_V_PRO_60pct_F_V_PRO_61,Force regression,F_V_PRO_42,0.007884674095445209,10
autogluon,predict_F_V_PRO_60pct_F_V_PRO_61,Force regression,F_V_PRO_43,0.01393089128865137,7
autogluon,predict_F_V_PRO_60pct_F_V_PRO_61,Force regression,F_V_PRO_44,0.020361166675885514,4
autogluon,predict_F_V_PRO_60pct_F_V_PRO_61,Force regression,F_V_PRO_45,0.021580031765831845,3
autogluon,predict_F_V_PRO_60pct_F_V_PRO_61,Force regression,F_V_PRO_46,0.01883845742543538,5
autogluon,predict_F_V_PRO_60pct_F_V_PRO_61,Force regression,F_V_PRO_47,0.010530211382442051,8
autogluon,predict_F_V_PRO_60pct_F_V_PRO_61,Force regression,F_V_PRO_48,0.004147873236073383,15
autogluon,predict_F_V_PRO_60pct_F_V_PRO_61,Force regression,F_V_PRO_49,0.03617369649145338,2
autogluon,predict_F_V_PRO_60pct_F_V_PRO_61,Force regression,F_V_PRO_50,0.11008096326390902,1
autogluon,predict_F_V_PRO_60pct_F_V_PRO_61,Force regression,F_V_PRO_72,0.018374066306485064,6
autogluon,predict_F_V_PRO_60pct_F_V_PRO_61,Force regression,F_V_PRO_73,0.004028293059931868,16
autogluon,predict_F_V_PRO_60pct_F_V_PRO_61,Force regression,F_V_PRO_74,0.0023772048254807818,25
autogluon,predict_F_V_PRO_60pct_F_V_PRO_61,Force regression,F_V_PRO_75,0.005590777926974826,13
autogluon,predict_F_V_PRO_60pct_F_V_PRO_61,Force regression,F_V_PRO_76,0.007960774275991653,9
autogluon,predict_F_V_PRO_60pct_F_V_PRO_61,Force regression,F_V_PRO_77,0.007711647142966586,11
autogluon,predict_F_V_PRO_60pct_F_V_PRO_61,Force regression,F_V_PRO_78,0.0071076573464605615,12
autogluon,predict_F_V_PRO_60pct_F_V_PRO_61,Force regression,F_V_PRO_79,0.0033929009205765207,20
autogluon,predict_F_V_PRO_60pct_F_V_PRO_61,Force regression,F_V_PRO_80,0.0018097796175215012,37
autogluon,predict_F_V_PRO_60pct_F_V_PRO_61,Force regression,F_V_PRO_81,0.002012066049708263,30
autogluon,predict_F_V_PRO_60pct_F_V_PRO_61,Force regression,F_V_PRO_82,0.001831977685292558,35
autogluon,predict_F_V_PRO_60pct_F_V_PRO_61,Force regression,F_V_PRO_83,0.000978956808646526,52
autogluon,predict_F_V_PRO_60pct_F_V_PRO_61,Force regression,F_V_PRO_84,0.00046638463603125726,69
autogluon,predict_F_V_PRO_60pct_F_V_PRO_61,Force regression,F_V_PRO_85,0.00034806457824176906,74
autogluon,predict_F_V_PRO_60pct_F_V_PRO_61,Force regression,F_V_PRO_86,0.0008161683811081787,56
autogluon,predict_F_V_PRO_60pct_F_V_PRO_61,Force regression,F_V_PRO_87,0.0004562665753894388,70
autogluon,predict_F_V_PRO_60pct_F_V_PRO_61,Force regression,F_V_PRO_88,0.0010805867645475573,50
autogluon,predict_F_V_PRO_60pct_F_V_PRO_61,Force regression,F_V_PRO_89,0.0009113669395446802,53
autogluon,predict_F_V_PRO_60pct_F_V_PRO_61,Force regression,F_V_PRO_90,0.0005850867761505957,63
autogluon,predict_F_V_PRO_60pct_F_V_PRO_61,Force regression,F_V_PRO_91,0.00029368777076403647,76
autogluon,predict_F_V_PRO_60pct_F_V_PRO_61,Force regression,F_V_PRO_92,0.001549401674005715,41
autogluon,predict_F_V_PRO_60pct_F_V_PRO_61,Force regression,F_V_PRO_93,0.003604122873809602,19
autogluon,predict_F_V_PRO_60pct_F_V_PRO_61,Force regression,F_V_PRO_94,0.0011583700213167367,47
autogluon,predict_F_V_PRO_60pct_F_V_PRO_61,Force regression,F_V_PRO_95,0.0008115957180659014,57
autogluon,predict_F_V_PRO_60pct_F_V_PRO_61,Force regression,F_V_PRO_96,0.001971998386912873,31
autogluon,predict_F_V_PRO_60pct_F_V_PRO_61,Force regression,F_V_PRO_97,0.0020709237257639603,29
autogluon,predict_F_V_PRO_60pct_F_V_PRO_61,Force regression,F_V_PRO_98,0.000358097162511609,73
autogluon,predict_F_V_PRO_60pct_F_V_PRO_61,Force regression,F_V_PRO_99,0.0013026136755943326,45
autogluon,predict_F_V_PRO_60pct_F_V_PRO_61,Force regression,F_V_PRO_100,0.0012014111015531705,46
autogluon,predict_F_V_PRO_60pct_F_V_PRO_61,Force regression,F_V_PRO_101,0.0038713313804732423,18
autogluon,predict_F_V_PRO_80pct_F_V_PRO_81,Force regression,F_V_PRO_1,0.0004909962150785786,73
autogluon,predict_F_V_PRO_80pct_F_V_PRO_81,Force regression,F_V_PRO_2,0.001935973584651947,39
autogluon,predict_F_V_PRO_80pct_F_V_PRO_81,Force regression,F_V_PRO_3,0.005211056709289545,17
autogluon,predict_F_V_PRO_80pct_F_V_PRO_81,Force regression,F_V_PRO_4,0.0021764126751157996,36
autogluon,predict_F_V_PRO_80pct_F_V_PRO_81,Force regression,F_V_PRO_5,0.007556767986880408,11
autogluon,predict_F_V_PRO_80pct_F_V_PRO_81,Force regression,F_V_PRO_6,0.0014033648504151145,48
autogluon,predict_F_V_PRO_80pct_F_V_PRO_81,Force regression,F_V_PRO_7,0.0011675897373093443,52
autogluon,predict_F_V_PRO_80pct_F_V_PRO_81,Force regression,F_V_PRO_8,0.0012271361218558381,51
autogluon,predict_F_V_PRO_80pct_F_V_PRO_81,Force regression,F_V_PRO_9,0.00029165453381009045,78
autogluon,predict_F_V_PRO_80pct_F_V_PRO_81,Force regression,F_V_PRO_10,0.0025966600709491305,31
autogluon,predict_F_V_PRO_80pct_F_V_PRO_81,Force regression,F_V_PRO_11,0.001034236722522303,58
autogluon,predict_F_V_PRO_80pct_F_V_PRO_81,Force regression,F_V_PRO_12,0.000989333159393735,59
autogluon,predict_F_V_PRO_80pct_F_V_PRO_81,Force regression,F_V_PRO_13,0.0010741279787487474,56
autogluon,predict_F_V_PRO_80pct_F_V_PRO_81,Force regression,F_V_PRO_14,0.0007071862883038074,66
autogluon,predict_F_V_PRO_80pct_F_V_PRO_81,Force regression,F_V_PRO_15,0.0004290497104326853,74
autogluon,predict_F_V_PRO_80pct_F_V_PRO_81,Force regression,F_V_PRO_16,0.0015417460401852942,43
autogluon,predict_F_V_PRO_80pct_F_V_PRO_81,Force regression,F_V_PRO_17,0.0006202787690692453,69
autogluon,predict_F_V_PRO_80pct_F_V_PRO_81,Force regression,F_V_PRO_18,0.005755341821246681,14
autogluon,predict_F_V_PRO_80pct_F_V_PRO_81,Force regression,F_V_PRO_19,0.00230257344908185,35
autogluon,predict_F_V_PRO_80pct_F_V_PRO_81,Force regression,F_V_PRO_20,0.0014673690199851896,46
autogluon,predict_F_V_PRO_80pct_F_V_PRO_81,Force regression,F_V_PRO_21,0.004162927475240486,23
autogluon,predict_F_V_PRO_80pct_F_V_PRO_81,Force regression,F_V_PRO_22,0.0005610274341371279,72
autogluon,predict_F_V_PRO_80pct_F_V_PRO_81,Force regression,F_V_PRO_23,0.002921300020482795,27
autogluon,predict_F_V_PRO_80pct_F_V_PRO_81,Force regression,F_V_PRO_24,0.001141511824395928,53
autogluon,predict_F_V_PRO_80pct_F_V_PRO_81,Force regression,F_V_PRO_25,0.0026985159118970282,28
autogluon,predict_F_V_PRO_80pct_F_V_PRO_81,Force regression,F_V_PRO_26,0.0026624766919348102,30
autogluon,predict_F_V_PRO_80pct_F_V_PRO_81,Force regression,F_V_PRO_27,0.0013956160677803882,50
autogluon,predict_F_V_PRO_80pct_F_V_PRO_81,Force regression,F_V_PRO_28,0.0009757536782158813,60
autogluon,predict_F_V_PRO_80pct_F_V_PRO_81,Force regression,F_V_PRO_29,0.00147851235336727,45
autogluon,predict_F_V_PRO_80pct_F_V_PRO_81,Force regression,F_V_PRO_30,0.0003982594675487919,75
autogluon,predict_F_V_PRO_80pct_F_V_PRO_81,Force regression,F_V_PRO_31,0.0003191307981809024,76
autogluon,predict_F_V_PRO_80pct_F_V_PRO_81,Force regression,F_V_PRO_32,0.0003188187744882435,77
autogluon,predict_F_V_PRO_80pct_F_V_PRO_81,Force regression,F_V_PRO_33,0.0006397958530320176,68
autogluon,predict_F_V_PRO_80pct_F_V_PRO_81,Force regression,F_V_PRO_34,0.00025439752472771566,80
autogluon,predict_F_V_PRO_80pct_F_V_PRO_81,Force regression,F_V_PRO_35,0.0002893068459298869,79
autogluon,predict_F_V_PRO_80pct_F_V_PRO_81,Force regression,F_V_PRO_36,0.0025626280572679234,32
autogluon,predict_F_V_PRO_80pct_F_V_PRO_81,Force regression,F_V_PRO_37,0.0026829269528388915,29
autogluon,predict_F_V_PRO_80pct_F_V_PRO_81,Force regression,F_V_PRO_38,0.004762069814734985,19
autogluon,predict_F_V_PRO_80pct_F_V_PRO_81,Force regression,F_V_PRO_39,0.0011024796565373707,54
autogluon,predict_F_V_PRO_80pct_F_V_PRO_81,Force regression,F_V_PRO_40,0.0015091252790556885,44
autogluon,predict_F_V_PRO_80pct_F_V_PRO_81,Force regression,F_V_PRO_41,0.0031713959707154187,26
autogluon,predict_F_V_PRO_80pct_F_V_PRO_81,Force regression,F_V_PRO_42,0.0008689659171634173,61
autogluon,predict_F_V_PRO_80pct_F_V_PRO_81,Force regression,F_V_PRO_43,0.003326829161908881,25
autogluon,predict_F_V_PRO_80pct_F_V_PRO_81,Force regression,F_V_PRO_44,0.0017404634753863002,41
autogluon,predict_F_V_PRO_80pct_F_V_PRO_81,Force regression,F_V_PRO_45,0.0006061525543530788,70
autogluon,predict_F_V_PRO_80pct_F_V_PRO_81,Force regression,F_V_PRO_46,0.0014602989951769535,47
autogluon,predict_F_V_PRO_80pct_F_V_PRO_81,Force regression,F_V_PRO_47,0.0007139272358682379,65
autogluon,predict_F_V_PRO_80pct_F_V_PRO_81,Force regression,F_V_PRO_48,0.0014029517902268216,49
autogluon,predict_F_V_PRO_80pct_F_V_PRO_81,Force regression,F_V_PRO_49,0.0069610741734504634,13
autogluon,predict_F_V_PRO_80pct_F_V_PRO_81,Force regression,F_V_PRO_50,0.004240448600716065,22
autogluon,predict_F_V_PRO_80pct_F_V_PRO_81,Force regression,F_V_PRO_51,0.0019418508741590643,38
autogluon,predict_F_V_PRO_80pct_F_V_PRO_81,Force regression,F_V_PRO_52,0.0019680861367119703,37
autogluon,predict_F_V_PRO_80pct_F_V_PRO_81,Force regression,F_V_PRO_53,0.0007294816507233479,64
autogluon,predict_F_V_PRO_80pct_F_V_PRO_81,Force regression,F_V_PRO_54,0.006987829367319745,12
autogluon,predict_F_V_PRO_80pct_F_V_PRO_81,Force regression,F_V_PRO_55,0.005260367095470413,16
autogluon,predict_F_V_PRO_80pct_F_V_PRO_81,Force regression,F_V_PRO_56,0.001704026944107478,42
autogluon,predict_F_V_PRO_80pct_F_V_PRO_81,Force regression,F_V_PRO_57,0.0024448656837145533,34
autogluon,predict_F_V_PRO_80pct_F_V_PRO_81,Force regression,F_V_PRO_58,0.0006428905924161307,67
autogluon,predict_F_V_PRO_80pct_F_V_PRO_81,Force regression,F_V_PRO_59,0.0018667220738198989,40
autogluon,predict_F_V_PRO_80pct_F_V_PRO_81,Force regression,F_V_PRO_60,0.004791392154163785,18
autogluon,predict_F_V_PRO_80pct_F_V_PRO_81,Force regression,F_V_PRO_61,0.005543856945302753,15
autogluon,predict_F_V_PRO_80pct_F_V_PRO_81,Force regression,F_V_PRO_62,0.0007962826093037851,62
autogluon,predict_F_V_PRO_80pct_F_V_PRO_81,Force regression,F_V_PRO_63,0.0007390989197625028,63
autogluon,predict_F_V_PRO_80pct_F_V_PRO_81,Force regression,F_V_PRO_64,0.0038063777817620146,24
autogluon,predict_F_V_PRO_80pct_F_V_PRO_81,Force regression,F_V_PRO_65,0.01569605343209373,7
autogluon,predict_F_V_PRO_80pct_F_V_PRO_81,Force regression,F_V_PRO_66,0.022911571926540808,3
autogluon,predict_F_V_PRO_80pct_F_V_PRO_81,Force regression,F_V_PRO_67,0.018797280609607687,6
autogluon,predict_F_V_PRO_80pct_F_V_PRO_81,Force regression,F_V_PRO_68,0.009793504065937464,8
autogluon,predict_F_V_PRO_80pct_F_V_PRO_81,Force regression,F_V_PRO_69,0.007606065551439923,10
autogluon,predict_F_V_PRO_80pct_F_V_PRO_81,Force regression,F_V_PRO_70,0.03285436364014944,2
autogluon,predict_F_V_PRO_80pct_F_V_PRO_81,Force regression,F_V_PRO_92,0.08013928886254629,1
autogluon,predict_F_V_PRO_80pct_F_V_PRO_81,Force regression,F_V_PRO_93,0.002507208287715892,33
autogluon,predict_F_V_PRO_80pct_F_V_PRO_81,Force regression,F_V_PRO_94,0.020532475339041806,4
autogluon,predict_F_V_PRO_80pct_F_V_PRO_81,Force regression,F_V_PRO_95,0.020270677785078683,5
autogluon,predict_F_V_PRO_80pct_F_V_PRO_81,Force regression,F_V_PRO_96,0.008983680592642892,9
autogluon,predict_F_V_PRO_80pct_F_V_PRO_81,Force regression,F_V_PRO_97,0.001097323960728109,55
autogluon,predict_F_V_PRO_80pct_F_V_PRO_81,Force regression,F_V_PRO_98,0.00448345277706781,21
autogluon,predict_F_V_PRO_80pct_F_V_PRO_81,Force regression,F_V_PRO_99,0.004660366137822478,20
autogluon,predict_F_V_PRO_80pct_F_V_PRO_81,Force regression,F_V_PRO_100,0.0010656701922416624,57
autogluon,predict_F_V_PRO_80pct_F_V_PRO_81,Force regression,F_V_PRO_101,0.0005909248722924296,71
autogluon,sex_classification,Classification,F_V_PRO_1,0.13488517432380528,2
autogluon,sex_classification,Classification,F_V_PRO_2,0.00695944314802838,17
autogluon,sex_classification,Classification,F_V_PRO_3,0.0009131427023771131,207
autogluon,sex_classification,Classification,F_V_PRO_4,0.0016246573424284233,136
autogluon,sex_classification,Classification,F_V_PRO_5,0.0007777288314391626,222
autogluon,sex_classification,Classification,F_V_PRO_6,0.0029004672836851412,72
autogluon,sex_classification,Classification,F_V_PRO_7,0.002010112888756596,116
autogluon,sex_classification,Classification,F_V_PRO_8,0.0028927534556417917,73
autogluon,sex_classification,Classification,F_V_PRO_9,0.0014377199612506525,163
autogluon,sex_classification,Classification,F_V_PRO_10,0.000687498277865418,231
autogluon,sex_classification,Classification,F_V_PRO_11,0.0027333703644852685,76
autogluon,sex_classification,Classification,F_V_PRO_12,0.0032330304547171238,64
autogluon,sex_classification,Classification,F_V_PRO_13,0.001807595735454027,129
autogluon,sex_classification,Classification,F_V_PRO_14,0.0006695897798843424,233
autogluon,sex_classification,Classification,F_V_PRO_15,0.004441793488580077,33
autogluon,sex_classification,Classification,F_V_PRO_16,0.0022933370963982903,98
autogluon,sex_classification,Classification,F_V_PRO_17,0.0026021613171286133,82
autogluon,sex_classification,Classification,F_V_PRO_18,0.0015298621626885268,150
autogluon,sex_classification,Classification,F_V_PRO_19,0.004656527012337173,28
autogluon,sex_classification,Classification,F_V_PRO_20,0.009154609094193763,13
autogluon,sex_classification,Classification,F_V_PRO_21,0.011182238561723432,6
autogluon,sex_classification,Classification,F_V_PRO_22,0.014920947258361846,3
autogluon,sex_classification,Classification,F_V_PRO_23,0.011693275741620882,4
autogluon,sex_classification,Classification,F_V_PRO_24,0.005400060594829215,23
autogluon,sex_classification,Classification,F_V_PRO_25,0.004470165169197057,32
autogluon,sex_classification,Classification,F_V_PRO_26,0.0016207642160835098,138
autogluon,sex_classification,Classification,F_V_PRO_27,0.00022167578768292988,300
autogluon,sex_classification,Classification,F_V_PRO_28,0.0010911377990449065,185
autogluon,sex_classification,Classification,F_V_PRO_29,0.002554989623208858,83
autogluon,sex_classification,Classification,F_V_PRO_30,0.0024539099964156095,92
autogluon,sex_classification,Classification,F_V_PRO_31,0.0021954872736615143,104
autogluon,sex_classification,Classification,F_V_PRO_32,0.003469605686742127,58
autogluon,sex_classification,Classification,F_V_PRO_33,0.0034823499188562515,56
autogluon,sex_classification,Classification,F_V_PRO_34,0.0025367888631395987,84
autogluon,sex_classification,Classification,F_V_PRO_35,0.0020206724423493627,115
autogluon,sex_classification,Classification,F_V_PRO_36,0.0029688834116689536,71
autogluon,sex_classification,Classification,F_V_PRO_37,0.0015314035674667001,148
autogluon,sex_classification,Classification,F_V_PRO_38,0.003024709817327053,70
autogluon,sex_classification,Classification,F_V_PRO_39,0.0008706611297131758,210
autogluon,sex_classification,Classification,F_V_PRO_40,0.0018530439142195201,128
autogluon,sex_classification,Classification,F_V_PRO_41,0.0010782301355073177,188
autogluon,sex_classification,Classification,F_V_PRO_42,0.0015861042180420671,142
autogluon,sex_classification,Classification,F_V_PRO_43,0.001157338782296727,179
autogluon,sex_classification,Classification,F_V_PRO_44,0.0015856195308088664,143
autogluon,sex_classification,Classification,F_V_PRO_45,0.001084361469110932,187
autogluon,sex_classification,Classification,F_V_PRO_46,0.0008384625252577419,213
autogluon,sex_classification,Classification,F_V_PRO_47,0.002123333300454113,110
autogluon,sex_classification,Classification,F_V_PRO_48,0.0014421235046958765,162
autogluon,sex_classification,Classification,F_V_PRO_49,0.0018985974860698815,125
autogluon,sex_classification,Classification,F_V_PRO_50,0.001589844270191837,140
autogluon,sex_classification,Classification,F_V_PRO_51,0.001015047493132128,195
autogluon,sex_classification,Classification,F_V_PRO_52,0.0022134462859576274,102
autogluon,sex_classification,Classification,F_V_PRO_53,0.0014433916800229735,161
autogluon,sex_classification,Classification,F_V_PRO_54,0.0025189292569111244,87
autogluon,sex_classification,Classification,F_V_PRO_55,0.004146808659448409,36
autogluon,sex_classification,Classification,F_V_PRO_56,0.0034928235244219377,54
autogluon,sex_classification,Classification,F_V_PRO_57,0.005872752962024026,19
autogluon,sex_classification,Classification,F_V_PRO_58,0.005297348366668045,24
autogluon,sex_classification,Classification,F_V_PRO_59,0.004311503998520535,34
autogluon,sex_classification,Classification,F_V_PRO_60,0.004644476027963438,29
autogluon,sex_classification,Classification,F_V_PRO_61,0.0035885986608490145,52
autogluon,sex_classification,Classification,F_V_PRO_62,0.0054582798531001096,22
autogluon,sex_classification,Classification,F_V_PRO_63,0.003990216689308599,43
autogluon,sex_classification,Classification,F_V_PRO_64,0.0022024994527073136,103
autogluon,sex_classification,Classification,F_V_PRO_65,0.0015763493101638012,144
autogluon,sex_classification,Classification,F_V_PRO_66,0.0019856523314953616,117
autogluon,sex_classification,Classification,F_V_PRO_67,0.0008177729033566709,215
autogluon,sex_classification,Classification,F_V_PRO_68,0.000955245606067857,203
autogluon,sex_classification,Classification,F_V_PRO_69,0.00030360602640355414,288
autogluon,sex_classification,Classification,F_V_PRO_70,0.0009052383335169741,208
autogluon,sex_classification,Classification,F_V_PRO_71,0.0002742494450162234,295
autogluon,sex_classification,Classification,F_V_PRO_72,0.0006773892589116083,232
autogluon,sex_classification,Classification,F_V_PRO_73,0.0007926400033838044,221
autogluon,sex_classification,Classification,F_V_PRO_74,0.0005098173448508548,254
autogluon,sex_classification,Classification,F_V_PRO_75,0.0003825790812754979,274
autogluon,sex_classification,Classification,F_V_PRO_76,0.0005803678782485731,247
autogluon,sex_classification,Classification,F_V_PRO_77,0.00029868018795830474,289
autogluon,sex_classification,Classification,F_V_PRO_78,0.0003454109424102967,283
autogluon,sex_classification,Classification,F_V_PRO_79,0.0003752319002986393,277
autogluon,sex_classification,Classification,F_V_PRO_80,0.0004305661739999661,264
autogluon,sex_classification,Classification,F_V_PRO_81,0.0010140751224432772,196
autogluon,sex_classification,Classification,F_V_PRO_82,0.0013574325016715387,167
autogluon,sex_classification,Classification,F_V_PRO_83,0.0008256525231064201,214
autogluon,sex_classification,Classification,F_V_PRO_84,0.0007967132857152864,220
autogluon,sex_classification,Classification,F_V_PRO_85,0.001302872698468363,171
autogluon,sex_classification,Classification,F_V_PRO_86,0.0004092808338944681,266
autogluon,sex_classification,Classification,F_V_PRO_87,0.0013956347888434437,165
autogluon,sex_classification,Classification,F_V_PRO_88,0.0028553449394791226,74
autogluon,sex_classification,Classification,F_V_PRO_89,0.004056456458016226,40
autogluon,sex_classification,Classification,F_V_PRO_90,0.0032928656690188805,61
autogluon,sex_classification,Classification,F_V_PRO_91,0.0018763994610001159,127
autogluon,sex_classification,Classification,F_V_PRO_92,0.0019318741809572991,124
autogluon,sex_classification,Classification,F_V_PRO_93,0.0010992306223947155,182
autogluon,sex_classification,Classification,F_V_PRO_94,0.0011956931256277188,176
autogluon,sex_classification,Classification,F_V_PRO_95,0.0010719793586955564,190
autogluon,sex_classification,Classification,F_V_PRO_96,0.0006311843168276025,238
autogluon,sex_classification,Classification,F_V_PRO_97,0.00029018381527260996,291
autogluon,sex_classification,Classification,F_V_PRO_98,0.00036484984098134147,278
autogluon,sex_classification,Classification,F_V_PRO_99,0.0007633498679762337,223
autogluon,sex_classification,Classification,F_V_PRO_100,0.0026347695513439396,81
autogluon,sex_classification,Classification,F_V_PRO_101,0.15483237368930533,1
autogluon,sex_classification,Classification,F_AP_PRO_1,0.005085671284908737,25
autogluon,sex_classification,Classification,F_AP_PRO_2,0.0019417166963026922,123
autogluon,sex_classification,Classification,F_AP_PRO_3,0.0037357166549065253,48
autogluon,sex_classification,Classification,F_AP_PRO_4,0.004661954417946281,27
autogluon,sex_classification,Classification,F_AP_PRO_5,0.003714678893846348,49
autogluon,sex_classification,Classification,F_AP_PRO_6,0.0013539087031896545,168
autogluon,sex_classification,Classification,F_AP_PRO_7,0.0034643351133031752,59
autogluon,sex_classification,Classification,F_AP_PRO_8,0.009280123425927355,12
autogluon,sex_classification,Classification,F_AP_PRO_9,0.01121712041167585,5
autogluon,sex_classification,Classification,F_AP_PRO_10,0.003881188669214705,46
autogluon,sex_classification,Classification,F_AP_PRO_11,0.0015727277783262042,145
autogluon,sex_classification,Classification,F_AP_PRO_12,0.0032528189821863884,63
autogluon,sex_classification,Classification,F_AP_PRO_13,0.005646899258646658,20
autogluon,sex_classification,Classification,F_AP_PRO_14,0.0027172112299855933,78
autogluon,sex_classification,Classification,F_AP_PRO_15,0.0018773165810755767,126
autogluon,sex_classification,Classification,F_AP_PRO_16,0.0017311512479533941,132
autogluon,sex_classification,Classification,F_AP_PRO_17,0.002293627530735164,97
autogluon,sex_classification,Classification,F_AP_PRO_18,0.0035185250424578274,53
autogluon,sex_classification,Classification,F_AP_PRO_19,0.004090935340472095,38
autogluon,sex_classification,Classification,F_AP_PRO_20,0.0037010263301594606,50
autogluon,sex_classification,Classification,F_AP_PRO_21,0.002731368267319037,77
autogluon,sex_classification,Classification,F_AP_PRO_22,0.002522554105357049,86
autogluon,sex_classification,Classification,F_AP_PRO_23,0.0007154457503495952,230
autogluon,sex_classification,Classification,F_AP_PRO_24,0.00039541661000051055,273
autogluon,sex_classification,Classification,F_AP_PRO_25,0.00026954192958552524,298
autogluon,sex_classification,Classification,F_AP_PRO_26,0.0006557644612906801,236
autogluon,sex_classification,Classification,F_AP_PRO_27,0.0014707311425355993,157
autogluon,sex_classification,Classification,F_AP_PRO_28,0.0008522562725267403,212
autogluon,sex_classification,Classification,F_AP_PRO_29,0.0014370740720248151,164
autogluon,sex_classification,Classification,F_AP_PRO_30,0.0010955272875125765,183
autogluon,sex_classification,Classification,F_AP_PRO_31,0.0021557722662644764,107
autogluon,sex_classification,Classification,F_AP_PRO_32,0.0007298763399109999,229
autogluon,sex_classification,Classification,F_AP_PRO_33,0.0008588021673305385,211
autogluon,sex_classification,Classification,F_AP_PRO_34,0.0015664521673937394,146
autogluon,sex_classification,Classification,F_AP_PRO_35,0.0007341180094618122,227
autogluon,sex_classification,Classification,F_AP_PRO_36,0.0006314826636255091,237
autogluon,sex_classification,Classification,F_AP_PRO_37,0.0004155719471235978,265
autogluon,sex_classification,Classification,F_AP_PRO_38,0.0005695018441585015,249
autogluon,sex_classification,Classification,F_AP_PRO_39,0.0010564501874342038,191
autogluon,sex_classification,Classification,F_AP_PRO_40,0.0021468202258688673,108
autogluon,sex_classification,Classification,F_AP_PRO_41,0.0021356018966552297,109
autogluon,sex_classification,Classification,F_AP_PRO_42,0.003219997235531243,65
autogluon,sex_classification,Classification,F_AP_PRO_43,0.0013785970703434217,166
autogluon,sex_classification,Classification,F_AP_PRO_44,0.0007441784535114561,225
autogluon,sex_classification,Classification,F_AP_PRO_45,0.0004655788599964072,262
autogluon,sex_classification,Classification,F_AP_PRO_46,0.0014975149655123098,154
autogluon,sex_classification,Classification,F_AP_PRO_47,0.0031912694617060393,66
autogluon,sex_classification,Classification,F_AP_PRO_48,0.0023727064653510555,94
autogluon,sex_classification,Classification,F_AP_PRO_49,0.0019424164423865696,122
autogluon,sex_classification,Classification,F_AP_PRO_50,0.0024983379122025095,89
autogluon,sex_classification,Classification,F_AP_PRO_51,0.001967736569519484,120
autogluon,sex_classification,Classification,F_AP_PRO_52,0.0014918141880059456,155
autogluon,sex_classification,Classification,F_AP_PRO_53,0.0010020507494530363,198
autogluon,sex_classification,Classification,F_AP_PRO_54,0.0006250971406182249,240
autogluon,sex_classification,Classification,F_AP_PRO_55,0.00018433913260689495,303
autogluon,sex_classification,Classification,F_AP_PRO_56,0.0004053843197042985,268
autogluon,sex_classification,Classification,F_AP_PRO_57,0.0008014221673646423,219
autogluon,sex_classification,Classification,F_AP_PRO_58,0.0006128119200865913,242
autogluon,sex_classification,Classification,F_AP_PRO_59,0.00121687475317639,175
autogluon,sex_classification,Classification,F_AP_PRO_60,0.0020574986915774104,113
autogluon,sex_classification,Classification,F_AP_PRO_61,0.0023989742949349587,93
autogluon,sex_classification,Classification,F_AP_PRO_62,0.0006183386337275248,241
autogluon,sex_classification,Classification,F_AP_PRO_63,0.0012327655620148897,174
autogluon,sex_classification,Classification,F_AP_PRO_64,0.0003753237902574304,276
autogluon,sex_classification,Classification,F_AP_PRO_65,0.0007405969374196871,226
autogluon,sex_classification,Classification,F_AP_PRO_66,0.0003185337405106107,285
autogluon,sex_classification,Classification,F_AP_PRO_67,0.0003967568533394648,272
autogluon,sex_classification,Classification,F_AP_PRO_68,0.0002111281439385308,302
autogluon,sex_classification,Classification,F_AP_PRO_69,0.000513265782083482,253
autogluon,sex_classification,Classification,F_AP_PRO_70,0.000667806015461279,235
autogluon,sex_classification,Classification,F_AP_PRO_71,0.001477161852591551,156
autogluon,sex_classification,Classification,F_AP_PRO_72,0.0011173449278844014,181
autogluon,sex_classification,Classification,F_AP_PRO_73,0.0010049815072265009,197
autogluon,sex_classification,Classification,F_AP_PRO_74,0.0009703791937365074,201
autogluon,sex_classification,Classification,F_AP_PRO_75,0.0005497182412643927,251
autogluon,sex_classification,Classification,F_AP_PRO_76,0.00035744361588138375,281
autogluon,sex_classification,Classification,F_AP_PRO_77,0.0004768174334888316,258
autogluon,sex_classification,Classification,F_AP_PRO_78,0.0005020953326261966,255
autogluon,sex_classification,Classification,F_AP_PRO_79,0.0010411610494731568,192
autogluon,sex_classification,Classification,F_AP_PRO_80,0.0021109922276483064,111
autogluon,sex_classification,Classification,F_AP_PRO_81,0.0014449979542728807,159
autogluon,sex_classification,Classification,F_AP_PRO_82,0.0019690008759844927,119
autogluon,sex_classification,Classification,F_AP_PRO_83,0.0017663220730016389,131
autogluon,sex_classification,Classification,F_AP_PRO_84,0.0014632362237425413,158
autogluon,sex_classification,Classification,F_AP_PRO_85,0.0024839347110399367,90
autogluon,sex_classification,Classification,F_AP_PRO_86,0.0019527692153343916,121
autogluon,sex_classification,Classification,F_AP_PRO_87,0.002307187439121164,96
autogluon,sex_classification,Classification,F_AP_PRO_88,0.004298133946321878,35
autogluon,sex_classification,Classification,F_AP_PRO_89,0.008386730628727244,14
autogluon,sex_classification,Classification,F_AP_PRO_90,0.00266556722716709,79
autogluon,sex_classification,Classification,F_AP_PRO_91,0.004057622004630737,39
autogluon,sex_classification,Classification,F_AP_PRO_92,0.0034720213909869477,57
autogluon,sex_classification,Classification,F_AP_PRO_93,0.001094779553263393,184
autogluon,sex_classification,Classification,F_AP_PRO_94,0.0007337642330889478,228
autogluon,sex_classification,Classification,F_AP_PRO_95,0.0024717320491328353,91
autogluon,sex_classification,Classification,F_AP_PRO_96,0.0022694300538342077,99
autogluon,sex_classification,Classification,F_AP_PRO_97,0.001119415938969375,180
autogluon,sex_classification,Classification,F_AP_PRO_98,0.000928002489996498,205
autogluon,sex_classification,Classification,F_AP_PRO_99,0.0010882351543020567,186
autogluon,sex_classification,Classification,F_AP_PRO_100,0.002181989731943492,106
autogluon,sex_classification,Classification,F_AP_PRO_101,0.009995521895114007,8
autogluon,sex_classification,Classification,F_ML_PRO_1,0.002248898932312124,101
autogluon,sex_classification,Classification,F_ML_PRO_2,0.0016607011318093936,134
autogluon,sex_classification,Classification,F_ML_PRO_3,0.003165435105743188,68
autogluon,sex_classification,Classification,F_ML_PRO_4,0.008099774971164151,15
autogluon,sex_classification,Classification,F_ML_PRO_5,0.010418462261838032,7
autogluon,sex_classification,Classification,F_ML_PRO_6,0.009866152125295301,9
autogluon,sex_classification,Classification,F_ML_PRO_7,0.009566667173596643,11
autogluon,sex_classification,Classification,F_ML_PRO_8,0.005938052636033064,18
autogluon,sex_classification,Classification,F_ML_PRO_9,0.003949029783665246,44
autogluon,sex_classification,Classification,F_ML_PRO_10,0.00197080248626163,118
autogluon,sex_classification,Classification,F_ML_PRO_11,0.0012858832482509426,172
autogluon,sex_classification,Classification,F_ML_PRO_12,0.0010736445994350549,189
autogluon,sex_classification,Classification,F_ML_PRO_13,0.001307237270141029,170
autogluon,sex_classification,Classification,F_ML_PRO_14,0.0026398442150993525,80
autogluon,sex_classification,Classification,F_ML_PRO_15,0.003257780763059189,62
autogluon,sex_classification,Classification,F_ML_PRO_16,0.003486765914323698,55
autogluon,sex_classification,Classification,F_ML_PRO_17,0.002785396796652301,75
autogluon,sex_classification,Classification,F_ML_PRO_18,0.001628747810592727,135
autogluon,sex_classification,Classification,F_ML_PRO_19,0.0008982048166986324,209
autogluon,sex_classification,Classification,F_ML_PRO_20,0.00162421509865786,137
autogluon,sex_classification,Classification,F_ML_PRO_21,0.0014442240044047687,160
autogluon,sex_classification,Classification,F_ML_PRO_22,0.0010390367411650086,193
autogluon,sex_classification,Classification,F_ML_PRO_23,0.0005502506094737273,250
autogluon,sex_classification,Classification,F_ML_PRO_24,0.0003981649099700576,271
autogluon,sex_classification,Classification,F_ML_PRO_25,0.0009764877500830549,199
autogluon,sex_classification,Classification,F_ML_PRO_26,0.0015188449184984575,152
autogluon,sex_classification,Classification,F_ML_PRO_27,0.0004036355302310853,269
autogluon,sex_classification,Classification,F_ML_PRO_28,0.0005901434992084185,244
autogluon,sex_classification,Classification,F_ML_PRO_29,0.000469034676180007,261
autogluon,sex_classification,Classification,F_ML_PRO_30,0.0005290926372616171,252
autogluon,sex_classification,Classification,F_ML_PRO_31,0.0006107992978990164,243
autogluon,sex_classification,Classification,F_ML_PRO_32,0.0008065945014849659,216
autogluon,sex_classification,Classification,F_ML_PRO_33,0.0011904921188469022,177
autogluon,sex_classification,Classification,F_ML_PRO_34,0.0017928454992945958,130
autogluon,sex_classification,Classification,F_ML_PRO_35,0.0015302216977571086,149
autogluon,sex_classification,Classification,F_ML_PRO_36,0.0015624433301403525,147
autogluon,sex_classification,Classification,F_ML_PRO_37,0.003099095294328321,69
autogluon,sex_classification,Classification,F_ML_PRO_38,0.0025324164068310784,85
autogluon,sex_classification,Classification,F_ML_PRO_39,0.003992492898681221,42
autogluon,sex_classification,Classification,F_ML_PRO_40,0.0049309350761338475,26
autogluon,sex_classification,Classification,F_ML_PRO_41,0.0036560778638123088,51
autogluon,sex_classification,Classification,F_ML_PRO_42,0.004111836284734546,37
autogluon,sex_classification,Classification,F_ML_PRO_43,0.0020501084443693795,114
autogluon,sex_classification,Classification,F_ML_PRO_44,0.002509930512946331,88
autogluon,sex_classification,Classification,F_ML_PRO_45,0.0009355167503365782,204
autogluon,sex_classification,Classification,F_ML_PRO_46,0.0020757886143733316,112
autogluon,sex_classification,Classification,F_ML_PRO_47,0.0012547326810826477,173
autogluon,sex_classification,Classification,F_ML_PRO_48,0.0004907888659105195,256
autogluon,sex_classification,Classification,F_ML_PRO_49,0.0006688840626409065,234
autogluon,sex_classification,Classification,F_ML_PRO_50,0.0003981990872316284,270
autogluon,sex_classification,Classification,F_ML_PRO_51,0.000363154995282187,279
autogluon,sex_classification,Classification,F_ML_PRO_52,0.0003497914104907111,282
autogluon,sex_classification,Classification,F_ML_PRO_53,0.0006269759128790242,239
autogluon,sex_classification,Classification,F_ML_PRO_54,0.00030781880430773566,287
autogluon,sex_classification,Classification,F_ML_PRO_55,0.0002844758595678084,293
autogluon,sex_classification,Classification,F_ML_PRO_56,0.0005848705304382103,246
autogluon,sex_classification,Classification,F_ML_PRO_57,0.0005791922064145305,248
autogluon,sex_classification,Classification,F_ML_PRO_58,0.0002719057610443859,297
autogluon,sex_classification,Classification,F_ML_PRO_59,0.00032765845314710793,284
autogluon,sex_classification,Classification,F_ML_PRO_60,0.00023120418959522715,299
autogluon,sex_classification,Classification,F_ML_PRO_61,0.0002833485886256648,294
autogluon,sex_classification,Classification,F_ML_PRO_62,0.00029004194766026336,292
autogluon,sex_classification,Classification,F_ML_PRO_63,0.0004735247189130191,260
autogluon,sex_classification,Classification,F_ML_PRO_64,0.0004434346195003954,263
autogluon,sex_classification,Classification,F_ML_PRO_65,0.00035750308779861816,280
autogluon,sex_classification,Classification,F_ML_PRO_66,0.0004755450045986191,259
autogluon,sex_classification,Classification,F_ML_PRO_67,0.00029149486910098334,290
autogluon,sex_classification,Classification,F_ML_PRO_68,0.0003181388449212906,286
autogluon,sex_classification,Classification,F_ML_PRO_69,0.0004059177999867269,267
autogluon,sex_classification,Classification,F_ML_PRO_70,0.00047914747889313454,257
autogluon,sex_classification,Classification,F_ML_PRO_71,0.0002174550182148599,301
autogluon,sex_classification,Classification,F_ML_PRO_72,0.0009657750523063225,202
autogluon,sex_classification,Classification,F_ML_PRO_73,0.0017123835443640684,133
autogluon,sex_classification,Classification,F_ML_PRO_74,0.003451245856475543,60
autogluon,sex_classification,Classification,F_ML_PRO_75,0.004032204934124198,41
autogluon,sex_classification,Classification,F_ML_PRO_76,0.005590766631199105,21
autogluon,sex_classification,Classification,F_ML_PRO_77,0.007358879390757655,16
autogluon,sex_classification,Classification,F_ML_PRO_78,0.003165610327222153,67
autogluon,sex_classification,Classification,F_ML_PRO_79,0.003920348728746466,45
autogluon,sex_classification,Classification,F_ML_PRO_80,0.002187109245099715,105
autogluon,sex_classification,Classification,F_ML_PRO_81,0.00027294740749936596,296
autogluon,sex_classification,Classification,F_ML_PRO_82,0.000376925111304315,275
autogluon,sex_classification,Classification,F_ML_PRO_83,0.0009276847664023573,206
autogluon,sex_classification,Classification,F_ML_PRO_84,0.0005867856808719568,245
autogluon,sex_classification,Classification,F_ML_PRO_85,0.0015882330614216686,141
autogluon,sex_classification,Classification,F_ML_PRO_86,0.001327917443372049,169
autogluon,sex_classification,Classification,F_ML_PRO_87,0.0010181217123494484,194
autogluon,sex_classification,Classification,F_ML_PRO_88,0.0011739188799227537,178
autogluon,sex_classification,Classification,F_ML_PRO_89,0.001525457278088893,151
autogluon,sex_classification,Classification,F_ML_PRO_90,0.0016122962991917845,139
autogluon,sex_classification,Classification,F_ML_PRO_91,0.0008020778816350151,218
autogluon,sex_classification,Classification,F_ML_PRO_92,0.000974528851081947,200
autogluon,sex_classification,Classification,F_ML_PRO_93,0.0008049472038626752,217
autogluon,sex_classification,Classification,F_ML_PRO_94,0.000762812932192918,224
autogluon,sex_classification,Classification,F_ML_PRO_95,0.004626392210443947,30
autogluon,sex_classification,Classification,F_ML_PRO_96,0.003858650751990994,47
autogluon,sex_classification,Classification,F_ML_PRO_97,0.0044757518034763,31
autogluon,sex_classification,Classification,F_ML_PRO_98,0.002260986128472428,100
autogluon,sex_classification,Classification,F_ML_PRO_99,0.0015118036132313495,153
autogluon,sex_classification,Classification,F_ML_PRO_100,0.0023348216201545396,95
autogluon,sex_classification,Classification,F_ML_PRO_101,0.009578471399868414,10
